{"type":"FeatureCollection", "features": [
{"type":"Feature","geometry":{"type":"MultiPolygon","coordinates":[[[[79.796,11.7855],[79.807,11.8335],[79.7975,11.8245],[79.7395,11.8425],[79.72,11.785],[79.755,11.7755],[79.796,11.7855]]],[[[79.8075,11.8365],[79.8225,11.8765],[79.8405,11.956],[79.8185,11.978],[79.805,11.9535],[79.7845,11.96],[79.7495,11.922],[79.7445,11.965],[79.7605,11.989],[79.7475,12.008],[79.7125,11.9865],[79.6915,11.9515],[79.7405,11.9055],[79.71,11.889],[79.708,11.869],[79.74,11.8645],[79.77,11.8745],[79.8075,11.8365]]],[[[79.6185,11.8855],[79.627,11.8545],[79.658,11.8525],[79.641,11.8865],[79.6185,11.8855]]],[[[79.6375,11.981],[79.6255,11.903],[79.669,11.9185],[79.6375,11.981]]],[[[79.6965,12.0355],[79.657,11.9915],[79.6935,11.99],[79.6965,12.0355]]],[[[79.8415,10.828],[79.8525,10.8335],[79.8545,10.9835],[79.851,10.9945],[79.7465,11.0025],[79.764,10.96],[79.719,10.9685],[79.725,10.929],[79.763,10.9135],[79.777,10.8965],[79.823,10.8845],[79.821,10.8455],[79.8415,10.828]]],[[[79.857,12.007],[79.874,12.0425],[79.85,12.052],[79.8405,12.0135],[79.857,12.007]]],[[[82.228,16.7605],[82.195,16.73],[82.239,16.7165],[82.2665,16.6945],[82.3035,16.711],[82.314,16.7295],[82.2435,16.7225],[82.2175,16.733],[82.228,16.7605]]]]},"properties":{"shapeName":"Puducherry"}},
{"type":"Feature","geometry":{"type":"Polygon","coordinates":[[[80.273,18.723],[80.2445,18.7565],[80.276,18.766],[80.3,18.7945],[80.3505,18.815],[80.3495,18.848],[80.269,18.947],[80.2735,18.993],[80.305,19.027],[80.2965,19.0465],[80.3295,19.07],[80.3395,19.1],[80.3275,19.135],[80.348,19.16],[80.3855,19.179],[80.384,19.2155],[80.3985,19.247],[80.446,19.264],[80.4825,19.338],[80.5205,19.3475],[80.5625,19.399],[80.581,19.3975],[80.59,19.352],[80.6235,19.3055],[80.673,19.33],[80.6935,19.3145],[80.69,19.287],[80.711,19.2815],[80.76,19.2915],[80.775,19.3145],[80.853,19.364],[80.828,19.38],[80.812,19.407],[80.8135,19.4335],[80.8425,19.447],[80.8745,19.445],[80.8985,19.482],[80.8955,19.5195],[80.8565,19.523],[80.836,19.5665],[80.7755,19.5625],[80.77,19.5865],[80.7145,19.6165],[80.6705,19.609],[80.6765,19.6995],[80.64,19.7255],[80.5865,19.741],[80.544,19.7755],[80.5465,19.8185],[80.52,19.8315],[80.4805,19.8275],[80.468,19.7885],[80.4405,19.81],[80.469,19.827],[80.4865,19.8635],[80.506,19.8705],[80.4915,19.902],[80.45,19.8965],[80.408,19.9125],[80.4115,19.9385],[80.452,19.9575],[80.481,19.934],[80.5055,19.928],[80.539,19.952],[80.5495,19.986],[80.5425,20.0105],[80.557,20.0715],[80.544,20.0955],[80.552,20.118],[80.5055,20.1445],[80.46,20.151],[80.4295,20.136],[80.3885,20.165],[80.405,20.2185],[80.398,20.244],[80.4515,20.258],[80.491,20.276],[80.519,20.266],[80.559,20.3085],[80.6105,20.3185],[80.626,20.336],[80.6105,20.375],[80.5915,20.393],[80.6135,20.435],[80.6255,20.578],[80.6015,20.609],[80.5645,20.6035],[80.521,20.5805],[80.481,20.6185],[80.52,20.6565],[80.58,20.673],[80.5675,20.7075],[80.549,20.796],[80.562,20.8245],[80.556,20.889],[80.5345,20.9345],[80.4635,20.929],[80.426,21.006],[80.454,21.053],[80.4445,21.122],[80.4645,21.175],[80.515,21.183],[80.5295,21.205],[80.553,21.2005],[80.615,21.227],[80.644,21.2515],[80.6495,21.2745],[80.6795,21.299],[80.66,21.334],[80.6215,21.3205],[80.5665,21.3455],[80.517,21.395],[80.4575,21.4025],[80.446,21.371],[80.417,21.375],[80.3965,21.403],[80.422,21.4405],[80.384,21.49],[80.3765,21.5235],[80.331,21.5475],[80.2705,21.616],[80.2215,21.621],[80.193,21.6355],[80.1545,21.6065],[80.128,21.6115],[80.0725,21.5565],[80.033,21.556],[80.004,21.5355],[79.9715,21.5575],[79.936,21.556],[79.9185,21.5245],[79.863,21.531],[79.831,21.5465],[79.792,21.5865],[79.742,21.603],[79.6895,21.581],[79.661,21.577],[79.652,21.5555],[79.6185,21.5575],[79.5815,21.5415],[79.5405,21.5425],[79.5425,21.568],[79.512,21.584],[79.516,21.631],[79.496,21.674],[79.4605,21.6875],[79.4155,21.691],[79.3925,21.674],[79.2905,21.6925],[79.268,21.7155],[79.2365,21.716],[79.221,21.6925],[79.224,21.6485],[79.1625,21.6455],[79.13,21.6255],[79.0765,21.6055],[79.0125,21.5995],[78.9755,21.6175],[78.9435,21.592],[78.9165,21.591],[78.913,21.5505],[78.944,21.516],[78.9365,21.4855],[78.8995,21.5005],[78.8635,21.4925],[78.8005,21.49],[78.78,21.4785],[78.751,21.493],[78.728,21.462],[78.6885,21.482],[78.5855,21.4865],[78.541,21.5235],[78.505,21.5265],[78.487,21.5055],[78.4395,21.5025],[78.407,21.609],[78.3555,21.573],[78.303,21.5835],[78.2235,21.5525],[78.182,21.5565],[78.1765,21.499],[78.082,21.445],[78.046,21.4335],[77.9845,21.403],[77.9425,21.3965],[77.907,21.378],[77.857,21.3885],[77.8225,21.407],[77.7965,21.389],[77.75,21.383],[77.737,21.362],[77.71,21.3575],[77.6955,21.378],[77.6035,21.3895],[77.605,21.3625],[77.5635,21.369],[77.5635,21.393],[77.536,21.4175],[77.5145,21.376],[77.49,21.3775],[77.4735,21.4545],[77.4415,21.4715],[77.4225,21.517],[77.4255,21.538],[77.4545,21.5535],[77.508,21.551],[77.575,21.5265],[77.582,21.5535],[77.562,21.6655],[77.544,21.704],[77.5025,21.746],[77.456,21.76],[77.404,21.7525],[77.3245,21.7525],[77.2805,21.7585],[77.291,21.733],[77.26,21.714],[77.227,21.717],[77.2105,21.6895],[77.1295,21.722],[77.0625,21.707],[77.005,21.6785],[76.8975,21.596],[76.8545,21.6135],[76.8275,21.5885],[76.8005,21.595],[76.784,21.574],[76.7895,21.5365],[76.7635,21.521],[76.7955,21.4895],[76.7815,21.46],[76.7445,21.44],[76.74,21.4115],[76.6825,21.3785],[76.6215,21.332],[76.6625,21.2805],[76.623,21.185],[76.567,21.1995],[76.53,21.182],[76.4925,21.1935],[76.4375,21.1],[76.3695,21.0725],[76.2985,21.0735],[76.272,21.089],[76.1915,21.0865],[76.1355,21.1205],[76.11,21.161],[76.119,21.1715],[76.165,21.1695],[76.1595,21.253],[76.1285,21.2865],[76.1205,21.323],[76.0955,21.371],[76.048,21.349],[76.0295,21.365],[75.9865,21.3685],[75.963,21.3895],[75.9105,21.3825],[75.8905,21.3945],[75.8625,21.38],[75.803,21.3845],[75.755,21.3795],[75.7035,21.388],[75.674,21.377],[75.623,21.375],[75.588,21.389],[75.541,21.3695],[75.52,21.387],[75.426,21.3905],[75.3825,21.3795],[75.366,21.3965],[75.316,21.388],[75.2955,21.4135],[75.255,21.402],[75.207,21.413],[75.18,21.4305],[75.1075,21.462],[75.09,21.5155],[75.0515,21.5665],[74.9795,21.595],[74.9105,21.6145],[74.902,21.629],[74.838,21.622],[74.8195,21.6085],[74.7005,21.6275],[74.664,21.6525],[74.582,21.665],[74.5625,21.6835],[74.5475,21.7195],[74.5055,21.726],[74.514,21.7655],[74.4985,21.79],[74.51,21.829],[74.5095,21.9205],[74.489,21.956],[74.4535,21.962],[74.4395,21.9765],[74.443,22.022],[74.39,22.0215],[74.3535,21.98],[74.312,21.9735],[74.281,21.933],[74.193,21.926],[74.1465,21.953],[74.05,21.926],[74.0285,21.9115],[73.9295,21.8645],[73.875,21.843],[73.8265,21.8425],[73.824,21.761],[73.8665,21.719],[73.883,21.7125],[73.8935,21.6715],[73.884,21.6535],[73.8385,21.633],[73.822,21.6435],[73.788,21.634],[73.812,21.6025],[73.835,21.52],[73.8535,21.4975],[73.929,21.523],[73.966,21.5215],[73.9825,21.54],[74.0205,21.55],[74.043,21.5425],[74.11,21.556],[74.136,21.549],[74.176,21.5685],[74.2005,21.5325],[74.2195,21.546],[74.2635,21.54],[74.276,21.562],[74.303,21.552],[74.321,21.529],[74.3205,21.4985],[74.256,21.4765],[74.214,21.4815],[74.209,21.462],[74.161,21.469],[74.0945,21.4555],[74.0625,21.464],[74.0455,21.446],[74.0445,21.419],[74.0085,21.423],[73.952,21.395],[73.942,21.299],[73.8795,21.266],[73.85,21.2745],[73.823,21.265],[73.8115,21.231],[73.826,21.2],[73.8155,21.174],[73.785,21.184],[73.772,21.1645],[73.7295,21.165],[73.733,21.142],[73.5985,21.1565],[73.618,21.1185],[73.6515,21.1075],[73.7055,21.108],[73.7295,21.082],[73.78,21.0645],[73.7955,21.0445],[73.8545,20.994],[73.892,20.9795],[73.888,20.9335],[73.9175,20.9075],[73.9235,20.851],[73.94,20.8395],[73.932,20.809],[73.942,20.7425],[73.905,20.7255],[73.8745,20.7295],[73.8605,20.7],[73.8355,20.702],[73.8305,20.675],[73.8385,20.6205],[73.778,20.5995],[73.7465,20.5685],[73.6955,20.5785],[73.6695,20.563],[73.6275,20.584],[73.6225,20.614],[73.5995,20.637],[73.551,20.6485],[73.533,20.673],[73.4895,20.6555],[73.484,20.7],[73.467,20.722],[73.4485,20.692],[73.394,20.6405],[73.42,20.627],[73.431,20.594],[73.4735,20.5845],[73.479,20.5605],[73.4675,20.4965],[73.445,20.4745],[73.3995,20.3845],[73.4125,20.361],[73.4155,20.3175],[73.428,20.28],[73.411,20.2385],[73.4215,20.2065],[73.3785,20.211],[73.3435,20.1995],[73.2995,20.2095],[73.2815,20.19],[73.2805,20.155],[73.265,20.14],[73.2105,20.1205],[73.213,20.091],[73.171,20.052],[73.137,20.086],[73.056,20.099],[73.0395,20.067],[73,20.1225],[72.971,20.1155],[72.9605,20.134],[72.974,20.1585],[72.9615,20.209],[72.8995,20.2275],[72.8705,20.228],[72.818,20.184],[72.811,20.1515],[72.775,20.132],[72.7375,20.135],[72.7255,20.0815],[72.708,20.071],[72.722,19.9885],[72.7585,19.9845],[72.7725,19.9675],[72.7675,19.933],[72.7735,19.8985],[72.734,19.9105],[72.7055,19.9665],[72.6635,19.9335],[72.676,19.9205],[72.6835,19.87],[72.6545,19.8365],[72.6875,19.796],[72.685,19.758],[72.708,19.711],[72.7135,19.646],[72.742,19.6505],[72.778,19.601],[72.716,19.592],[72.7235,19.541],[72.773,19.4875],[72.7445,19.462],[72.7625,19.397],[72.76,19.3715],[72.8,19.33],[72.784,19.302],[72.7855,19.265],[72.776,19.2255],[72.7965,19.1945],[72.788,19.131],[72.8095,19.1355],[72.827,19.092],[72.8145,18.9835],[72.8025,18.972],[72.8235,18.9415],[72.8105,18.8945],[72.8685,18.7995],[72.865,18.723],[72.858,18.7],[72.8655,18.652],[72.889,18.621],[72.922,18.556],[72.895,18.4635],[72.906,18.4115],[72.9335,18.3515],[72.987,18.2885],[73.0185,18.284],[73.0285,18.2645],[73.073,18.2635],[73.068,18.2125],[73.009,18.2455],[72.979,18.2395],[72.964,18.2805],[72.9355,18.281],[72.943,18.2455],[72.9355,18.227],[72.977,18.2005],[72.987,18.1485],[72.9715,18.1315],[72.9995,18.0745],[73.0265,17.9885],[73.03,17.944],[73.051,17.932],[73.053,17.9045],[73.0715,17.8875],[73.124,17.7525],[73.136,17.7065],[73.1145,17.695],[73.1325,17.655],[73.1375,17.611],[73.176,17.574],[73.14,17.5675],[73.1425,17.545],[73.1785,17.5075],[73.1945,17.465],[73.184,17.4555],[73.1875,17.4145],[73.1765,17.389],[73.2065,17.385],[73.223,17.355],[73.2045,17.2695],[73.2235,17.2655],[73.245,17.2225],[73.273,17.12],[73.2845,17.101],[73.2875,17.053],[73.275,17.024],[73.296,16.9845],[73.28,16.898],[73.2945,16.869],[73.291,16.844],[73.318,16.795],[73.305,16.766],[73.3065,16.733],[73.329,16.685],[73.333,16.6505],[73.351,16.6125],[73.3165,16.602],[73.334,16.559],[73.314,16.5445],[73.331,16.4885],[73.359,16.4325],[73.387,16.357],[73.399,16.3005],[73.4145,16.2845],[73.416,16.248],[73.436,16.2005],[73.4565,16.129],[73.458,16.0805],[73.4835,16.036],[73.4895,15.988],[73.51,15.942],[73.5405,15.937],[73.5885,15.91],[73.629,15.848],[73.6755,15.727],[73.731,15.7215],[73.7425,15.7355],[73.785,15.7255],[73.809,15.7425],[73.8565,15.801],[73.8795,15.774],[73.875,15.7505],[73.9385,15.7425],[73.964,15.691],[73.9615,15.6415],[73.991,15.6115],[74.021,15.606],[74.031,15.6225],[74.0785,15.631],[74.1185,15.652],[74.126,15.724],[74.1615,15.7515],[74.2015,15.7585],[74.2385,15.744],[74.2685,15.755],[74.308,15.7485],[74.323,15.7725],[74.3455,15.7645],[74.372,15.7975],[74.3665,15.826],[74.345,15.8505],[74.3635,15.875],[74.3975,15.851],[74.387,15.905],[74.431,15.9565],[74.463,16.038],[74.43,16.059],[74.381,16.0355],[74.3725,16.078],[74.392,16.0825],[74.4275,16.112],[74.4815,16.089],[74.4915,16.1045],[74.485,16.1425],[74.4895,16.1775],[74.507,16.1915],[74.503,16.2255],[74.477,16.2495],[74.4175,16.258],[74.416,16.28],[74.3505,16.2755],[74.3175,16.353],[74.336,16.394],[74.3325,16.455],[74.297,16.4645],[74.264,16.54],[74.3015,16.529],[74.316,16.5545],[74.346,16.555],[74.38,16.5285],[74.3965,16.5835],[74.4635,16.6045],[74.489,16.63],[74.5445,16.6355],[74.5435,16.5955],[74.567,16.5855],[74.5685,16.554],[74.599,16.5645],[74.6335,16.591],[74.6875,16.618],[74.6535,16.639],[74.665,16.6655],[74.6895,16.6865],[74.691,16.7155],[74.7275,16.717],[74.772,16.7505],[74.8445,16.762],[74.85,16.773],[74.9195,16.7725],[74.911,16.7895],[74.9045,16.8595],[74.936,16.879],[74.9605,16.881],[74.923,16.9395],[74.9685,16.95],[75.062,16.9415],[75.085,16.9515],[75.0965,16.914],[75.1175,16.9135],[75.1365,16.8745],[75.1765,16.8675],[75.182,16.8435],[75.2275,16.843],[75.2375,16.868],[75.265,16.863],[75.29,16.904],[75.2795,16.9565],[75.3415,16.956],[75.392,16.98],[75.428,16.9665],[75.4655,16.9885],[75.4835,16.976],[75.489,16.9445],[75.5295,16.9695],[75.564,16.968],[75.5675,17.009],[75.607,17.0045],[75.608,16.971],[75.6385,16.958],[75.666,16.98],[75.677,17.0655],[75.6725,17.116],[75.6505,17.1155],[75.6285,17.1625],[75.6285,17.1885],[75.662,17.2145],[75.654,17.274],[75.628,17.2745],[75.604,17.3055],[75.61,17.345],[75.581,17.351],[75.574,17.3835],[75.606,17.3945],[75.6215,17.459],[75.633,17.477],[75.6785,17.451],[75.691,17.4095],[75.7335,17.42],[75.766,17.4055],[75.7805,17.3755],[75.815,17.3785],[75.819,17.418],[75.851,17.4105],[75.861,17.3855],[75.894,17.401],[75.8945,17.351],[75.934,17.3225],[75.9985,17.338],[76.0105,17.3525],[76.053,17.356],[76.0875,17.3365],[76.1,17.3645],[76.119,17.3705],[76.1625,17.345],[76.1965,17.3635],[76.272,17.3605],[76.2765,17.3345],[76.3175,17.3325],[76.3455,17.3545],[76.354,17.3145],[76.383,17.3145],[76.409,17.3715],[76.3635,17.3775],[76.3715,17.4365],[76.3335,17.434],[76.3305,17.47],[76.3645,17.515],[76.341,17.5425],[76.3315,17.596],[76.4195,17.6035],[76.4295,17.645],[76.4865,17.6585],[76.4875,17.715],[76.524,17.715],[76.5305,17.7585],[76.5615,17.7645],[76.5705,17.7055],[76.5885,17.708],[76.6055,17.7585],[76.628,17.7505],[76.671,17.6905],[76.691,17.6855],[76.719,17.7515],[76.721,17.788],[76.762,17.787],[76.7905,17.8265],[76.7675,17.852],[76.7385,17.8565],[76.74,17.8995],[76.768,17.901],[76.775,17.8775],[76.8525,17.9005],[76.8845,17.8945],[76.9205,17.9415],[76.9055,18.0095],[76.9145,18.0355],[76.945,18.0485],[76.9545,18.1105],[76.9205,18.118],[76.952,18.188],[76.9905,18.19],[77.001,18.161],[77.0235,18.1585],[77.033,18.182],[77.064,18.1505],[77.1115,18.156],[77.0975,18.1965],[77.14,18.2075],[77.175,18.285],[77.213,18.2805],[77.212,18.3165],[77.2295,18.348],[77.226,18.365],[77.242,18.4125],[77.315,18.4425],[77.3535,18.4475],[77.373,18.401],[77.414,18.393],[77.395,18.3685],[77.366,18.307],[77.409,18.3015],[77.4285,18.3125],[77.4475,18.27],[77.4925,18.267],[77.524,18.308],[77.5515,18.292],[77.5715,18.309],[77.558,18.3315],[77.5315,18.3385],[77.5255,18.3725],[77.5515,18.389],[77.56,18.4375],[77.5855,18.447],[77.573,18.47],[77.6005,18.5275],[77.5965,18.549],[77.6395,18.555],[77.6515,18.5325],[77.7015,18.555],[77.7385,18.557],[77.7505,18.589],[77.73,18.667],[77.76,18.707],[77.79,18.695],[77.84,18.805],[77.9065,18.8265],[77.9345,18.8225],[77.949,18.8435],[77.9035,18.8665],[77.885,18.9005],[77.8435,18.9085],[77.8585,18.949],[77.8165,18.9475],[77.822,18.9785],[77.791,18.983],[77.762,19.032],[77.765,19.0625],[77.8005,19.051],[77.8045,19.1005],[77.8315,19.086],[77.851,19.092],[77.8355,19.138],[77.8605,19.1805],[77.8475,19.1895],[77.875,19.259],[77.8635,19.304],[77.9115,19.3165],[77.945,19.3425],[78.0425,19.2705],[78.0555,19.237],[78.117,19.2485],[78.1445,19.2295],[78.1755,19.2375],[78.1765,19.2785],[78.194,19.315],[78.172,19.3595],[78.1925,19.4065],[78.22,19.433],[78.2445,19.429],[78.2685,19.4485],[78.3045,19.456],[78.309,19.481],[78.2745,19.554],[78.3035,19.5695],[78.3055,19.607],[78.2905,19.646],[78.2625,19.665],[78.276,19.6925],[78.312,19.691],[78.343,19.713],[78.3645,19.781],[78.3575,19.8055],[78.334,19.8145],[78.3365,19.838],[78.3015,19.8405],[78.299,19.875],[78.307,19.9145],[78.337,19.883],[78.3805,19.8805],[78.386,19.846],[78.423,19.8175],[78.4725,19.8175],[78.485,19.796],[78.515,19.819],[78.552,19.824],[78.7015,19.7865],[78.724,19.768],[78.7865,19.7765],[78.797,19.76],[78.8405,19.7565],[78.86,19.6895],[78.852,19.6585],[78.8865,19.655],[78.9035,19.67],[78.9555,19.656],[78.9555,19.6],[78.9665,19.574],[78.9465,19.5615],[78.998,19.54],[79.046,19.5485],[79.1055,19.5225],[79.1615,19.4885],[79.1905,19.459],[79.2235,19.469],[79.204,19.494],[79.24,19.5355],[79.237,19.557],[79.273,19.599],[79.307,19.5965],[79.3185,19.5765],[79.3655,19.5765],[79.4055,19.5355],[79.4335,19.5375],[79.469,19.5095],[79.4985,19.5055],[79.5185,19.52],[79.5185,19.543],[79.54,19.5545],[79.553,19.524],[79.584,19.509],[79.603,19.5145],[79.614,19.5595],[79.6295,19.574],[79.709,19.5845],[79.7355,19.605],[79.7785,19.5995],[79.8165,19.574],[79.8285,19.5435],[79.8645,19.5105],[79.9145,19.496],[79.945,19.47],[79.9475,19.4495],[79.9725,19.416],[79.9795,19.3885],[79.959,19.336],[79.9655,19.313],[79.931,19.251],[79.9255,19.2105],[79.946,19.1695],[79.874,19.124],[79.859,19.093],[79.8685,19.0445],[79.932,19.048],[79.9415,18.992],[79.957,18.943],[79.9535,18.9045],[79.9615,18.8665],[79.914,18.824],[79.964,18.774],[80.0185,18.7705],[80.053,18.725],[80.1245,18.6815],[80.156,18.7005],[80.1995,18.683],[80.213,18.7055],[80.2485,18.7065],[80.273,18.723]]]},"properties":{"shapeName":"Mahārāshtra"}},
{"type":"Feature","geometry":{"type":"Polygon","coordinates":[[[95.234,26.6825],[95.233,26.706],[95.21,26.729],[95.231,26.765],[95.1815,26.8615],[95.2305,26.8835],[95.23,26.9225],[95.2065,26.942],[95.2115,26.9665],[95.1915,26.985],[95.1945,27.0315],[95.112,26.981],[95.081,26.95],[95.034,26.9355],[95.0165,26.921],[94.967,26.9235],[94.961,26.937],[94.9145,26.937],[94.866,26.909],[94.85,26.8745],[94.8175,26.8475],[94.7995,26.8],[94.7675,26.7855],[94.6925,26.732],[94.653,26.719],[94.597,26.7345],[94.59,26.6965],[94.539,26.7065],[94.4925,26.666],[94.46,26.6615],[94.4595,26.637],[94.403,26.6105],[94.412,26.583],[94.395,26.5335],[94.347,26.486],[94.2935,26.471],[94.281,26.5485],[94.256,26.5415],[94.2365,26.506],[94.2075,26.4865],[94.1715,26.43],[94.1775,26.382],[94.1715,26.338],[94.1195,26.329],[94.0745,26.2835],[94.0745,26.2645],[94.0475,26.2495],[94.032,26.1975],[94.0075,26.1825],[93.989,26.1285],[93.998,26.1095],[93.9875,26.067],[93.9625,26.0365],[93.954,25.9695],[93.9685,25.9575],[93.9785,25.917],[93.916,25.884],[93.876,25.8425],[93.852,25.8585],[93.7875,25.816],[93.7775,25.85],[93.7955,25.8925],[93.787,25.9465],[93.768,25.9675],[93.737,25.925],[93.6815,25.9045],[93.702,25.8515],[93.668,25.822],[93.646,25.8225],[93.6175,25.776],[93.586,25.766],[93.555,25.7335],[93.531,25.6925],[93.4815,25.6445],[93.4445,25.6395],[93.4015,25.611],[93.364,25.5615],[93.327,25.545],[93.355,25.525],[93.387,25.466],[93.4155,25.445],[93.4555,25.4345],[93.473,25.386],[93.4515,25.354],[93.454,25.325],[93.467,25.3115],[93.472,25.3035],[93.4735,25.2935],[93.472,25.2715],[93.506,25.2695],[93.5015,25.2425],[93.563,25.241],[93.605,25.199],[93.637,25.2635],[93.6815,25.329],[93.6865,25.36],[93.7095,25.357],[93.7345,25.3945],[93.7835,25.433],[93.81,25.484],[93.7875,25.503],[93.758,25.5075],[93.7675,25.5335],[93.821,25.553],[93.871,25.555],[93.8885,25.565],[93.9455,25.557],[94.0045,25.5655],[94.013,25.5925],[94.048,25.5755],[94.088,25.531],[94.133,25.5185],[94.15,25.543],[94.186,25.5315],[94.2215,25.491],[94.299,25.5075],[94.355,25.512],[94.3855,25.5325],[94.4165,25.5365],[94.425,25.5865],[94.469,25.614],[94.505,25.6135],[94.584,25.685],[94.59,25.6365],[94.5565,25.5905],[94.5645,25.5635],[94.554,25.5025],[94.568,25.501],[94.616,25.4625],[94.6755,25.4455],[94.6925,25.4655],[94.744,25.481],[94.7845,25.481],[94.8055,25.492],[94.8255,25.5425],[94.915,25.6075],[94.9355,25.667],[94.97,25.6885],[94.992,25.72],[95.041,25.7425],[95.0495,25.7925],[95.0295,25.8405],[95.009,25.867],[95.0115,25.898],[95.0325,25.925],[95.097,25.9575],[95.159,26.025],[95.1855,26.0735],[95.1645,26.0925],[95.1175,26.101],[95.122,26.185],[95.1425,26.2115],[95.1145,26.2325],[95.128,26.3015],[95.121,26.3495],[95.132,26.3775],[95.0965,26.4005],[95.104,26.4205],[95.0615,26.45],[95.1155,26.524],[95.107,26.5415],[95.1545,26.583],[95.149,26.616],[95.181,26.643],[95.2085,26.648],[95.234,26.6825]]]},"properties":{"shapeName":"Nāgāland"}},
{"type":"Feature","geometry":{"type":"Polygon","coordinates":[[[73.0485,8.266],[73.056,8.282],[73.0405,8.272],[73.0485,8.266]]]},"properties":{"shapeName":"Lakshadweep"}},
{"type":"Feature","geometry":{"type":"MultiPolygon","coordinates":[[[[79.3955,25.032],[79.424,25.045],[79.405,25.0785],[79.3795,25.0855],[79.369,25.059],[79.3955,25.032]]],[[[77.576,30.3975],[77.5855,30.3795],[77.6045,30.3685],[77.5785,30.33],[77.5865,30.315],[77.5455,30.281],[77.477,30.1825],[77.456,30.163],[77.428,30.163],[77.405,30.089],[77.3825,30.0925],[77.3345,30.054],[77.285,30.0425],[77.276,29.996],[77.247,29.9765],[77.2175,29.9235],[77.19,29.9135],[77.1975,29.859],[77.178,29.846],[77.179,29.8125],[77.1465,29.772],[77.134,29.7185],[77.1555,29.6995],[77.1315,29.642],[77.106,29.6325],[77.105,29.572],[77.121,29.5665],[77.0965,29.5195],[77.1335,29.483],[77.123,29.4555],[77.1485,29.434],[77.133,29.419],[77.1245,29.3515],[77.161,29.3325],[77.139,29.268],[77.1495,29.25],[77.1335,29.2235],[77.147,29.1805],[77.136,29.142],[77.149,29.1175],[77.134,29.096],[77.164,29.0795],[77.2025,28.987],[77.1965,28.9375],[77.233,28.9185],[77.228,28.881],[77.21,28.858],[77.2245,28.8255],[77.1995,28.798],[77.2355,28.761],[77.306,28.7135],[77.3255,28.709],[77.3165,28.641],[77.3425,28.622],[77.337,28.602],[77.2985,28.58],[77.304,28.5525],[77.3455,28.5135],[77.4,28.4555],[77.4335,28.455],[77.4415,28.4285],[77.4775,28.419],[77.505,28.3625],[77.471,28.335],[77.507,28.3055],[77.4925,28.252],[77.519,28.2425],[77.5495,28.18],[77.502,28.161],[77.5095,28.12],[77.4825,28.107],[77.478,28.0805],[77.501,28.0585],[77.545,27.9535],[77.5165,27.9335],[77.4795,27.9215],[77.4735,27.8845],[77.45,27.871],[77.4105,27.88],[77.4105,27.852],[77.377,27.857],[77.335,27.8475],[77.331,27.831],[77.2835,27.801],[77.3105,27.783],[77.3195,27.7335],[77.304,27.711],[77.341,27.7035],[77.346,27.6395],[77.317,27.607],[77.3345,27.5915],[77.34,27.5265],[77.401,27.4975],[77.4015,27.4765],[77.438,27.4565],[77.421,27.422],[77.44,27.3905],[77.507,27.377],[77.548,27.337],[77.577,27.328],[77.6125,27.332],[77.622,27.313],[77.6055,27.2905],[77.653,27.235],[77.645,27.217],[77.681,27.1945],[77.6585,27.17],[77.5975,27.139],[77.598,27.118],[77.5505,27.1115],[77.5265,27.078],[77.5715,27.072],[77.567,27.047],[77.602,27.0225],[77.6895,27.0265],[77.712,26.997],[77.733,27.0235],[77.7595,27.018],[77.7435,26.983],[77.661,26.971],[77.583,26.924],[77.49,26.9005],[77.398,26.8305],[77.437,26.7845],[77.467,26.7735],[77.517,26.826],[77.5575,26.8175],[77.6745,26.8575],[77.6865,26.875],[77.7225,26.8745],[77.7175,26.8975],[77.7325,26.92],[77.7745,26.932],[77.8775,26.9025],[77.9065,26.918],[77.9485,26.8935],[77.987,26.8895],[78.048,26.9075],[78.096,26.894],[78.12,26.9215],[78.1245,26.9495],[78.2165,26.935],[78.2715,26.921],[78.234,26.876],[78.202,26.8665],[78.223,26.8305],[78.2625,26.813],[78.2735,26.842],[78.3055,26.8625],[78.3695,26.866],[78.395,26.817],[78.428,26.826],[78.4605,26.7875],[78.521,26.7805],[78.5725,26.7515],[78.6085,26.7495],[78.63,26.773],[78.675,26.766],[78.6805,26.786],[78.7215,26.7965],[78.772,26.77],[78.816,26.7625],[78.8715,26.698],[78.9095,26.707],[78.9555,26.692],[78.9425,26.658],[78.9935,26.6775],[78.9935,26.641],[79.0165,26.6005],[78.9875,26.593],[79.019,26.541],[79.068,26.4965],[79.07,26.442],[79.122,26.447],[79.1235,26.4115],[79.089,26.3965],[79.0965,26.3725],[79.123,26.347],[79.1155,26.3205],[79.09,26.288],[79.0645,26.277],[79.0635,26.226],[79.026,26.22],[78.9945,26.146],[78.967,26.15],[78.9635,26.122],[79.012,26.083],[79.0025,26.0665],[78.9485,26.028],[78.9555,25.995],[78.937,25.953],[78.908,25.9345],[78.887,25.883],[78.8525,25.8565],[78.8285,25.7955],[78.8085,25.801],[78.7705,25.749],[78.7635,25.72],[78.793,25.7055],[78.8165,25.6765],[78.812,25.621],[78.742,25.597],[78.732,25.6065],[78.679,25.5855],[78.6585,25.56],[78.598,25.5705],[78.5445,25.5615],[78.4935,25.5785],[78.421,25.54],[78.417,25.502],[78.4285,25.488],[78.395,25.444],[78.3395,25.4265],[78.3405,25.3995],[78.308,25.381],[78.344,25.3285],[78.3115,25.305],[78.3725,25.26],[78.3955,25.188],[78.4165,25.1835],[78.427,25.1465],[78.3835,25.1015],[78.3385,25.0865],[78.3475,25.0215],[78.334,24.995],[78.224,24.9155],[78.2105,24.895],[78.1735,24.879],[78.1735,24.8465],[78.1935,24.8425],[78.2355,24.7715],[78.226,24.747],[78.2575,24.704],[78.2765,24.663],[78.264,24.651],[78.278,24.6145],[78.2645,24.552],[78.2295,24.5375],[78.2495,24.4835],[78.268,24.479],[78.2695,24.447],[78.366,24.386],[78.3315,24.3345],[78.348,24.2995],[78.3795,24.283],[78.392,24.263],[78.431,24.284],[78.444,24.3195],[78.478,24.339],[78.4745,24.3565],[78.502,24.3905],[78.596,24.3355],[78.66,24.2675],[78.6685,24.24],[78.703,24.227],[78.7255,24.2365],[78.7645,24.231],[78.7895,24.177],[78.8065,24.1785],[78.847,24.214],[78.888,24.227],[78.8845,24.2505],[78.9165,24.269],[78.9095,24.298],[78.941,24.3155],[78.963,24.344],[78.9935,24.4225],[78.986,24.4415],[78.9475,24.4365],[78.915,24.458],[78.9205,24.4995],[78.9475,24.5025],[78.9465,24.557],[78.92,24.575],[78.9125,24.6],[78.877,24.642],[78.8435,24.6235],[78.8345,24.6045],[78.784,24.5885],[78.752,24.6],[78.747,24.6625],[78.781,24.709],[78.77,24.758],[78.7745,24.7945],[78.79,24.811],[78.77,24.859],[78.6765,24.8985],[78.6635,24.9385],[78.6315,24.9615],[78.644,24.9845],[78.6525,25.0505],[78.628,25.086],[78.602,25.095],[78.603,25.147],[78.5705,25.205],[78.562,25.264],[78.5125,25.2765],[78.533,25.301],[78.542,25.345],[78.585,25.347],[78.587,25.3725],[78.608,25.415],[78.6395,25.405],[78.658,25.441],[78.7055,25.4205],[78.6625,25.382],[78.7155,25.3715],[78.7265,25.3435],[78.7745,25.353],[78.7485,25.41],[78.775,25.42],[78.732,25.4575],[78.733,25.484],[78.768,25.4695],[78.7965,25.483],[78.8185,25.4715],[78.8485,25.4365],[78.866,25.4655],[78.8415,25.5125],[78.8845,25.5155],[78.895,25.5555],[78.953,25.5375],[78.9225,25.516],[78.944,25.483],[78.9325,25.4305],[78.958,25.4405],[78.9765,25.42],[78.953,25.4],[78.88,25.386],[78.8515,25.3575],[78.8345,25.323],[78.788,25.296],[78.852,25.231],[78.8665,25.2805],[78.864,25.31],[78.882,25.3435],[78.9375,25.327],[78.964,25.2995],[78.9375,25.2595],[78.917,25.2735],[78.874,25.1915],[78.8905,25.1605],[78.921,25.2005],[78.954,25.219],[78.9945,25.273],[79.012,25.2725],[79.0335,25.234],[79.0635,25.222],[79.031,25.185],[79.0295,25.144],[79.051,25.1345],[79.0815,25.1815],[79.126,25.1615],[79.116,25.14],[79.124,25.111],[79.1595,25.1075],[79.1865,25.144],[79.204,25.1255],[79.246,25.1335],[79.283,25.1175],[79.3135,25.136],[79.307,25.225],[79.3445,25.2175],[79.345,25.252],[79.3165,25.256],[79.2705,25.3095],[79.3,25.3375],[79.342,25.329],[79.336,25.288],[79.447,25.2445],[79.412,25.1825],[79.3935,25.173],[79.384,25.143],[79.4055,25.106],[79.4265,25.119],[79.4915,25.0795],[79.525,25.0975],[79.519,25.118],[79.5605,25.17],[79.6,25.128],[79.6215,25.135],[79.6705,25.1225],[79.7485,25.1395],[79.824,25.1085],[79.866,25.141],[79.87,25.1725],[79.851,25.227],[79.878,25.251],[79.9165,25.2445],[79.953,25.2645],[80.005,25.267],[80.0335,25.342],[80.0725,25.337],[80.089,25.356],[80.131,25.334],[80.196,25.402],[80.2535,25.401],[80.264,25.424],[80.2885,25.417],[80.3155,25.389],[80.3225,25.332],[80.311,25.2865],[80.348,25.2785],[80.408,25.218],[80.4315,25.1775],[80.42,25.163],[80.358,25.1425],[80.376,25.1165],[80.3525,25.0925],[80.3315,25.048],[80.2735,25.026],[80.3205,25.003],[80.3835,25.0355],[80.3925,25.064],[80.4515,25.062],[80.444,25.021],[80.456,24.9815],[80.4765,24.9765],[80.501,25.0045],[80.5495,25.0025],[80.5475,25.025],[80.503,25.0455],[80.5065,25.084],[80.5525,25.063],[80.6195,25.108],[80.624,25.089],[80.6775,25.078],[80.691,25.052],[80.729,25.067],[80.7665,25.053],[80.7835,25.076],[80.752,25.0925],[80.7275,25.1185],[80.7605,25.1345],[80.8365,25.134],[80.845,25.185],[80.8825,25.183],[80.9035,25.1595],[80.8685,25.1155],[80.878,25.0655],[80.8465,25.0445],[80.8365,25.0225],[80.852,24.9885],[80.824,24.968],[80.8085,24.9385],[80.8375,24.9285],[80.9465,24.9665],[80.9475,24.941],[80.9965,24.928],[81.0335,24.9525],[81.085,24.9495],[81.0965,24.921],[81.1395,24.8875],[81.16,24.9135],[81.168,24.955],[81.2155,24.933],[81.2265,25.0015],[81.269,25.0675],[81.2595,25.076],[81.266,25.1395],[81.289,25.162],[81.3345,25.1695],[81.3605,25.1605],[81.393,25.131],[81.4385,25.1305],[81.4695,25.0795],[81.5015,25.078],[81.5095,25.1055],[81.484,25.116],[81.5125,25.1775],[81.5785,25.191],[81.5885,25.166],[81.624,25.1565],[81.597,25.119],[81.6215,25.09],[81.6115,25.0565],[81.6525,25.071],[81.686,25.0585],[81.707,25.035],[81.746,25.0335],[81.7925,25.0045],[81.835,25.0175],[81.8535,25.0025],[81.891,24.996],[81.908,24.98],[81.9195,24.928],[81.9035,24.899],[81.9605,24.837],[82.0315,24.84],[82.0715,24.819],[82.0975,24.816],[82.1155,24.7845],[82.1385,24.7995],[82.167,24.7855],[82.2065,24.796],[82.2035,24.7605],[82.2555,24.7475],[82.251,24.7115],[82.235,24.671],[82.281,24.6755],[82.3035,24.654],[82.3015,24.6075],[82.339,24.6205],[82.364,24.5975],[82.416,24.591],[82.4065,24.6815],[82.4295,24.7025],[82.457,24.6735],[82.5235,24.676],[82.539,24.648],[82.671,24.697],[82.7015,24.675],[82.707,24.636],[82.774,24.642],[82.769,24.6035],[82.801,24.58],[82.748,24.5615],[82.7205,24.514],[82.7435,24.4985],[82.7135,24.3805],[82.7255,24.368],[82.7685,24.371],[82.773,24.3075],[82.7555,24.261],[82.759,24.237],[82.7365,24.223],[82.7445,24.1655],[82.711,24.1365],[82.678,24.153],[82.6655,24.1245],[82.733,24.0785],[82.774,24.076],[82.7475,24.027],[82.7505,24.0125],[82.8065,23.998],[82.8105,23.963],[82.861,23.939],[82.8845,23.909],[82.927,23.8925],[82.948,23.8715],[83.0525,23.8795],[83.075,23.87],[83.1415,23.885],[83.1595,23.9075],[83.216,23.938],[83.2235,23.9865],[83.279,24.0185],[83.282,24.05],[83.2995,24.079],[83.33,24.1015],[83.354,24.125],[83.383,24.198],[83.3785,24.2305],[83.409,24.2665],[83.4015,24.2955],[83.38,24.313],[83.4115,24.34],[83.4335,24.339],[83.4485,24.37],[83.3855,24.4515],[83.4015,24.5035],[83.5035,24.5255],[83.53,24.5675],[83.527,24.63],[83.5005,24.6515],[83.5205,24.6775],[83.4955,24.7045],[83.4895,24.7365],[83.4535,24.735],[83.428,24.768],[83.3915,24.79],[83.4015,24.8195],[83.377,24.86],[83.363,24.9095],[83.3615,24.9535],[83.343,24.9635],[83.3505,25.009],[83.32,25.0175],[83.3435,25.051],[83.35,25.1135],[83.368,25.13],[83.3515,25.157],[83.354,25.189],[83.396,25.2075],[83.41,25.2465],[83.462,25.2505],[83.4855,25.2795],[83.5055,25.281],[83.5615,25.3135],[83.642,25.34],[83.66,25.364],[83.7175,25.3975],[83.7555,25.4045],[83.7895,25.397],[83.808,25.409],[83.833,25.4575],[83.856,25.468],[83.921,25.552],[83.9575,25.57],[84.0175,25.615],[84.0815,25.6365],[84.075,25.6955],[84.1045,25.721],[84.1545,25.7275],[84.199,25.702],[84.206,25.67],[84.223,25.6625],[84.294,25.66],[84.324,25.6705],[84.3285,25.731],[84.3645,25.742],[84.4295,25.711],[84.462,25.709],[84.52,25.675],[84.562,25.6865],[84.5605,25.737],[84.6005,25.7385],[84.6235,25.771],[84.625,25.792],[84.551,25.8405],[84.534,25.8765],[84.511,25.8715],[84.4275,25.8915],[84.412,25.931],[84.354,25.959],[84.312,25.944],[84.245,25.976],[84.207,26],[84.176,25.9965],[84.1725,26.0245],[84.0885,26.1005],[84.056,26.1],[84.034,26.1605],[84.0095,26.1755],[84.026,26.2045],[84.019,26.239],[84.0805,26.2225],[84.177,26.265],[84.186,26.313],[84.173,26.3335],[84.1755,26.373],[84.1215,26.385],[84.0685,26.3885],[84.0415,26.4075],[84.0175,26.4475],[83.9915,26.4325],[83.911,26.4495],[83.907,26.509],[83.9765,26.5335],[84.007,26.5255],[84.048,26.5365],[84.066,26.577],[84.09,26.607],[84.0885,26.635],[84.1585,26.636],[84.2845,26.5995],[84.3545,26.62],[84.4095,26.623],[84.4105,26.67],[84.3305,26.684],[84.326,26.714],[84.306,26.7495],[84.286,26.75],[84.256,26.727],[84.2325,26.7535],[84.26,26.807],[84.254,26.8565],[84.2195,26.8715],[84.19,26.8585],[84.182,26.8335],[84.1405,26.8525],[84.1415,26.887],[84.084,26.8775],[84.0525,26.9065],[84.0565,26.9895],[84.046,27.005],[84.047,27.046],[84.0055,27.0605],[84.028,27.085],[84.0165,27.1055],[83.9645,27.084],[83.9475,27.1125],[83.979,27.165],[83.987,27.1975],[83.954,27.236],[83.912,27.246],[83.9045,27.2725],[83.929,27.2915],[83.925,27.322],[83.9025,27.3265],[83.8715,27.3075],[83.837,27.3225],[83.8635,27.344],[83.831,27.37],[83.615,27.4695],[83.388,27.4795],[83.4025,27.457],[83.385,27.436],[83.405,27.4185],[83.388,27.3755],[83.36,27.3435],[83.338,27.3335],[83.295,27.334],[83.266,27.366],[83.2725,27.3835],[83.211,27.423],[83.1885,27.454],[83.162,27.4575],[83.035,27.449],[82.969,27.4635],[82.929,27.501],[82.802,27.4965],[82.735,27.5025],[82.7495,27.5225],[82.737,27.5475],[82.754,27.5865],[82.7355,27.6095],[82.739,27.6375],[82.7125,27.6635],[82.709,27.7175],[82.605,27.706],[82.541,27.686],[82.5165,27.6915],[82.4735,27.6775],[82.449,27.6795],[82.4025,27.704],[82.368,27.7435],[82.3035,27.7735],[82.2075,27.8435],[82.1535,27.867],[82.1215,27.8655],[82.07,27.9235],[81.968,27.929],[81.926,27.8765],[81.9,27.8535],[81.833,27.8975],[81.8045,27.903],[81.699,27.9875],[81.6435,27.993],[81.551,28.047],[81.478,28.0825],[81.484,28.1185],[81.45,28.1405],[81.445,28.1615],[81.414,28.1745],[81.3715,28.1605],[81.3655,28.141],[81.318,28.145],[81.3205,28.197],[81.291,28.223],[81.2325,28.289],[81.234,28.326],[81.2105,28.3605],[81.123,28.3755],[81.0165,28.416],[80.998,28.452],[80.9785,28.434],[80.905,28.4665],[80.9085,28.498],[80.875,28.511],[80.8555,28.4975],[80.784,28.5295],[80.7685,28.566],[80.7145,28.5685],[80.6515,28.6345],[80.611,28.6385],[80.58,28.6605],[80.5905,28.68],[80.5395,28.69],[80.5035,28.6645],[80.523,28.5535],[80.472,28.5915],[80.4625,28.6215],[80.4155,28.6395],[80.3775,28.6285],[80.3255,28.6665],[80.317,28.7005],[80.2775,28.711],[80.2565,28.729],[80.2505,28.7575],[80.216,28.7545],[80.1715,28.782],[80.1195,28.8275],[80.0755,28.8235],[80.065,28.8365],[80.068,28.803],[80.03,28.7485],[79.954,28.723],[79.924,28.773],[79.873,28.7975],[79.8785,28.815],[79.8455,28.874],[79.8,28.8875],[79.7885,28.873],[79.749,28.872],[79.7065,28.841],[79.656,28.87],[79.6215,28.8645],[79.5845,28.8465],[79.5845,28.879],[79.5565,28.8995],[79.533,28.87],[79.4255,28.8665],[79.428,28.92],[79.4075,28.9525],[79.3905,28.9475],[79.3565,28.968],[79.3075,28.9665],[79.222,29.0195],[79.1825,29.016],[79.172,29.045],[79.1425,29.067],[79.15,29.1185],[79.1195,29.126],[79.0505,29.157],[79.0265,29.1125],[78.9915,29.1305],[78.927,29.118],[78.8965,29.1935],[78.8765,29.2255],[78.851,29.237],[78.82,29.232],[78.79,29.2475],[78.765,29.2795],[78.736,29.297],[78.732,29.3175],[78.7665,29.3375],[78.7955,29.325],[78.822,29.359],[78.84,29.346],[78.8785,29.366],[78.9185,29.4035],[78.9255,29.434],[78.7995,29.4645],[78.745,29.501],[78.711,29.5005],[78.6505,29.546],[78.6175,29.558],[78.541,29.627],[78.5215,29.658],[78.5165,29.7195],[78.454,29.746],[78.4285,29.7645],[78.3925,29.7675],[78.3355,29.7965],[78.2925,29.759],[78.246,29.7345],[78.204,29.7375],[78.1805,29.697],[78.1305,29.6525],[78.057,29.6265],[78.015,29.5875],[77.973,29.5805],[77.9405,29.593],[77.9485,29.617],[77.976,29.6175],[77.97,29.6665],[77.9495,29.68],[77.9455,29.713],[77.9125,29.696],[77.8825,29.7025],[77.83,29.6685],[77.799,29.686],[77.8105,29.7025],[77.7695,29.7175],[77.7805,29.765],[77.7745,29.791],[77.7515,29.8105],[77.7235,29.855],[77.7185,29.8875],[77.748,29.911],[77.7305,29.9315],[77.7335,29.956],[77.762,30.0095],[77.77,30.0425],[77.7995,30.0875],[77.828,30.086],[77.866,30.119],[77.881,30.151],[77.912,30.1825],[77.919,30.2115],[77.944,30.2395],[77.8855,30.267],[77.839,30.2745],[77.761,30.3185],[77.722,30.3305],[77.6895,30.377],[77.648,30.4045],[77.576,30.3975]]]]},"properties":{"shapeName":"Uttar Pradesh"}},
{"type":"Feature","geometry":{"type":"Polygon","coordinates":[[[79.807,11.8335],[79.8075,11.8365],[79.77,11.8745],[79.74,11.8645],[79.708,11.869],[79.71,11.889],[79.7405,11.9055],[79.6915,11.9515],[79.7125,11.9865],[79.7475,12.008],[79.7605,11.989],[79.7445,11.965],[79.7495,11.922],[79.7845,11.96],[79.805,11.9535],[79.8185,11.978],[79.8405,11.956],[79.857,12.007],[79.8405,12.0135],[79.85,12.052],[79.874,12.0425],[79.9015,12.0915],[80.057,12.326],[80.1375,12.4105],[80.154,12.4485],[80.1615,12.512],[80.1855,12.5745],[80.201,12.632],[80.2545,12.781],[80.248,12.8305],[80.2605,12.944],[80.2865,13.061],[80.3135,13.168],[80.3445,13.276],[80.347,13.3135],[80.3295,13.404],[80.326,13.4455],[80.3075,13.467],[80.2685,13.5645],[80.242,13.4705],[80.226,13.485],[80.145,13.4915],[80.1125,13.506],[80.078,13.489],[80.077,13.5265],[80.0285,13.539],[80.027,13.5135],[80.008,13.4785],[79.9725,13.469],[79.9735,13.4295],[79.9395,13.425],[79.9445,13.397],[79.9625,13.3915],[79.938,13.3555],[79.868,13.331],[79.863,13.317],[79.809,13.3175],[79.7915,13.2935],[79.768,13.314],[79.735,13.276],[79.7945,13.242],[79.76,13.2075],[79.739,13.2295],[79.712,13.218],[79.709,13.251],[79.694,13.28],[79.6425,13.29],[79.6275,13.27],[79.606,13.288],[79.5825,13.2575],[79.54,13.2725],[79.5375,13.3385],[79.495,13.345],[79.4315,13.3365],[79.388,13.318],[79.39,13.2975],[79.4305,13.3005],[79.4175,13.272],[79.4185,13.243],[79.453,13.2385],[79.454,13.217],[79.433,13.1925],[79.392,13.1925],[79.38,13.163],[79.356,13.1645],[79.3605,13.1235],[79.307,13.1055],[79.284,13.123],[79.2775,13.156],[79.245,13.1385],[79.2345,13.1055],[79.1785,13.059],[79.185,13.03],[79.163,13.0205],[79.1075,13.0385],[79.081,13.026],[79.0635,13.053],[79.0345,13.07],[78.9825,13.0865],[78.9555,13.076],[78.924,13.081],[78.8915,13.033],[78.8955,13.095],[78.875,13.097],[78.842,13.0785],[78.813,13.089],[78.7945,13.0665],[78.752,13.055],[78.7145,13.0685],[78.705,13.0155],[78.656,13.031],[78.6555,13.0155],[78.621,12.9915],[78.652,12.929],[78.6335,12.932],[78.6015,12.851],[78.6075,12.822],[78.5925,12.7825],[78.5615,12.7615],[78.5615,12.71],[78.541,12.6905],[78.505,12.743],[78.504,12.682],[78.468,12.676],[78.4715,12.632],[78.3795,12.625],[78.3015,12.6675],[78.276,12.702],[78.2445,12.7065],[78.231,12.7605],[78.184,12.7765],[78.134,12.782],[78.09,12.8175],[78.0765,12.8395],[78.0305,12.8525],[78.0185,12.831],[77.99,12.8215],[77.9645,12.833],[77.9405,12.8235],[77.917,12.839],[77.9415,12.873],[77.9295,12.891],[77.8905,12.8695],[77.836,12.8705],[77.799,12.8515],[77.7985,12.795],[77.7635,12.737],[77.7645,12.701],[77.7405,12.7],[77.74,12.673],[77.6785,12.6605],[77.66,12.684],[77.599,12.667],[77.606,12.629],[77.591,12.6155],[77.5795,12.573],[77.587,12.515],[77.6345,12.4875],[77.6205,12.383],[77.613,12.361],[77.5785,12.3355],[77.566,12.3065],[77.527,12.279],[77.4875,12.2805],[77.471,12.2435],[77.472,12.208],[77.5185,12.1945],[77.546,12.2045],[77.5655,12.1965],[77.6105,12.206],[77.7275,12.1815],[77.757,12.1305],[77.774,12.1205],[77.7555,12.08],[77.7275,12.062],[77.6965,12.016],[77.669,11.949],[77.624,11.9475],[77.6035,11.938],[77.561,11.942],[77.538,11.9325],[77.493,11.9415],[77.4905,11.9085],[77.464,11.894],[77.466,11.85],[77.442,11.7835],[77.428,11.767],[77.3945,11.7875],[77.335,11.7715],[77.294,11.809],[77.2615,11.8105],[77.2385,11.795],[77.189,11.7925],[77.1105,11.7735],[77.1115,11.743],[77.0825,11.74],[77.0385,11.794],[77.013,11.8145],[76.9935,11.8095],[76.97,11.777],[76.908,11.7955],[76.8885,11.734],[76.8625,11.711],[76.8335,11.649],[76.858,11.614],[76.823,11.608],[76.757,11.6185],[76.6715,11.616],[76.614,11.6075],[76.567,11.619],[76.5505,11.6745],[76.5115,11.705],[76.458,11.6645],[76.4315,11.6665],[76.427,11.6335],[76.388,11.6295],[76.378,11.602],[76.296,11.59],[76.265,11.594],[76.2335,11.568],[76.2445,11.525],[76.2645,11.4815],[76.2845,11.483],[76.326,11.454],[76.342,11.4675],[76.3685,11.4565],[76.4605,11.389],[76.548,11.359],[76.542,11.2965],[76.5215,11.2705],[76.453,11.2395],[76.449,11.2055],[76.5095,11.2085],[76.534,11.1855],[76.601,11.1975],[76.629,11.1945],[76.707,11.2385],[76.7355,11.2155],[76.73,11.1935],[76.695,11.167],[76.7085,11.1465],[76.747,11.1325],[76.7435,11.1025],[76.7545,11.079],[76.7465,11.057],[76.6995,11.0265],[76.686,10.9895],[76.6665,10.9685],[76.662,10.9295],[76.6765,10.918],[76.7385,10.8955],[76.7815,10.891],[76.831,10.8705],[76.854,10.8395],[76.848,10.8195],[76.901,10.808],[76.9035,10.762],[76.866,10.685],[76.882,10.639],[76.831,10.637],[76.81,10.624],[76.8385,10.5965],[76.828,10.4495],[76.816,10.423],[76.8335,10.403],[76.846,10.357],[76.83,10.303],[76.8975,10.2615],[76.912,10.2345],[76.9395,10.238],[76.9835,10.222],[77.0515,10.264],[77.0555,10.287],[77.089,10.311],[77.12,10.318],[77.176,10.3585],[77.2355,10.353],[77.2275,10.3165],[77.2635,10.264],[77.259,10.2305],[77.288,10.2325],[77.2745,10.185],[77.275,10.1315],[77.2445,10.132],[77.201,10.107],[77.204,10.0885],[77.264,10.0295],[77.2545,10.0125],[77.273,9.9645],[77.2365,9.936],[77.2185,9.905],[77.2275,9.765],[77.2075,9.725],[77.2065,9.6945],[77.181,9.6595],[77.1675,9.615],[77.198,9.6145],[77.234,9.5815],[77.2695,9.573],[77.3035,9.599],[77.365,9.553],[77.3655,9.535],[77.399,9.4965],[77.3925,9.4595],[77.366,9.46],[77.3365,9.4125],[77.344,9.402],[77.325,9.337],[77.283,9.292],[77.2755,9.235],[77.282,9.217],[77.2565,9.1965],[77.268,9.1535],[77.247,9.124],[77.212,9.1],[77.1925,9.0435],[77.167,9.045],[77.1495,9.0095],[77.1735,8.9915],[77.2105,8.932],[77.221,8.904],[77.2555,8.8795],[77.264,8.842],[77.2175,8.7675],[77.204,8.769],[77.177,8.725],[77.2065,8.6845],[77.201,8.669],[77.2345,8.627],[77.2515,8.6205],[77.2665,8.5855],[77.2745,8.5375],[77.2615,8.5065],[77.2385,8.496],[77.2135,8.512],[77.213,8.4705],[77.197,8.4195],[77.153,8.361],[77.1585,8.3275],[77.1185,8.3205],[77.098,8.2925],[77.152,8.252],[77.186,8.217],[77.2235,8.196],[77.248,8.1715],[77.3315,8.1275],[77.439,8.0965],[77.555,8.0765],[77.5665,8.1185],[77.583,8.1375],[77.642,8.1545],[77.7295,8.164],[77.758,8.1455],[77.7935,8.1625],[77.8045,8.203],[77.8325,8.229],[77.841,8.2515],[77.891,8.2705],[77.949,8.3115],[77.9915,8.35],[78.0565,8.37],[78.0635,8.4125],[78.126,8.4745],[78.1435,8.5015],[78.1305,8.548],[78.1445,8.598],[78.135,8.616],[78.1385,8.68],[78.1635,8.724],[78.1955,8.7515],[78.17,8.776],[78.1605,8.803],[78.1715,8.883],[78.1985,8.939],[78.227,8.9735],[78.346,9.0605],[78.407,9.11],[78.467,9.127],[78.536,9.1375],[78.5785,9.1305],[78.606,9.148],[78.6505,9.161],[78.647,9.1845],[78.6855,9.1955],[78.7165,9.189],[78.7275,9.2095],[78.876,9.2575],[78.908,9.2495],[78.926,9.267],[78.9955,9.2735],[79.072,9.26],[79.1905,9.2815],[79.2285,9.2585],[79.2565,9.259],[79.3,9.246],[79.339,9.225],[79.3145,9.2835],[79.335,9.3135],[79.311,9.3275],[79.267,9.293],[79.2095,9.283],[79.16,9.284],[79.0665,9.298],[79.0155,9.3315],[78.936,9.409],[78.9025,9.4635],[78.9145,9.493],[78.927,9.585],[78.96,9.631],[78.9805,9.6895],[79.041,9.7665],[79.059,9.773],[79.0815,9.814],[79.119,9.8525],[79.119,9.877],[79.1525,9.9285],[79.1985,9.9735],[79.2445,10.0275],[79.252,10.051],[79.226,10.101],[79.228,10.1475],[79.244,10.186],[79.2785,10.2155],[79.267,10.229],[79.297,10.2625],[79.3315,10.286],[79.3665,10.294],[79.381,10.3165],[79.485,10.3155],[79.6365,10.2945],[79.706,10.2775],[79.7685,10.272],[79.8235,10.2755],[79.868,10.2865],[79.8815,10.306],[79.867,10.4015],[79.8535,10.6265],[79.851,10.7535],[79.8525,10.827],[79.8415,10.828],[79.821,10.8455],[79.823,10.8845],[79.777,10.8965],[79.763,10.9135],[79.725,10.929],[79.719,10.9685],[79.764,10.96],[79.7465,11.0025],[79.851,10.9945],[79.8545,10.9835],[79.858,11.119],[79.8565,11.1715],[79.8345,11.322],[79.843,11.351],[79.822,11.382],[79.8025,11.4555],[79.7685,11.515],[79.757,11.5575],[79.761,11.624],[79.796,11.7855],[79.755,11.7755],[79.72,11.785],[79.7395,11.8425],[79.7975,11.8245],[79.807,11.8335]],[[79.6185,11.8855],[79.641,11.8865],[79.658,11.8525],[79.627,11.8545],[79.6185,11.8855]],[[79.6375,11.981],[79.669,11.9185],[79.6255,11.903],[79.6375,11.981]],[[79.6965,12.0355],[79.6935,11.99],[79.657,11.9915],[79.6965,12.0355]]]},"properties":{"shapeName":"Tamil Nādu"}},
{"type":"Feature","geometry":{"type":"Polygon","coordinates":[[[80.273,18.723],[80.305,18.6825],[80.317,18.643],[80.346,18.5955],[80.3735,18.6115],[80.4185,18.6115],[80.4545,18.6305],[80.487,18.632],[80.5145,18.6195],[80.5355,18.5905],[80.6,18.553],[80.6555,18.476],[80.7015,18.4445],[80.696,18.425],[80.732,18.401],[80.7315,18.355],[80.749,18.3085],[80.7915,18.251],[80.737,18.222],[80.737,18.177],[80.799,18.1715],[80.824,18.1945],[80.8235,18.2395],[80.866,18.2335],[80.855,18.2075],[80.8665,18.1405],[80.914,18.1445],[80.979,18.179],[80.9785,18.154],[80.9555,18.1325],[80.9495,18.086],[80.9695,18.048],[80.988,17.9435],[80.9985,17.917],[80.9965,17.849],[81.008,17.7985],[81.0465,17.7825],[81.0855,17.798],[81.1685,17.8555],[81.1995,17.847],[81.2655,17.811],[81.3545,17.8135],[81.3935,17.7945],[81.396,17.82],[81.4035,17.8495],[81.3955,17.883],[81.4115,17.895],[81.448,17.89],[81.449,17.932],[81.483,17.977],[81.481,18.0515],[81.5135,18.1],[81.5135,18.1395],[81.526,18.1535],[81.507,18.186],[81.5375,18.2695],[81.5645,18.275],[81.6005,18.3095],[81.662,18.325],[81.659,18.3465],[81.7505,18.3535],[81.7695,18.419],[81.8545,18.4905],[81.9055,18.563],[81.9505,18.57],[81.961,18.5965],[81.894,18.6425],[81.949,18.6435],[81.969,18.6735],[81.971,18.6985],[82.04,18.724],[82.085,18.7185],[82.0885,18.76],[82.1315,18.77],[82.1575,18.7855],[82.169,18.836],[82.16,18.8615],[82.176,18.9025],[82.2185,18.9225],[82.246,18.919],[82.23,19.0275],[82.202,19.0665],[82.2185,19.0975],[82.1975,19.1215],[82.167,19.136],[82.181,19.1785],[82.1615,19.2025],[82.1585,19.265],[82.186,19.3375],[82.149,19.353],[82.153,19.377],[82.182,19.384],[82.186,19.4265],[82.1715,19.437],[82.1275,19.4305],[82.1135,19.4485],[82.1,19.5165],[82.029,19.5075],[82.0465,19.534],[82.0495,19.568],[82.04,19.5975],[82.059,19.628],[82.0445,19.7005],[82.0505,19.746],[82.0635,19.759],[82.06,19.7965],[81.9865,19.8045],[81.9655,19.837],[81.968,19.86],[81.8695,19.9025],[81.852,19.923],[81.865,20.0265],[81.8955,20.0485],[81.926,20.0915],[81.9465,20.105],[82.0175,20.049],[82.0215,20.024],[82.0705,20.057],[82.1285,20.014],[82.171,20.0055],[82.21,19.9865],[82.2375,20.0035],[82.269,19.9755],[82.304,19.889],[82.3455,19.836],[82.418,19.904],[82.484,19.908],[82.5055,19.89],[82.6035,19.867],[82.576,19.8335],[82.5835,19.779],[82.627,19.7935],[82.652,19.832],[82.704,19.832],[82.7195,19.8675],[82.7075,19.902],[82.718,19.989],[82.7085,19.9975],[82.6345,20.0035],[82.5915,19.992],[82.551,20.016],[82.4945,20.023],[82.401,20.0545],[82.3985,20.122],[82.391,20.162],[82.4125,20.18],[82.4235,20.2195],[82.4115,20.2645],[82.4355,20.285],[82.4315,20.313],[82.4005,20.341],[82.438,20.434],[82.427,20.469],[82.3975,20.4645],[82.3895,20.517],[82.3585,20.528],[82.3365,20.5535],[82.3435,20.5955],[82.3765,20.6325],[82.374,20.667],[82.3515,20.7065],[82.3425,20.7665],[82.3395,20.847],[82.3605,20.8725],[82.4065,20.869],[82.4285,20.8305],[82.4655,20.828],[82.4905,20.8775],[82.488,20.9085],[82.56,20.9465],[82.5725,20.971],[82.6295,21.0385],[82.6305,21.0775],[82.65,21.1065],[82.6405,21.155],[82.693,21.1655],[82.756,21.167],[82.8005,21.156],[82.843,21.1675],[82.8785,21.1585],[82.915,21.162],[82.97,21.179],[82.9935,21.171],[82.9905,21.14],[83.023,21.1365],[83.078,21.112],[83.1315,21.106],[83.1645,21.135],[83.198,21.1455],[83.2105,21.205],[83.2225,21.2285],[83.2175,21.255],[83.2465,21.281],[83.268,21.2775],[83.258,21.336],[83.274,21.3775],[83.3115,21.371],[83.392,21.3425],[83.3985,21.405],[83.373,21.443],[83.354,21.448],[83.338,21.502],[83.372,21.5635],[83.37,21.6005],[83.3825,21.62],[83.443,21.6555],[83.444,21.624],[83.466,21.6095],[83.487,21.6435],[83.444,21.6605],[83.418,21.68],[83.453,21.6945],[83.489,21.748],[83.469,21.7875],[83.4935,21.818],[83.524,21.7985],[83.552,21.841],[83.5765,21.8315],[83.591,21.851],[83.576,21.883],[83.6055,21.914],[83.5615,21.948],[83.5375,21.978],[83.5555,22.007],[83.5405,22.0195],[83.544,22.057],[83.59,22.0545],[83.594,22.073],[83.564,22.105],[83.608,22.1535],[83.6275,22.2035],[83.666,22.2325],[83.704,22.2465],[83.758,22.2405],[83.795,22.286],[83.8265,22.293],[83.8215,22.313],[83.864,22.3435],[83.9015,22.3395],[83.9235,22.3585],[83.971,22.359],[84.006,22.3735],[84.0305,22.4265],[84.0475,22.438],[84.0475,22.469],[83.98,22.5025],[84.009,22.526],[84.003,22.546],[84.0245,22.592],[84.0525,22.596],[84.084,22.638],[84.1525,22.637],[84.2,22.6665],[84.2205,22.6675],[84.238,22.692],[84.2295,22.737],[84.26,22.7675],[84.2855,22.764],[84.315,22.8005],[84.324,22.851],[84.3725,22.8655],[84.3775,22.9095],[84.3965,22.9275],[84.382,22.9685],[84.328,22.982],[84.284,22.9635],[84.271,22.9895],[84.219,22.979],[84.186,23.027],[84.1785,22.98],[84.147,22.9905],[84.1255,23.037],[84.1335,23.083],[84.0935,23.1125],[84.073,23.109],[84.0375,23.14],[84.0325,23.1605],[84.0635,23.206],[84.0535,23.2475],[84.0615,23.3075],[84.0745,23.3335],[84.051,23.3745],[84.023,23.378],[84.0115,23.3535],[83.9695,23.367],[83.9625,23.3855],[83.9815,23.4225],[83.971,23.467],[84.0145,23.5035],[84.028,23.5455],[84.0285,23.6025],[84.0085,23.628],[83.932,23.6205],[83.9375,23.569],[83.826,23.591],[83.7725,23.611],[83.761,23.6515],[83.723,23.689],[83.746,23.7195],[83.7375,23.7605],[83.7045,23.8065],[83.6665,23.8445],[83.5895,23.8635],[83.5855,23.8865],[83.5535,23.898],[83.5475,23.9375],[83.5265,23.9605],[83.514,23.9965],[83.5155,24.027],[83.4555,24.0415],[83.434,24.0845],[83.4065,24.0805],[83.388,24.1],[83.33,24.1015],[83.2995,24.079],[83.282,24.05],[83.279,24.0185],[83.2235,23.9865],[83.216,23.938],[83.1595,23.9075],[83.1415,23.885],[83.075,23.87],[83.0525,23.8795],[82.948,23.8715],[82.927,23.8925],[82.8845,23.909],[82.861,23.939],[82.8105,23.963],[82.7525,23.92],[82.699,23.925],[82.6615,23.9075],[82.6685,23.872],[82.6355,23.8375],[82.5885,23.8215],[82.554,23.826],[82.5515,23.7905],[82.4975,23.785],[82.479,23.806],[82.3935,23.8],[82.296,23.808],[82.2605,23.8215],[82.2375,23.8055],[82.2065,23.8275],[82.1435,23.8165],[82.0815,23.8165],[82.0075,23.862],[81.95,23.8565],[81.9205,23.8705],[81.906,23.846],[81.823,23.808],[81.773,23.8165],[81.7255,23.84],[81.732,23.8565],[81.6905,23.885],[81.6875,23.9065],[81.658,23.9165],[81.609,23.903],[81.603,23.8535],[81.636,23.8345],[81.6515,23.799],[81.6445,23.77],[81.6765,23.757],[81.696,23.7215],[81.684,23.691],[81.655,23.663],[81.6205,23.6515],[81.611,23.6035],[81.5765,23.5855],[81.584,23.5535],[81.6105,23.555],[81.627,23.482],[81.6395,23.4785],[81.668,23.533],[81.6995,23.522],[81.7365,23.5665],[81.758,23.55],[81.809,23.5495],[81.8205,23.5155],[81.881,23.515],[81.9235,23.5325],[81.948,23.501],[81.9905,23.4185],[82.0325,23.41],[82.064,23.393],[82.1135,23.384],[82.1235,23.354],[82.1455,23.361],[82.1635,23.3345],[82.1995,23.3135],[82.1935,23.278],[82.1745,23.2685],[82.1475,23.219],[82.143,23.187],[82.1615,23.143],[82.1395,23.132],[82.126,23.104],[82.07,23.118],[82.035,23.0805],[81.9855,23.086],[81.927,23.0575],[81.9215,23.041],[81.9505,22.983],[81.9465,22.957],[81.919,22.9465],[81.8615,22.8895],[81.7755,22.8745],[81.768,22.8355],[81.7945,22.7665],[81.7525,22.7265],[81.7715,22.6765],[81.7285,22.6765],[81.713,22.648],[81.6835,22.647],[81.6455,22.605],[81.66,22.5695],[81.605,22.5345],[81.5695,22.551],[81.4965,22.5195],[81.4845,22.488],[81.4525,22.496],[81.428,22.48],[81.423,22.4475],[81.3965,22.44],[81.382,22.51],[81.34,22.5195],[81.3175,22.5145],[81.3075,22.482],[81.2815,22.503],[81.262,22.472],[81.232,22.452],[81.2,22.463],[81.1725,22.488],[81.155,22.455],[81.111,22.4375],[81.106,22.3875],[81.1185,22.2915],[81.0915,22.249],[81.05,22.2445],[81.0235,22.2295],[81.029,22.1925],[81.022,22.133],[80.978,22.1225],[81.003,22.101],[81.009,22.071],[80.97,22.0575],[80.972,22.085],[80.9475,22.1185],[80.908,22.1095],[80.897,22.0645],[80.876,22.0385],[80.876,22.0135],[80.843,21.946],[80.832,21.8905],[80.8505,21.858],[80.8275,21.776],[80.804,21.745],[80.7725,21.7585],[80.7475,21.7555],[80.735,21.704],[80.716,21.675],[80.729,21.6205],[80.7155,21.585],[80.72,21.555],[80.741,21.539],[80.7275,21.496],[80.735,21.46],[80.707,21.433],[80.6905,21.372],[80.66,21.334],[80.6795,21.299],[80.6495,21.2745],[80.644,21.2515],[80.615,21.227],[80.553,21.2005],[80.5295,21.205],[80.515,21.183],[80.4645,21.175],[80.4445,21.122],[80.454,21.053],[80.426,21.006],[80.4635,20.929],[80.5345,20.9345],[80.556,20.889],[80.562,20.8245],[80.549,20.796],[80.5675,20.7075],[80.58,20.673],[80.52,20.6565],[80.481,20.6185],[80.521,20.5805],[80.5645,20.6035],[80.6015,20.609],[80.6255,20.578],[80.6135,20.435],[80.5915,20.393],[80.6105,20.375],[80.626,20.336],[80.6105,20.3185],[80.559,20.3085],[80.519,20.266],[80.491,20.276],[80.4515,20.258],[80.398,20.244],[80.405,20.2185],[80.3885,20.165],[80.4295,20.136],[80.46,20.151],[80.5055,20.1445],[80.552,20.118],[80.544,20.0955],[80.557,20.0715],[80.5425,20.0105],[80.5495,19.986],[80.539,19.952],[80.5055,19.928],[80.481,19.934],[80.452,19.9575],[80.4115,19.9385],[80.408,19.9125],[80.45,19.8965],[80.4915,19.902],[80.506,19.8705],[80.4865,19.8635],[80.469,19.827],[80.4405,19.81],[80.468,19.7885],[80.4805,19.8275],[80.52,19.8315],[80.5465,19.8185],[80.544,19.7755],[80.5865,19.741],[80.64,19.7255],[80.6765,19.6995],[80.6705,19.609],[80.7145,19.6165],[80.77,19.5865],[80.7755,19.5625],[80.836,19.5665],[80.8565,19.523],[80.8955,19.5195],[80.8985,19.482],[80.8745,19.445],[80.8425,19.447],[80.8135,19.4335],[80.812,19.407],[80.828,19.38],[80.853,19.364],[80.775,19.3145],[80.76,19.2915],[80.711,19.2815],[80.69,19.287],[80.6935,19.3145],[80.673,19.33],[80.6235,19.3055],[80.59,19.352],[80.581,19.3975],[80.5625,19.399],[80.5205,19.3475],[80.4825,19.338],[80.446,19.264],[80.3985,19.247],[80.384,19.2155],[80.3855,19.179],[80.348,19.16],[80.3275,19.135],[80.3395,19.1],[80.3295,19.07],[80.2965,19.0465],[80.305,19.027],[80.2735,18.993],[80.269,18.947],[80.3495,18.848],[80.3505,18.815],[80.3,18.7945],[80.276,18.766],[80.2445,18.7565],[80.273,18.723]]]},"properties":{"shapeName":"Chhattīsgarh"}},
{"type":"Feature","geometry":{"type":"MultiPolygon","coordinates":[[[[72.343,22.023],[72.3015,21.986],[72.2925,21.965],[72.3,21.8825],[72.3225,21.818],[72.355,21.797],[72.3895,21.819],[72.391,21.855],[72.411,21.9015],[72.439,21.93],[72.4445,21.969],[72.431,21.999],[72.3885,22.027],[72.343,22.023]]],[[[72.9615,20.209],[72.954,20.237],[72.931,20.2425],[72.912,20.269],[72.9315,20.295],[73.0345,20.2915],[73.0385,20.3175],[73.0775,20.323],[73.1015,20.303],[73.1515,20.317],[73.164,20.2975],[73.114,20.256],[73.098,20.2275],[73.071,20.23],[73.0535,20.2055],[73.063,20.1775],[73.0995,20.156],[73.1285,20.1735],[73.133,20.2055],[73.218,20.186],[73.1855,20.156],[73.187,20.1295],[73.2105,20.1205],[73.265,20.14],[73.2805,20.155],[73.2815,20.19],[73.2995,20.2095],[73.3435,20.1995],[73.3785,20.211],[73.4215,20.2065],[73.411,20.2385],[73.428,20.28],[73.4155,20.3175],[73.4125,20.361],[73.3995,20.3845],[73.445,20.4745],[73.4675,20.4965],[73.479,20.5605],[73.4735,20.5845],[73.431,20.594],[73.42,20.627],[73.394,20.6405],[73.4485,20.692],[73.467,20.722],[73.484,20.7],[73.4895,20.6555],[73.533,20.673],[73.551,20.6485],[73.5995,20.637],[73.6225,20.614],[73.6275,20.584],[73.6695,20.563],[73.6955,20.5785],[73.7465,20.5685],[73.778,20.5995],[73.8385,20.6205],[73.8305,20.675],[73.8355,20.702],[73.8605,20.7],[73.8745,20.7295],[73.905,20.7255],[73.942,20.7425],[73.932,20.809],[73.94,20.8395],[73.9235,20.851],[73.9175,20.9075],[73.888,20.9335],[73.892,20.9795],[73.8545,20.994],[73.7955,21.0445],[73.78,21.0645],[73.7295,21.082],[73.7055,21.108],[73.6515,21.1075],[73.618,21.1185],[73.5985,21.1565],[73.733,21.142],[73.7295,21.165],[73.772,21.1645],[73.785,21.184],[73.8155,21.174],[73.826,21.2],[73.8115,21.231],[73.823,21.265],[73.85,21.2745],[73.8795,21.266],[73.942,21.299],[73.952,21.395],[74.0085,21.423],[74.0445,21.419],[74.0455,21.446],[74.0625,21.464],[74.0945,21.4555],[74.161,21.469],[74.209,21.462],[74.214,21.4815],[74.256,21.4765],[74.3205,21.4985],[74.321,21.529],[74.303,21.552],[74.276,21.562],[74.2635,21.54],[74.2195,21.546],[74.2005,21.5325],[74.176,21.5685],[74.136,21.549],[74.11,21.556],[74.043,21.5425],[74.0205,21.55],[73.9825,21.54],[73.966,21.5215],[73.929,21.523],[73.8535,21.4975],[73.835,21.52],[73.812,21.6025],[73.788,21.634],[73.822,21.6435],[73.8385,21.633],[73.884,21.6535],[73.8935,21.6715],[73.883,21.7125],[73.8665,21.719],[73.824,21.761],[73.8265,21.8425],[73.875,21.843],[73.9295,21.8645],[74.0285,21.9115],[74.05,21.926],[74.1465,21.953],[74.1505,21.9865],[74.0995,21.9995],[74.1355,22.053],[74.16,22.059],[74.1705,22.0915],[74.1525,22.106],[74.1285,22.0945],[74.1305,22.1445],[74.118,22.1855],[74.1225,22.2125],[74.072,22.219],[74.0745,22.2655],[74.0525,22.294],[74.0725,22.3435],[74.071,22.3615],[74.1125,22.367],[74.128,22.333],[74.19,22.32],[74.192,22.3465],[74.2235,22.38],[74.2565,22.3995],[74.215,22.4415],[74.134,22.446],[74.074,22.4775],[74.083,22.5065],[74.039,22.5155],[74.041,22.5415],[74.0745,22.5515],[74.112,22.5395],[74.133,22.52],[74.171,22.5475],[74.21,22.5645],[74.2315,22.612],[74.2775,22.646],[74.3155,22.634],[74.359,22.634],[74.384,22.646],[74.402,22.7315],[74.435,22.7825],[74.434,22.808],[74.465,22.8165],[74.4765,22.8555],[74.4585,22.9115],[74.4185,22.9175],[74.4035,22.8985],[74.378,22.907],[74.3395,22.953],[74.3645,22.9815],[74.3465,23.0245],[74.322,23.041],[74.3245,23.0615],[74.2885,23.089],[74.293,23.117],[74.2725,23.1595],[74.203,23.19],[74.183,23.1665],[74.128,23.176],[74.1255,23.204],[74.141,23.223],[74.139,23.266],[74.107,23.2935],[74.038,23.2935],[74.0285,23.3315],[73.982,23.338],[73.9625,23.381],[73.938,23.368],[73.9185,23.3355],[73.8745,23.3635],[73.874,23.377],[73.8305,23.426],[73.8285,23.444],[73.779,23.431],[73.7675,23.453],[73.7135,23.4135],[73.692,23.4585],[73.646,23.4415],[73.6335,23.47],[73.6565,23.5075],[73.633,23.5285],[73.6555,23.621],[73.6155,23.652],[73.5685,23.653],[73.523,23.607],[73.494,23.6325],[73.5075,23.703],[73.4735,23.705],[73.4455,23.755],[73.399,23.783],[73.3715,23.7705],[73.352,23.7915],[73.368,23.814],[73.354,23.853],[73.3875,23.916],[73.4135,23.939],[73.415,23.9855],[73.4045,24.041],[73.361,24.081],[73.362,24.1045],[73.3215,24.097],[73.3255,24.0775],[73.2825,24.019],[73.243,24.002],[73.2295,24.022],[73.193,24.041],[73.214,24.0775],[73.159,24.098],[73.1295,24.1225],[73.0675,24.1945],[73.092,24.223],[73.0955,24.2495],[73.1255,24.2735],[73.1355,24.3085],[73.1665,24.299],[73.1745,24.33],[73.1985,24.332],[73.2195,24.364],[73.1985,24.377],[73.152,24.3545],[73.0765,24.3965],[73.103,24.433],[73.102,24.4705],[73.087,24.498],[73.043,24.469],[73.0015,24.469],[72.968,24.4505],[72.981,24.434],[72.961,24.405],[72.975,24.3685],[72.9105,24.337],[72.891,24.357],[72.85,24.372],[72.806,24.363],[72.731,24.364],[72.692,24.406],[72.68,24.443],[72.6565,24.462],[72.576,24.479],[72.541,24.5185],[72.493,24.459],[72.5005,24.417],[72.4575,24.4145],[72.43,24.48],[72.4415,24.515],[72.3795,24.5125],[72.3535,24.5635],[72.29,24.5505],[72.2465,24.5855],[72.276,24.6075],[72.3135,24.594],[72.3445,24.6105],[72.234,24.6405],[72.192,24.62],[72.165,24.621],[72.1505,24.6435],[72.1245,24.6385],[72.09,24.6585],[72.085,24.7065],[72.0615,24.712],[71.984,24.686],[71.9645,24.6455],[71.9255,24.636],[71.9075,24.6775],[71.872,24.6815],[71.858,24.6665],[71.8655,24.6305],[71.816,24.62],[71.8025,24.631],[71.803,24.6715],[71.7725,24.6755],[71.7365,24.66],[71.708,24.6615],[71.6555,24.639],[71.608,24.677],[71.478,24.6795],[71.3775,24.626],[71.3585,24.631],[71.348,24.661],[71.3135,24.648],[71.2875,24.616],[71.112,24.6755],[71.0965,24.6895],[71.074,24.6625],[71.0085,24.6355],[70.9865,24.5955],[70.9875,24.5435],[71.0045,24.523],[70.9965,24.4655],[71.009,24.445],[71.037,24.4325],[71.103,24.436],[71.1195,24.4025],[71.084,24.3945],[71.0575,24.3625],[71.02,24.348],[70.986,24.3655],[70.947,24.3485],[70.9165,24.321],[70.8785,24.3015],[70.875,24.2805],[70.907,24.259],[70.8515,24.244],[70.806,24.2205],[70.7135,24.2155],[70.644,24.2245],[70.571,24.2515],[70.5845,24.2775],[70.562,24.3535],[70.5805,24.363],[70.599,24.4055],[70.573,24.422],[70.4725,24.3885],[70.4115,24.375],[70.3685,24.3505],[70.3165,24.3495],[70.25,24.324],[70.218,24.3215],[70.166,24.303],[70.11,24.295],[70.067,24.199],[70.025,24.171],[69.7315,24.171],[69.594,24.293],[69.505,24.269],[69.445,24.28],[69.367,24.2695],[69.313,24.2815],[69.194,24.236],[69.095,24.274],[69.0035,24.223],[68.9845,24.2275],[68.965,24.2765],[68.9455,24.3025],[68.907,24.28],[68.875,24.2125],[68.8575,24.2145],[68.8305,24.312],[68.808,24.3135],[68.7645,24.296],[68.7695,24.2645],[68.7625,24.114],[68.753,23.971],[68.397,23.97],[68.379,23.9845],[68.345,23.9725],[68.3385,23.9365],[68.3235,23.921],[68.289,23.932],[68.252,23.8965],[68.2085,23.875],[68.1995,23.8465],[68.2025,23.766],[68.172,23.696],[68.1315,23.6795],[68.106,23.681],[68.095,23.653],[68.1195,23.616],[68.142,23.6015],[68.1865,23.592],[68.274,23.595],[68.31,23.5785],[68.3265,23.496],[68.4095,23.4855],[68.4185,23.4725],[68.4,23.42],[68.4335,23.4155],[68.4595,23.3915],[68.4585,23.367],[68.5005,23.3695],[68.5565,23.357],[68.562,23.3135],[68.532,23.2805],[68.5505,23.249],[68.5695,23.2625],[68.606,23.2365],[68.584,23.2235],[68.661,23.1485],[68.728,23.1075],[68.7595,23.0795],[68.781,23.0745],[68.8675,23.027],[68.974,22.9635],[69.017,22.946],[69.1305,22.874],[69.181,22.8575],[69.196,22.838],[69.268,22.825],[69.3215,22.832],[69.431,22.801],[69.468,22.798],[69.6185,22.812],[69.6475,22.796],[69.713,22.8055],[69.8565,22.8685],[69.899,22.871],[69.937,22.898],[70.009,22.906],[70.0515,22.941],[70.108,22.978],[70.2065,23.1095],[70.265,23.1615],[70.309,23.1815],[70.298,23.21],[70.4075,23.2175],[70.4235,23.2065],[70.486,23.191],[70.505,23.1765],[70.5825,23.1775],[70.636,23.1855],[70.6665,23.229],[70.718,23.189],[70.7125,23.155],[70.687,23.1445],[70.689,23.1175],[70.638,23.0815],[70.629,23.063],[70.5935,23.0555],[70.572,23.0375],[70.547,22.997],[70.541,22.963],[70.512,22.9605],[70.475,22.975],[70.4575,22.9495],[70.483,22.9355],[70.4835,22.914],[70.46,22.8505],[70.429,22.8305],[70.408,22.8625],[70.4265,22.9045],[70.415,22.9265],[70.376,22.9085],[70.328,22.8425],[70.297,22.7885],[70.2925,22.766],[70.249,22.747],[70.2225,22.709],[70.218,22.6635],[70.199,22.645],[70.1745,22.5935],[70.1575,22.5945],[70.128,22.5555],[70.082,22.5535],[70.0375,22.5615],[69.9465,22.528],[69.8895,22.495],[69.894,22.4795],[69.8605,22.4625],[69.824,22.473],[69.751,22.4595],[69.7305,22.4845],[69.6945,22.4425],[69.7005,22.396],[69.6635,22.393],[69.6495,22.357],[69.5915,22.3595],[69.5435,22.377],[69.4995,22.366],[69.489,22.3375],[69.4435,22.3305],[69.423,22.316],[69.364,22.317],[69.352,22.3265],[69.322,22.292],[69.2545,22.2675],[69.2335,22.25],[69.2375,22.2225],[69.1955,22.225],[69.1565,22.195],[69.134,22.2225],[69.154,22.2485],[69.157,22.316],[69.1815,22.379],[69.1975,22.3875],[69.1825,22.4205],[69.1475,22.3975],[69.1115,22.4065],[69.0725,22.387],[69.04,22.412],[69.055,22.466],[69.0075,22.44],[68.9575,22.365],[68.9545,22.3345],[68.9365,22.3055],[68.959,22.257],[68.9535,22.245],[69.055,22.1295],[69.217,21.9575],[69.282,21.8955],[69.352,21.839],[69.372,21.83],[69.433,21.7665],[69.4775,21.7345],[69.5105,21.7],[69.5855,21.637],[69.6025,21.637],[69.6745,21.563],[69.706,21.537],[69.8155,21.417],[69.9235,21.2905],[70.002,21.2045],[70.0925,21.113],[70.2575,20.9735],[70.3205,20.9275],[70.3925,20.8945],[70.4255,20.863],[70.586,20.7825],[70.676,20.757],[70.743,20.72],[70.762,20.7215],[70.803,20.7005],[70.815,20.714],[70.871,20.7085],[70.878,20.7285],[70.9205,20.743],[70.9605,20.7365],[70.981,20.7225],[71.0075,20.7375],[71.08,20.738],[71.092,20.757],[71.149,20.758],[71.158,20.78],[71.203,20.789],[71.3205,20.847],[71.3655,20.852],[71.4055,20.869],[71.4625,20.8815],[71.5115,20.9445],[71.6295,20.9695],[71.647,20.9955],[71.68,20.9975],[71.7125,21.0195],[71.762,21.0215],[71.7945,21.039],[71.7995,21.0575],[71.8425,21.089],[71.879,21.09],[71.8945,21.109],[71.9715,21.129],[72.0005,21.1755],[72.045,21.1635],[72.0875,21.192],[72.1125,21.1985],[72.0825,21.245],[72.1325,21.339],[72.1715,21.3875],[72.2105,21.421],[72.2355,21.456],[72.269,21.5225],[72.2865,21.5815],[72.3045,21.6095],[72.3095,21.639],[72.28,21.695],[72.2355,21.6965],[72.219,21.7365],[72.194,21.75],[72.177,21.8035],[72.192,21.8265],[72.2355,21.812],[72.2425,21.8295],[72.2175,21.867],[72.203,21.9125],[72.212,21.9625],[72.242,21.9755],[72.2475,22.0135],[72.2255,22.0545],[72.281,22.08],[72.308,22.1455],[72.3385,22.1765],[72.34,22.215],[72.358,22.2475],[72.362,22.2945],[72.3735,22.316],[72.4185,22.302],[72.4055,22.2675],[72.408,22.2295],[72.4275,22.2095],[72.461,22.2565],[72.5005,22.2775],[72.5165,22.3055],[72.5565,22.2955],[72.5805,22.301],[72.682,22.276],[72.737,22.2755],[72.764,22.234],[72.842,22.282],[72.872,22.285],[72.9105,22.267],[72.9135,22.2405],[72.8745,22.2205],[72.8445,22.2345],[72.809,22.2235],[72.758,22.174],[72.6965,22.1865],[72.648,22.2155],[72.605,22.213],[72.5665,22.182],[72.5435,22.129],[72.523,22.0415],[72.522,21.9925],[72.509,21.944],[72.522,21.8805],[72.558,21.879],[72.583,21.8905],[72.5825,21.9185],[72.638,21.9605],[72.643,21.9415],[72.6245,21.8795],[72.622,21.8095],[72.5955,21.804],[72.5795,21.74],[72.543,21.7335],[72.528,21.678],[72.5525,21.6615],[72.624,21.682],[72.693,21.6785],[72.7275,21.686],[72.79,21.663],[72.7865,21.6425],[72.731,21.6375],[72.7,21.6455],[72.675,21.6275],[72.635,21.618],[72.612,21.585],[72.6175,21.551],[72.6355,21.5355],[72.6845,21.544],[72.706,21.527],[72.653,21.46],[72.6725,21.4265],[72.6525,21.384],[72.6495,21.3425],[72.6005,21.323],[72.6005,21.29],[72.638,21.211],[72.619,21.114],[72.627,21.0855],[72.6555,21.0775],[72.665,21.0995],[72.702,21.0955],[72.699,21.0615],[72.728,21.067],[72.722,21.0345],[72.7465,20.9565],[72.765,20.9205],[72.7855,20.916],[72.8425,20.7775],[72.854,20.715],[72.8905,20.616],[72.898,20.583],[72.8845,20.5025],[72.8555,20.4675],[72.888,20.4605],[72.872,20.414],[72.8905,20.3725],[72.821,20.3675],[72.7765,20.334],[72.773,20.303],[72.755,20.2915],[72.74,20.243],[72.7455,20.202],[72.7375,20.135],[72.775,20.132],[72.811,20.1515],[72.818,20.184],[72.8705,20.228],[72.8995,20.2275],[72.9615,20.209]]],[[[70.019,22.597],[69.9855,22.5885],[70.0015,22.5545],[70.032,22.5725],[70.019,22.597]]],[[[69.6355,22.452],[69.6005,22.447],[69.5905,22.4305],[69.6365,22.4055],[69.657,22.427],[69.6355,22.452]]],[[[68.5545,23.346],[68.525,23.352],[68.4975,23.3325],[68.527,23.31],[68.5545,23.346]]]]},"properties":{"shapeName":"Gujarāt"}},
{"type":"Feature","geometry":{"type":"Polygon","coordinates":[[[77.21,28.858],[77.121,28.86],[77.0875,28.8755],[77.061,28.871],[77.04,28.832],[76.995,28.8395],[76.98,28.8215],[76.951,28.8185],[76.9465,28.798],[76.9585,28.743],[76.948,28.713],[76.968,28.6995],[76.956,28.671],[76.935,28.6675],[76.92,28.6315],[76.888,28.6315],[76.8425,28.556],[76.8645,28.5435],[76.8795,28.5045],[76.908,28.5135],[76.956,28.506],[76.978,28.5215],[77.0105,28.5145],[77.0135,28.5405],[77.0675,28.512],[77.0945,28.514],[77.1205,28.4965],[77.113,28.4715],[77.124,28.4455],[77.166,28.4255],[77.1745,28.4045],[77.2495,28.424],[77.233,28.458],[77.2435,28.479],[77.2765,28.4935],[77.327,28.49],[77.3455,28.5135],[77.304,28.5525],[77.2985,28.58],[77.337,28.602],[77.3425,28.622],[77.3165,28.641],[77.3255,28.709],[77.306,28.7135],[77.2355,28.761],[77.1995,28.798],[77.2245,28.8255],[77.21,28.858]]]},"properties":{"shapeName":"Delhi"}},
{"type":"Feature","geometry":{"type":"Polygon","coordinates":[[[88.015,27.2115],[88.065,27.2135],[88.096,27.1335],[88.1535,27.11],[88.1815,27.1325],[88.232,27.1185],[88.2785,27.1305],[88.3165,27.1255],[88.3565,27.0955],[88.4305,27.0795],[88.4585,27.0895],[88.466,27.112],[88.53,27.148],[88.532,27.1765],[88.589,27.1895],[88.659,27.1605],[88.682,27.177],[88.7065,27.1665],[88.7165,27.1415],[88.7455,27.142],[88.7665,27.1785],[88.7875,27.1815],[88.804,27.2185],[88.8035,27.248],[88.832,27.2625],[88.879,27.261],[88.9035,27.273],[88.9155,27.3305],[88.895,27.332],[88.881,27.3605],[88.838,27.3795],[88.806,27.407],[88.777,27.4685],[88.791,27.5315],[88.77,27.571],[88.8045,27.5945],[88.815,27.646],[88.848,27.668],[88.84,27.7115],[88.865,27.7425],[88.8535,27.765],[88.8555,27.816],[88.8805,27.8295],[88.883,27.8905],[88.8605,27.9275],[88.837,27.929],[88.844,27.9925],[88.793,28.049],[88.756,28.076],[88.6665,28.076],[88.627,28.1255],[88.6195,28.098],[88.5835,28.0835],[88.5665,28.0905],[88.543,28.033],[88.4955,28.054],[88.4675,28.0165],[88.431,28.008],[88.4105,27.983],[88.3525,27.99],[88.3035,27.9655],[88.266,27.957],[88.2375,27.971],[88.185,27.9435],[88.145,27.9645],[88.119,27.917],[88.1455,27.879],[88.2025,27.8365],[88.1855,27.8105],[88.178,27.7465],[88.159,27.7405],[88.143,27.6625],[88.1195,27.644],[88.1135,27.6095],[88.083,27.589],[88.0615,27.541],[88.045,27.478],[88.0755,27.4325],[88.052,27.4125],[88.0425,27.371],[88.0685,27.335],[88.033,27.2855],[88.0315,27.2505],[88.015,27.2115]]]},"properties":{"shapeName":"Sikkim"}},
{"type":"Feature","geometry":{"type":"Polygon","coordinates":[[[92.2115,24.5045],[92.169,24.527],[92.1495,24.491],[92.168,24.425],[92.082,24.375],[92.0395,24.379],[92.001,24.3955],[91.96,24.3585],[91.9225,24.3385],[91.9425,24.263],[91.926,24.213],[91.911,24.131],[91.8855,24.141],[91.86,24.1825],[91.8215,24.2105],[91.7465,24.2455],[91.757,24.145],[91.7265,24.141],[91.6825,24.1625],[91.663,24.213],[91.6415,24.1785],[91.6295,24.139],[91.6315,24.1035],[91.5905,24.08],[91.5395,24.073],[91.4145,24.108],[91.376,24.106],[91.3785,24.079],[91.397,24.047],[91.3735,24.0025],[91.3795,23.9745],[91.329,23.992],[91.28,23.9825],[91.2195,23.879],[91.248,23.83],[91.228,23.7925],[91.231,23.7655],[91.2095,23.752],[91.1675,23.7505],[91.1495,23.7135],[91.1535,23.691],[91.1925,23.6935],[91.2015,23.655],[91.1705,23.6565],[91.157,23.6235],[91.161,23.5945],[91.1855,23.5765],[91.208,23.5395],[91.2005,23.5175],[91.2205,23.496],[91.255,23.487],[91.258,23.4615],[91.2835,23.4185],[91.2835,23.3835],[91.3095,23.3095],[91.31,23.276],[91.3235,23.2375],[91.3245,23.169],[91.347,23.1025],[91.3695,23.071],[91.3955,23.056],[91.4175,23.083],[91.3845,23.1565],[91.3865,23.2275],[91.4175,23.2645],[91.4485,23.26],[91.503,23.192],[91.491,23.158],[91.514,23.1225],[91.511,23.1045],[91.5505,23.0385],[91.5425,22.9995],[91.575,22.969],[91.7125,22.984],[91.7615,23.03],[91.784,23.0385],[91.835,23.0935],[91.8175,23.102],[91.806,23.18],[91.7895,23.204],[91.7645,23.31],[91.804,23.332],[91.8375,23.371],[91.843,23.4245],[91.8635,23.4085],[91.9055,23.4325],[91.948,23.4355],[91.943,23.46],[91.976,23.497],[91.965,23.5365],[91.956,23.613],[91.937,23.6895],[91.9775,23.7335],[92.0065,23.6655],[92.069,23.6445],[92.108,23.694],[92.1175,23.7305],[92.1515,23.7275],[92.1705,23.706],[92.2055,23.7055],[92.2095,23.67],[92.2305,23.655],[92.239,23.713],[92.2655,23.725],[92.257,23.813],[92.281,23.8215],[92.2695,23.848],[92.311,23.88],[92.324,23.905],[92.3085,23.968],[92.326,23.998],[92.312,24.0385],[92.3245,24.0885],[92.3315,24.152],[92.3215,24.204],[92.2925,24.2505],[92.2655,24.251],[92.22,24.2345],[92.2005,24.242],[92.219,24.2855],[92.26,24.3585],[92.2465,24.442],[92.2315,24.457],[92.23,24.5025],[92.2115,24.5045]]]},"properties":{"shapeName":"Tripura"}},
{"type":"Feature","geometry":{"type":"MultiPolygon","coordinates":[[[[88.215,21.493],[88.243,21.505],[88.2275,21.5385],[88.204,21.5125],[88.215,21.493]]],[[[88.2275,21.65],[88.225,21.666],[88.18,21.6715],[88.2045,21.604],[88.2275,21.65]]],[[[88.31,21.643],[88.3165,21.605],[88.3435,21.6305],[88.348,21.6845],[88.312,21.7065],[88.31,21.643]]],[[[88.4205,21.703],[88.4025,21.7055],[88.3825,21.6815],[88.386,21.632],[88.4065,21.6075],[88.43,21.6255],[88.4095,21.6535],[88.4205,21.703]]],[[[88.5345,21.573],[88.503,21.5985],[88.4855,21.5705],[88.51,21.5325],[88.5435,21.5315],[88.5345,21.573]]],[[[88.566,21.563],[88.5845,21.594],[88.565,21.625],[88.519,21.6465],[88.5135,21.599],[88.541,21.5885],[88.566,21.563]]],[[[88.8535,21.601],[88.8295,21.6055],[88.833,21.5535],[88.867,21.533],[88.8955,21.539],[88.9065,21.5585],[88.8815,21.59],[88.8535,21.601]]],[[[88.7835,21.611],[88.7705,21.652],[88.7165,21.6315],[88.706,21.6],[88.729,21.569],[88.7645,21.5665],[88.793,21.5825],[88.7835,21.611]]],[[[88.9735,21.734],[88.9595,21.7515],[88.932,21.7455],[88.928,21.7165],[88.947,21.7035],[88.965,21.657],[88.9855,21.645],[88.9985,21.612],[89.0245,21.6135],[89.014,21.652],[88.983,21.6675],[88.9875,21.691],[88.967,21.7195],[88.9735,21.734]]],[[[88.563,21.701],[88.5205,21.703],[88.5305,21.656],[88.5515,21.6435],[88.5655,21.668],[88.563,21.701]]],[[[88.4615,21.7825],[88.443,21.7895],[88.4255,21.7605],[88.432,21.6965],[88.4175,21.6575],[88.453,21.611],[88.4705,21.6745],[88.4515,21.719],[88.4615,21.7825]]],[[[88.572,21.7535],[88.554,21.762],[88.5675,21.792],[88.5525,21.8095],[88.52,21.7915],[88.5075,21.756],[88.52,21.725],[88.5845,21.689],[88.5915,21.714],[88.567,21.738],[88.572,21.7535]]],[[[88.629,21.739],[88.625,21.7755],[88.596,21.785],[88.5925,21.757],[88.629,21.739]]],[[[88.144,21.654],[88.1245,21.687],[88.135,21.6995],[88.1215,21.7385],[88.1305,21.7565],[88.1035,21.7855],[88.0725,21.7725],[88.073,21.748],[88.0325,21.6875],[88.044,21.6435],[88.1115,21.624],[88.138,21.6325],[88.144,21.654]]],[[[88.3935,21.714],[88.364,21.723],[88.342,21.7055],[88.364,21.6865],[88.3935,21.714]]],[[[88.3715,21.7855],[88.334,21.7955],[88.3255,21.7815],[88.301,21.775],[88.309,21.7305],[88.343,21.728],[88.342,21.761],[88.3715,21.7855]]],[[[88.4375,21.7895],[88.4195,21.8085],[88.3825,21.782],[88.4035,21.739],[88.4375,21.7895]]],[[[88.903,21.6455],[88.9345,21.6655],[88.937,21.701],[88.88,21.7405],[88.8675,21.7095],[88.8835,21.6655],[88.903,21.6455]]],[[[88.859,21.7525],[88.8335,21.7655],[88.794,21.7495],[88.78,21.7175],[88.817,21.709],[88.821,21.667],[88.8045,21.6355],[88.8385,21.619],[88.856,21.6535],[88.839,21.693],[88.8395,21.7195],[88.859,21.7525]]],[[[88.789,21.667],[88.8055,21.6985],[88.755,21.7075],[88.7805,21.738],[88.78,21.771],[88.7925,21.8],[88.8165,21.8225],[88.821,21.8685],[88.779,21.8685],[88.7425,21.896],[88.714,21.9015],[88.696,21.8595],[88.712,21.809],[88.693,21.741],[88.7095,21.695],[88.7395,21.6665],[88.789,21.667]]],[[[88.901,21.7515],[88.894,21.788],[88.8785,21.8055],[88.8715,21.852],[88.845,21.858],[88.836,21.7885],[88.8665,21.7795],[88.883,21.7525],[88.901,21.7515]]],[[[88.9145,21.9325],[88.894,21.9145],[88.8505,21.9145],[88.8635,21.859],[88.8745,21.8555],[88.8865,21.829],[88.9005,21.762],[88.93,21.771],[88.9655,21.8065],[88.944,21.846],[88.9685,21.8715],[88.959,21.907],[88.9145,21.9325]]],[[[88.779,21.923],[88.7625,21.928],[88.717,21.9165],[88.778,21.8765],[88.7955,21.879],[88.8095,21.913],[88.779,21.923]]],[[[88.472,21.7995],[88.4975,21.8125],[88.4865,21.8355],[88.4595,21.814],[88.472,21.7995]]],[[[88.5805,21.814],[88.6145,21.827],[88.5885,21.8485],[88.5805,21.814]]],[[[88.6525,21.8695],[88.598,21.8555],[88.617,21.8365],[88.6145,21.8125],[88.641,21.789],[88.6525,21.8695]]],[[[88.6565,21.918],[88.6265,21.906],[88.6385,21.877],[88.6655,21.9005],[88.6565,21.918]]],[[[88.9985,21.81],[88.993,21.7895],[88.956,21.7595],[88.977,21.729],[89.0125,21.714],[89.017,21.661],[89.0415,21.6095],[89.0755,21.615],[89.093,21.6385],[89.0745,21.7035],[89.0545,21.737],[89.026,21.7585],[88.9985,21.81]]],[[[89.0165,21.874],[88.982,21.896],[88.976,21.8695],[88.9515,21.8455],[88.956,21.83],[88.995,21.816],[89.0275,21.8315],[89.0165,21.874]]],[[[88.802,21.9375],[88.75,21.9585],[88.743,21.9315],[88.792,21.925],[88.802,21.9375]]],[[[88.1445,21.853],[88.133,21.8735],[88.104,21.842],[88.084,21.7925],[88.122,21.783],[88.1375,21.75],[88.128,21.7305],[88.149,21.6805],[88.171,21.738],[88.1655,21.824],[88.1445,21.853]]],[[[88.355,21.7975],[88.3515,21.854],[88.329,21.86],[88.3045,21.8305],[88.269,21.815],[88.263,21.7995],[88.2985,21.785],[88.324,21.785],[88.3315,21.798],[88.355,21.7975]]],[[[88.477,21.841],[88.4895,21.8525],[88.4745,21.89],[88.445,21.907],[88.4205,21.9005],[88.3995,21.8765],[88.393,21.8265],[88.446,21.8075],[88.477,21.841]]],[[[88.015,27.2115],[88.009,27.141],[87.9915,27.1085],[88.04,27.0355],[88.08,27.0345],[88.091,27.006],[88.133,26.9825],[88.121,26.9505],[88.144,26.921],[88.1385,26.8975],[88.1715,26.8665],[88.166,26.8485],[88.187,26.7715],[88.1815,26.72],[88.167,26.6995],[88.163,26.6465],[88.142,26.6245],[88.124,26.572],[88.1055,26.551],[88.135,26.5235],[88.1665,26.5355],[88.1715,26.5535],[88.2205,26.5565],[88.2355,26.545],[88.1825,26.504],[88.1985,26.485],[88.2255,26.48],[88.2615,26.42],[88.234,26.392],[88.2445,26.376],[88.2775,26.379],[88.2865,26.332],[88.253,26.3345],[88.2505,26.3115],[88.2275,26.285],[88.1575,26.256],[88.0585,26.171],[88.035,26.179],[88.014,26.151],[87.9805,26.139],[87.988,26.1125],[87.949,26.06],[87.931,26.0825],[87.857,26.0245],[87.8345,25.9305],[87.811,25.928],[87.8305,25.871],[87.9125,25.8525],[87.9085,25.7745],[87.942,25.7745],[87.968,25.726],[88.0495,25.702],[88.047,25.661],[88.0215,25.596],[88.0315,25.554],[88.052,25.549],[88.072,25.5145],[88.073,25.4835],[88.0305,25.4905],[87.959,25.5385],[87.927,25.539],[87.9025,25.505],[87.866,25.497],[87.869,25.4695],[87.8305,25.462],[87.8145,25.435],[87.787,25.4495],[87.765,25.384],[87.7895,25.377],[87.784,25.34],[87.8535,25.29],[87.8185,25.242],[87.763,25.2655],[87.7115,25.2575],[87.7785,25.2505],[87.773,25.207],[87.779,25.1435],[87.8005,25.118],[87.7955,25.0875],[87.8765,25.0345],[87.911,25.0015],[87.9575,24.971],[87.9625,24.938],[87.9525,24.908],[87.9155,24.883],[87.891,24.855],[87.8965,24.8295],[87.8545,24.762],[87.86,24.734],[87.903,24.714],[87.892,24.674],[87.917,24.666],[87.909,24.586],[87.8655,24.557],[87.8025,24.562],[87.799,24.526],[87.812,24.508],[87.8105,24.477],[87.7885,24.415],[87.803,24.4115],[87.7695,24.328],[87.6845,24.2465],[87.662,24.2455],[87.6385,24.2145],[87.6745,24.2075],[87.702,24.1745],[87.6845,24.143],[87.6575,24.159],[87.622,24.163],[87.5815,24.154],[87.585,24.124],[87.572,24.0895],[87.547,24.085],[87.521,24.113],[87.4935,24.054],[87.512,24.036],[87.4395,23.982],[87.3605,24.013],[87.337,24.034],[87.288,24.0285],[87.2455,24.045],[87.2345,24.0325],[87.2605,23.971],[87.283,23.9595],[87.2905,23.8935],[87.2695,23.8745],[87.2405,23.826],[87.206,23.8565],[87.165,23.865],[87.13,23.8535],[87.1675,23.825],[87.1495,23.7965],[87.1225,23.796],[87.0535,23.8225],[87.038,23.839],[86.9865,23.8595],[86.9355,23.852],[86.9155,23.883],[86.8935,23.877],[86.8885,23.8435],[86.804,23.8015],[86.826,23.777],[86.8115,23.745],[86.7995,23.689],[86.7455,23.68],[86.7045,23.697],[86.599,23.6655],[86.529,23.63],[86.4905,23.6375],[86.4465,23.6175],[86.4485,23.6015],[86.368,23.541],[86.36,23.452],[86.334,23.4475],[86.31,23.412],[86.2885,23.4295],[86.261,23.418],[86.229,23.4435],[86.1485,23.4655],[86.1605,23.5085],[86.1585,23.5595],[86.0945,23.563],[86.042,23.586],[86.017,23.5475],[86.0395,23.515],[86.032,23.4835],[85.9505,23.471],[85.909,23.4845],[85.876,23.4805],[85.8615,23.439],[85.9025,23.3985],[85.87,23.389],[85.8835,23.3505],[85.8385,23.306],[85.8195,23.2685],[85.8475,23.222],[85.8825,23.1985],[85.894,23.1555],[85.951,23.152],[85.958,23.161],[86.0235,23.1445],[86.055,23.124],[86.049,23.106],[86.098,23.0855],[86.1325,23.084],[86.156,23.033],[86.1855,23.005],[86.223,22.995],[86.265,23],[86.293,23.014],[86.326,22.995],[86.364,23.001],[86.394,22.981],[86.425,22.997],[86.4645,22.9885],[86.497,22.9925],[86.519,22.9705],[86.489,22.9375],[86.465,22.945],[86.436,22.926],[86.453,22.9035],[86.451,22.8625],[86.433,22.8535],[86.4225,22.811],[86.4325,22.775],[86.4585,22.7645],[86.503,22.717],[86.543,22.722],[86.585,22.6915],[86.623,22.676],[86.6415,22.6575],[86.633,22.611],[86.6585,22.5755],[86.71,22.583],[86.766,22.5755],[86.802,22.5025],[86.793,22.4775],[86.7505,22.4825],[86.7645,22.4265],[86.813,22.419],[86.8455,22.4],[86.833,22.3245],[86.888,22.2975],[86.8865,22.2575],[86.8135,22.2675],[86.8125,22.241],[86.7915,22.222],[86.753,22.211],[86.727,22.217],[86.718,22.1815],[86.722,22.147],[86.7955,22.157],[86.805,22.1325],[86.838,22.0975],[86.852,22.103],[86.96,22.088],[86.9925,22.055],[87.028,22.038],[87.032,21.9955],[87.0095,21.9475],[87.0015,21.914],[87.0375,21.868],[87.0985,21.866],[87.0965,21.914],[87.1615,21.9355],[87.1625,21.968],[87.236,21.957],[87.255,21.926],[87.239,21.9],[87.2465,21.8615],[87.275,21.817],[87.338,21.7835],[87.374,21.772],[87.4445,21.768],[87.4645,21.7315],[87.472,21.6835],[87.462,21.651],[87.4855,21.631],[87.486,21.61],[87.6945,21.658],[87.8065,21.709],[87.8495,21.7405],[87.882,21.785],[87.949,21.824],[87.9815,21.8635],[88.012,21.927],[88.02,21.957],[88.06,22.018],[88.098,22.0285],[88.1675,22.078],[88.1865,22.1045],[88.17,22.15],[88.134,22.186],[88.073,22.1845],[88.0435,22.205],[88.103,22.215],[88.1895,22.182],[88.219,22.1025],[88.2135,22.038],[88.1875,21.9955],[88.1475,21.9615],[88.167,21.9375],[88.164,21.8835],[88.192,21.848],[88.212,21.783],[88.21,21.725],[88.236,21.645],[88.22,21.604],[88.2425,21.5665],[88.2835,21.564],[88.302,21.5875],[88.286,21.6105],[88.302,21.679],[88.2755,21.7215],[88.2815,21.7575],[88.256,21.801],[88.2625,21.8185],[88.2955,21.8325],[88.312,21.8595],[88.3535,21.867],[88.3635,21.804],[88.3865,21.809],[88.379,21.844],[88.3925,21.887],[88.412,21.906],[88.445,21.9175],[88.5195,21.8565],[88.5395,21.8595],[88.5465,21.905],[88.5795,21.892],[88.6065,21.918],[88.5985,21.9825],[88.637,22.044],[88.6175,22.1075],[88.6605,22.0615],[88.657,22.0245],[88.633,21.994],[88.6335,21.955],[88.6925,21.9535],[88.7055,21.9905],[88.7615,22.029],[88.756,21.9625],[88.826,21.9415],[88.859,21.922],[88.901,21.931],[88.916,21.9905],[88.9325,21.9425],[89.0075,21.903],[89.0145,21.9205],[89.066,21.9415],[89.0745,22.028],[89.055,22.047],[89.0425,22.0915],[89.051,22.115],[89.0945,22.149],[89.071,22.1565],[89.0685,22.194],[89.0415,22.2305],[89.033,22.2595],[88.9995,22.2825],[89.025,22.2985],[88.9845,22.3265],[88.992,22.391],[88.9725,22.411],[89.0005,22.4295],[88.9955,22.472],[88.9745,22.4975],[88.9655,22.541],[88.944,22.5605],[88.939,22.5875],[88.956,22.617],[88.926,22.65],[88.9625,22.6935],[88.928,22.718],[88.912,22.7585],[88.964,22.8195],[88.9695,22.844],[88.9505,22.8725],[88.9275,22.872],[88.897,22.897],[88.8945,22.953],[88.869,22.952],[88.865,22.99],[88.8835,23.0405],[88.8605,23.0775],[88.8675,23.1],[88.899,23.112],[88.9315,23.147],[88.9385,23.1765],[88.9805,23.192],[88.9825,23.2215],[88.942,23.2055],[88.815,23.2505],[88.8055,23.2185],[88.774,23.2245],[88.7185,23.255],[88.696,23.302],[88.727,23.302],[88.7495,23.3215],[88.7335,23.353],[88.7655,23.368],[88.749,23.4],[88.7755,23.4815],[88.753,23.478],[88.674,23.549],[88.6545,23.5565],[88.638,23.5975],[88.5935,23.6165],[88.5935,23.64],[88.558,23.6485],[88.5745,23.6765],[88.565,23.7125],[88.5805,23.76],[88.5725,23.7825],[88.5915,23.7975],[88.5845,23.8695],[88.6235,23.875],[88.6495,23.8675],[88.706,23.916],[88.733,23.9225],[88.736,23.979],[88.769,23.9825],[88.7235,24.0685],[88.7285,24.099],[88.7135,24.123],[88.747,24.148],[88.7315,24.1745],[88.7415,24.254],[88.726,24.2965],[88.6835,24.3245],[88.652,24.2995],[88.623,24.3155],[88.559,24.308],[88.496,24.329],[88.481,24.3525],[88.4225,24.375],[88.364,24.41],[88.3415,24.438],[88.278,24.4595],[88.243,24.461],[88.124,24.517],[88.106,24.556],[88.109,24.5775],[88.0775,24.631],[88.0245,24.688],[88.0615,24.722],[88.0645,24.751],[88.1105,24.814],[88.1635,24.8505],[88.169,24.8925],[88.14,24.914],[88.1375,24.936],[88.226,24.96],[88.2515,24.9335],[88.2685,24.891],[88.297,24.889],[88.328,24.8715],[88.346,24.894],[88.3255,24.919],[88.34,24.9405],[88.401,24.951],[88.3945,24.97],[88.4475,25.0415],[88.4355,25.0555],[88.4475,25.083],[88.442,25.127],[88.46,25.14],[88.4415,25.174],[88.442,25.1985],[88.474,25.2095],[88.558,25.192],[88.5785,25.177],[88.613,25.204],[88.712,25.2075],[88.7985,25.17],[88.814,25.174],[88.838,25.21],[88.9205,25.1655],[88.9465,25.1925],[88.9575,25.223],[88.9505,25.244],[88.992,25.273],[88.9845,25.305],[88.9445,25.3],[88.9165,25.31],[88.906,25.3365],[88.872,25.339],[88.84,25.3635],[88.837,25.4015],[88.8205,25.4145],[88.838,25.4535],[88.8295,25.49],[88.8,25.524],[88.7425,25.5045],[88.708,25.5],[88.71,25.4805],[88.6465,25.4775],[88.602,25.5155],[88.541,25.511],[88.533,25.5415],[88.5,25.5505],[88.4995,25.584],[88.4665,25.59],[88.446,25.615],[88.4545,25.664],[88.4025,25.672],[88.375,25.712],[88.2675,25.782],[88.2615,25.8135],[88.2,25.7905],[88.185,25.8015],[88.1515,25.776],[88.118,25.81],[88.1065,25.834],[88.11,25.8675],[88.0935,25.874],[88.093,25.93],[88.1105,25.9325],[88.121,25.974],[88.144,26.003],[88.1765,26.0215],[88.1685,26.0445],[88.185,26.064],[88.1585,26.0985],[88.1785,26.124],[88.177,26.148],[88.2305,26.173],[88.242,26.19],[88.32,26.2035],[88.359,26.242],[88.351,26.2755],[88.3685,26.3045],[88.435,26.3355],[88.451,26.371],[88.4795,26.351],[88.502,26.3605],[88.511,26.3885],[88.4955,26.4105],[88.4955,26.4375],[88.4585,26.467],[88.4195,26.4685],[88.3985,26.482],[88.331,26.492],[88.351,26.5155],[88.378,26.597],[88.413,26.6195],[88.42,26.5675],[88.4545,26.533],[88.4755,26.542],[88.4885,26.509],[88.518,26.5095],[88.522,26.4855],[88.5645,26.4555],[88.5965,26.453],[88.6205,26.469],[88.627,26.4295],[88.698,26.3885],[88.682,26.3795],[88.6985,26.3315],[88.7435,26.3465],[88.7445,26.3205],[88.6945,26.31],[88.673,26.3145],[88.6675,26.26],[88.719,26.279],[88.744,26.307],[88.7935,26.3105],[88.813,26.2975],[88.8135,26.254],[88.839,26.232],[88.8615,26.252],[88.876,26.287],[88.9265,26.284],[88.953,26.242],[89.046,26.241],[89.059,26.2545],[89.014,26.3005],[88.975,26.351],[88.912,26.3665],[88.9265,26.407],[88.957,26.455],[88.9795,26.45],[88.983,26.4215],[89.006,26.4215],[89.0405,26.4005],[89.0755,26.396],[89.11,26.3255],[89.1315,26.2975],[89.1025,26.2815],[89.125,26.2635],[89.1485,26.2065],[89.1355,26.1875],[89.155,26.1385],[89.192,26.124],[89.223,26.1255],[89.2505,26.095],[89.2545,26.0645],[89.2795,26.049],[89.324,26.038],[89.341,26.0155],[89.383,26.0105],[89.4065,26.041],[89.4295,26.043],[89.4315,26.0105],[89.4805,25.996],[89.521,26.0085],[89.5585,25.9645],[89.588,25.98],[89.5785,26.0265],[89.631,26.063],[89.628,26.114],[89.5965,26.135],[89.6075,26.1795],[89.6585,26.176],[89.6355,26.2235],[89.672,26.2195],[89.7015,26.1515],[89.7195,26.166],[89.7095,26.2115],[89.7195,26.2575],[89.7385,26.27],[89.7595,26.3165],[89.841,26.3795],[89.828,26.3945],[89.869,26.4535],[89.851,26.521],[89.8575,26.576],[89.8695,26.614],[89.8635,26.6815],[89.852,26.697],[89.7995,26.7085],[89.764,26.699],[89.7435,26.7325],[89.715,26.72],[89.666,26.737],[89.65,26.7155],[89.6085,26.7275],[89.6365,26.7505],[89.64,26.7775],[89.502,26.8105],[89.4545,26.798],[89.4285,26.8355],[89.382,26.8365],[89.3695,26.8575],[89.3155,26.8435],[89.256,26.808],[89.169,26.815],[89.129,26.8065],[89.094,26.8395],[89.0895,26.8895],[89.025,26.9205],[89.0165,26.9375],[88.9755,26.913],[88.941,26.931],[88.9485,26.967],[88.9175,26.998],[88.896,26.969],[88.871,26.964],[88.867,26.996],[88.8755,27.065],[88.866,27.109],[88.7455,27.142],[88.7165,27.1415],[88.7065,27.1665],[88.682,27.177],[88.659,27.1605],[88.589,27.1895],[88.532,27.1765],[88.53,27.148],[88.466,27.112],[88.4585,27.0895],[88.4305,27.0795],[88.3565,27.0955],[88.3165,27.1255],[88.2785,27.1305],[88.232,27.1185],[88.1815,27.1325],[88.1535,27.11],[88.096,27.1335],[88.065,27.2135],[88.015,27.2115]]]]},"properties":{"shapeName":"West Bengal"}},
{"type":"Feature","geometry":{"type":"Polygon","coordinates":[[[81.396,17.82],[81.417,17.814],[81.4765,17.8385],[81.4885,17.8145],[81.5635,17.827],[81.5745,17.839],[81.617,17.823],[81.641,17.84],[81.662,17.881],[81.6945,17.8985],[81.7115,17.873],[81.788,17.926],[81.808,17.9565],[81.9035,17.9815],[81.92,17.9965],[81.962,18.001],[81.9925,18.028],[82.0055,18.057],[82.1005,18.061],[82.167,18.0525],[82.186,18.016],[82.2645,17.9955],[82.271,18.058],[82.2895,18.0695],[82.3065,18.0455],[82.342,18.0585],[82.35,18.0775],[82.334,18.1065],[82.3515,18.1725],[82.314,18.185],[82.343,18.2815],[82.375,18.2815],[82.3905,18.2985],[82.391,18.3265],[82.339,18.323],[82.384,18.368],[82.3805,18.4335],[82.402,18.465],[82.43,18.4875],[82.444,18.52],[82.4795,18.5415],[82.503,18.5145],[82.526,18.5165],[82.533,18.4585],[82.5615,18.4485],[82.5415,18.422],[82.5605,18.4005],[82.595,18.3895],[82.621,18.3595],[82.593,18.3295],[82.5905,18.281],[82.636,18.2375],[82.6555,18.297],[82.7135,18.323],[82.7695,18.3385],[82.792,18.387],[82.7805,18.4315],[82.814,18.4515],[82.8695,18.419],[82.895,18.424],[82.8905,18.3905],[82.938,18.3615],[82.965,18.3595],[82.995,18.3865],[83.02,18.3925],[83.0525,18.3805],[83.0755,18.404],[83.0415,18.427],[83.019,18.457],[83.053,18.4865],[83.088,18.5535],[83.0455,18.544],[83.024,18.5895],[82.999,18.6085],[83.023,18.6555],[83.056,18.6665],[83.071,18.7065],[83.1205,18.7585],[83.137,18.7865],[83.176,18.772],[83.216,18.7465],[83.2415,18.769],[83.2795,18.775],[83.2825,18.799],[83.346,18.828],[83.402,18.8435],[83.395,18.8795],[83.3485,18.9265],[83.3085,18.9965],[83.341,19.019],[83.468,18.97],[83.4505,19.0135],[83.478,19.0095],[83.4645,19.081],[83.481,19.0785],[83.5195,19.039],[83.6085,19.097],[83.5995,19.1365],[83.632,19.1405],[83.663,19.099],[83.7,19.0255],[83.73,19.022],[83.7405,18.95],[83.7675,18.915],[83.7825,18.9345],[83.757,18.9515],[83.7455,18.9965],[83.7925,19.019],[83.822,18.96],[83.82,18.939],[83.846,18.9135],[83.8515,18.8595],[83.8855,18.832],[83.959,18.815],[84.0365,18.8175],[84.076,18.7655],[84.1015,18.761],[84.1615,18.79],[84.1935,18.7925],[84.2655,18.785],[84.287,18.805],[84.319,18.788],[84.3755,18.8655],[84.3795,18.8875],[84.416,18.8985],[84.436,18.922],[84.422,18.9485],[84.429,18.97],[84.476,18.992],[84.4805,19.0175],[84.5245,19.047],[84.5815,19.069],[84.5795,19.031],[84.6255,19.067],[84.652,19.0685],[84.6615,19.0885],[84.6075,19.1015],[84.605,19.13],[84.6645,19.1325],[84.6665,19.164],[84.708,19.1605],[84.6955,19.1275],[84.7645,19.0775],[84.8165,19.165],[84.864,19.217],[84.93,19.276],[84.9835,19.318],[85.0795,19.375],[85.1015,19.411],[85.1725,19.4675],[85.3075,19.5615],[85.425,19.626],[85.498,19.657],[85.6135,19.7155],[85.679,19.745],[85.781,19.7815],[85.946,19.829],[86.0575,19.8505],[86.23,19.902],[86.324,19.946],[86.355,19.948],[86.4085,19.995],[86.4325,20.052],[86.476,20.0975],[86.5125,20.159],[86.548,20.193],[86.5955,20.2245],[86.7225,20.2905],[86.7845,20.333],[86.7785,20.345],[86.81,20.375],[86.805,20.399],[86.7445,20.391],[86.731,20.4115],[86.7305,20.4415],[86.7755,20.5215],[86.875,20.596],[87.0555,20.715],[87.022,20.7705],[86.9025,20.7625],[86.9095,20.7935],[86.972,20.794],[86.977,20.861],[86.9515,20.898],[86.896,21.0095],[86.873,21.0445],[86.852,21.0965],[86.841,21.158],[86.8635,21.2225],[86.8905,21.2555],[86.945,21.353],[86.984,21.3895],[87.0385,21.42],[87.11,21.4845],[87.148,21.5085],[87.2355,21.5385],[87.359,21.542],[87.3955,21.5395],[87.425,21.5725],[87.486,21.61],[87.4855,21.631],[87.462,21.651],[87.472,21.6835],[87.4645,21.7315],[87.4445,21.768],[87.374,21.772],[87.338,21.7835],[87.275,21.817],[87.2465,21.8615],[87.239,21.9],[87.255,21.926],[87.236,21.957],[87.1625,21.968],[87.1615,21.9355],[87.0965,21.914],[87.0985,21.866],[87.0375,21.868],[87.0015,21.914],[87.0095,21.9475],[87.032,21.9955],[87.028,22.038],[86.9925,22.055],[86.96,22.088],[86.852,22.103],[86.838,22.0975],[86.805,22.1325],[86.7955,22.157],[86.722,22.147],[86.718,22.1815],[86.727,22.217],[86.683,22.2235],[86.642,22.2645],[86.585,22.3005],[86.5345,22.301],[86.529,22.3225],[86.4885,22.345],[86.447,22.3115],[86.4105,22.32],[86.368,22.344],[86.323,22.385],[86.3225,22.397],[86.2695,22.4425],[86.226,22.453],[86.2115,22.4715],[86.1235,22.4885],[86.104,22.501],[86.069,22.556],[86.0455,22.5675],[86.034,22.5345],[85.9735,22.506],[85.9625,22.485],[85.9675,22.4515],[86.018,22.4255],[86.03,22.38],[86.0135,22.3525],[86.029,22.3345],[86.007,22.28],[85.974,22.247],[86.0315,22.19],[85.9965,22.1325],[86.0095,22.118],[85.9435,22.0205],[85.912,21.9895],[85.884,21.9795],[85.8255,21.975],[85.784,21.9845],[85.7615,22.011],[85.7855,22.04],[85.777,22.0555],[85.7955,22.0805],[85.818,22.0735],[85.835,22.093],[85.8075,22.116],[85.757,22.0785],[85.71,22.059],[85.6805,22.062],[85.645,22.0945],[85.5995,22.0785],[85.5625,22.0955],[85.545,22.0895],[85.517,22.115],[85.492,22.1205],[85.4235,22.158],[85.3715,22.161],[85.3525,22.1285],[85.3235,22.1275],[85.2815,22.0905],[85.239,22.0095],[85.2215,22.018],[85.2145,22.0495],[85.1445,22.0795],[85.122,22.071],[85.0985,22.106],[85.0405,22.1155],[84.9955,22.0815],[84.9845,22.0955],[85.0285,22.122],[85.03,22.1625],[85.0525,22.195],[85.078,22.2575],[85.071,22.2745],[85.0995,22.2935],[85.0895,22.3195],[85.0955,22.3445],[85.0765,22.356],[85.0865,22.4],[85.0595,22.4485],[85.0775,22.4775],[85.057,22.486],[84.9705,22.4515],[84.9545,22.4585],[84.9095,22.4225],[84.871,22.44],[84.8175,22.437],[84.8035,22.448],[84.759,22.4465],[84.75,22.419],[84.6665,22.4195],[84.629,22.4345],[84.53,22.4255],[84.4745,22.408],[84.476,22.3865],[84.431,22.373],[84.4005,22.3465],[84.3695,22.354],[84.317,22.3425],[84.269,22.3545],[84.2505,22.379],[84.197,22.378],[84.141,22.4255],[84.1425,22.4715],[84.1115,22.477],[84.06,22.5165],[84.009,22.526],[83.98,22.5025],[84.0475,22.469],[84.0475,22.438],[84.0305,22.4265],[84.006,22.3735],[83.971,22.359],[83.9235,22.3585],[83.9015,22.3395],[83.864,22.3435],[83.8215,22.313],[83.8265,22.293],[83.795,22.286],[83.758,22.2405],[83.704,22.2465],[83.666,22.2325],[83.6275,22.2035],[83.608,22.1535],[83.564,22.105],[83.594,22.073],[83.59,22.0545],[83.544,22.057],[83.5405,22.0195],[83.5555,22.007],[83.5375,21.978],[83.5615,21.948],[83.6055,21.914],[83.576,21.883],[83.591,21.851],[83.5765,21.8315],[83.552,21.841],[83.524,21.7985],[83.4935,21.818],[83.469,21.7875],[83.489,21.748],[83.453,21.6945],[83.418,21.68],[83.444,21.6605],[83.487,21.6435],[83.466,21.6095],[83.444,21.624],[83.443,21.6555],[83.3825,21.62],[83.37,21.6005],[83.372,21.5635],[83.338,21.502],[83.354,21.448],[83.373,21.443],[83.3985,21.405],[83.392,21.3425],[83.3115,21.371],[83.274,21.3775],[83.258,21.336],[83.268,21.2775],[83.2465,21.281],[83.2175,21.255],[83.2225,21.2285],[83.2105,21.205],[83.198,21.1455],[83.1645,21.135],[83.1315,21.106],[83.078,21.112],[83.023,21.1365],[82.9905,21.14],[82.9935,21.171],[82.97,21.179],[82.915,21.162],[82.8785,21.1585],[82.843,21.1675],[82.8005,21.156],[82.756,21.167],[82.693,21.1655],[82.6405,21.155],[82.65,21.1065],[82.6305,21.0775],[82.6295,21.0385],[82.5725,20.971],[82.56,20.9465],[82.488,20.9085],[82.4905,20.8775],[82.4655,20.828],[82.4285,20.8305],[82.4065,20.869],[82.3605,20.8725],[82.3395,20.847],[82.3425,20.7665],[82.3515,20.7065],[82.374,20.667],[82.3765,20.6325],[82.3435,20.5955],[82.3365,20.5535],[82.3585,20.528],[82.3895,20.517],[82.3975,20.4645],[82.427,20.469],[82.438,20.434],[82.4005,20.341],[82.4315,20.313],[82.4355,20.285],[82.4115,20.2645],[82.4235,20.2195],[82.4125,20.18],[82.391,20.162],[82.3985,20.122],[82.401,20.0545],[82.4945,20.023],[82.551,20.016],[82.5915,19.992],[82.6345,20.0035],[82.7085,19.9975],[82.718,19.989],[82.7075,19.902],[82.7195,19.8675],[82.704,19.832],[82.652,19.832],[82.627,19.7935],[82.5835,19.779],[82.576,19.8335],[82.6035,19.867],[82.5055,19.89],[82.484,19.908],[82.418,19.904],[82.3455,19.836],[82.304,19.889],[82.269,19.9755],[82.2375,20.0035],[82.21,19.9865],[82.171,20.0055],[82.1285,20.014],[82.0705,20.057],[82.0215,20.024],[82.0175,20.049],[81.9465,20.105],[81.926,20.0915],[81.8955,20.0485],[81.865,20.0265],[81.852,19.923],[81.8695,19.9025],[81.968,19.86],[81.9655,19.837],[81.9865,19.8045],[82.06,19.7965],[82.0635,19.759],[82.0505,19.746],[82.0445,19.7005],[82.059,19.628],[82.04,19.5975],[82.0495,19.568],[82.0465,19.534],[82.029,19.5075],[82.1,19.5165],[82.1135,19.4485],[82.1275,19.4305],[82.1715,19.437],[82.186,19.4265],[82.182,19.384],[82.153,19.377],[82.149,19.353],[82.186,19.3375],[82.1585,19.265],[82.1615,19.2025],[82.181,19.1785],[82.167,19.136],[82.1975,19.1215],[82.2185,19.0975],[82.202,19.0665],[82.23,19.0275],[82.246,18.919],[82.2185,18.9225],[82.176,18.9025],[82.16,18.8615],[82.169,18.836],[82.1575,18.7855],[82.1315,18.77],[82.0885,18.76],[82.085,18.7185],[82.04,18.724],[81.971,18.6985],[81.969,18.6735],[81.949,18.6435],[81.894,18.6425],[81.961,18.5965],[81.9505,18.57],[81.9055,18.563],[81.8545,18.4905],[81.7695,18.419],[81.7505,18.3535],[81.659,18.3465],[81.662,18.325],[81.6005,18.3095],[81.5645,18.275],[81.5375,18.2695],[81.507,18.186],[81.526,18.1535],[81.5135,18.1395],[81.5135,18.1],[81.481,18.0515],[81.483,17.977],[81.449,17.932],[81.448,17.89],[81.4115,17.895],[81.3955,17.883],[81.4035,17.8495],[81.396,17.82]]]},"properties":{"shapeName":"Odisha"}},
{"type":"Feature","geometry":{"type":"Polygon","coordinates":[[[83.5035,24.5255],[83.552,24.5235],[83.596,24.5125],[83.654,24.515],[83.7185,24.5035],[83.7545,24.5095],[83.8015,24.53],[83.8725,24.532],[83.933,24.5475],[83.975,24.5915],[83.998,24.6385],[84.033,24.62],[84.073,24.5675],[84.089,24.5305],[84.0855,24.506],[84.1085,24.4775],[84.1405,24.5005],[84.178,24.505],[84.172,24.5385],[84.1885,24.5535],[84.22,24.537],[84.259,24.534],[84.297,24.5605],[84.322,24.5165],[84.3275,24.4875],[84.303,24.48],[84.2975,24.449],[84.337,24.429],[84.342,24.3935],[84.4275,24.3555],[84.4245,24.33],[84.467,24.317],[84.5015,24.288],[84.535,24.3635],[84.574,24.389],[84.6305,24.405],[84.6655,24.391],[84.6865,24.4565],[84.7285,24.4695],[84.749,24.496],[84.7895,24.5075],[84.802,24.5305],[84.839,24.5125],[84.8325,24.47],[84.886,24.4595],[84.882,24.4245],[84.9165,24.3735],[84.954,24.3715],[85.028,24.4155],[85.055,24.4065],[85.089,24.3725],[85.123,24.402],[85.174,24.4205],[85.1615,24.4605],[85.226,24.4635],[85.2495,24.491],[85.285,24.4945],[85.288,24.523],[85.3215,24.52],[85.432,24.5315],[85.491,24.548],[85.524,24.521],[85.5455,24.549],[85.5715,24.5615],[85.5805,24.601],[85.615,24.581],[85.651,24.5745],[85.6775,24.591],[85.676,24.6165],[85.649,24.6845],[85.6815,24.6915],[85.7085,24.727],[85.704,24.761],[85.7365,24.821],[85.778,24.7965],[85.855,24.8085],[85.8895,24.7925],[85.9195,24.745],[85.97,24.733],[85.9805,24.7485],[86.0555,24.7795],[86.0665,24.752],[86.094,24.745],[86.1285,24.6985],[86.1315,24.6755],[86.1155,24.6435],[86.1245,24.6115],[86.1585,24.5865],[86.189,24.5835],[86.24,24.5995],[86.259,24.578],[86.285,24.588],[86.3005,24.561],[86.309,24.511],[86.276,24.466],[86.317,24.4415],[86.349,24.4465],[86.3585,24.429],[86.3955,24.4155],[86.413,24.3805],[86.4455,24.368],[86.467,24.381],[86.466,24.4175],[86.491,24.428],[86.4835,24.4675],[86.5025,24.493],[86.5165,24.5355],[86.5525,24.5445],[86.5805,24.5665],[86.603,24.602],[86.6695,24.566],[86.75,24.5955],[86.7535,24.618],[86.787,24.6165],[86.822,24.5755],[86.86,24.556],[86.9085,24.585],[86.933,24.631],[86.9785,24.64],[86.996,24.62],[87.051,24.6085],[87.054,24.6695],[87.081,24.729],[87.0785,24.7775],[87.0955,24.803],[87.0915,24.8235],[87.1095,24.8515],[87.138,24.8595],[87.1565,24.881],[87.145,24.919],[87.1545,24.978],[87.146,25.0195],[87.181,25.066],[87.2125,25.091],[87.244,25.1005],[87.2955,25.0885],[87.3185,25.1955],[87.3345,25.216],[87.372,25.2065],[87.4015,25.227],[87.4635,25.195],[87.4735,25.2385],[87.501,25.2665],[87.4875,25.2975],[87.5425,25.294],[87.552,25.3325],[87.6105,25.3135],[87.692,25.3115],[87.6935,25.2845],[87.7115,25.2575],[87.763,25.2655],[87.8185,25.242],[87.8535,25.29],[87.784,25.34],[87.7895,25.377],[87.765,25.384],[87.787,25.4495],[87.8145,25.435],[87.8305,25.462],[87.869,25.4695],[87.866,25.497],[87.9025,25.505],[87.927,25.539],[87.959,25.5385],[88.0305,25.4905],[88.073,25.4835],[88.072,25.5145],[88.052,25.549],[88.0315,25.554],[88.0215,25.596],[88.047,25.661],[88.0495,25.702],[87.968,25.726],[87.942,25.7745],[87.9085,25.7745],[87.9125,25.8525],[87.8305,25.871],[87.811,25.928],[87.8345,25.9305],[87.857,26.0245],[87.931,26.0825],[87.949,26.06],[87.988,26.1125],[87.9805,26.139],[88.014,26.151],[88.035,26.179],[88.0585,26.171],[88.1575,26.256],[88.2275,26.285],[88.2505,26.3115],[88.253,26.3345],[88.2865,26.332],[88.2775,26.379],[88.2445,26.376],[88.234,26.392],[88.2615,26.42],[88.2255,26.48],[88.1985,26.485],[88.1825,26.504],[88.2355,26.545],[88.2205,26.5565],[88.1715,26.5535],[88.1665,26.5355],[88.135,26.5235],[88.1055,26.551],[88.0985,26.513],[88.1105,26.4975],[88.099,26.456],[88.0685,26.415],[88.0345,26.393],[88.0295,26.368],[87.9975,26.365],[87.992,26.3925],[87.933,26.418],[87.924,26.447],[87.9,26.478],[87.8635,26.4685],[87.8485,26.437],[87.792,26.469],[87.7665,26.411],[87.734,26.4075],[87.713,26.4275],[87.6775,26.4155],[87.6515,26.3935],[87.5845,26.3935],[87.516,26.431],[87.4635,26.44],[87.427,26.422],[87.388,26.419],[87.3555,26.3885],[87.3575,26.3615],[87.34,26.3475],[87.289,26.374],[87.2655,26.3735],[87.265,26.406],[87.2355,26.415],[87.162,26.4045],[87.091,26.451],[87.072,26.5405],[87.0705,26.5865],[87.0425,26.5875],[87.0165,26.532],[86.9335,26.5155],[86.9295,26.49],[86.893,26.488],[86.8935,26.4615],[86.8335,26.4395],[86.7665,26.459],[86.7465,26.4285],[86.7,26.438],[86.6895,26.451],[86.64,26.4625],[86.6165,26.4845],[86.5705,26.4965],[86.542,26.5385],[86.497,26.5425],[86.456,26.568],[86.395,26.5855],[86.3075,26.6205],[86.253,26.615],[86.218,26.5885],[86.171,26.617],[86.136,26.6065],[86.1185,26.6305],[86.0275,26.6665],[85.9535,26.6465],[85.946,26.62],[85.914,26.6085],[85.8585,26.569],[85.8505,26.6085],[85.817,26.603],[85.8015,26.6245],[85.7695,26.6295],[85.7325,26.6535],[85.7235,26.674],[85.7345,26.796],[85.7215,26.8205],[85.6795,26.8435],[85.6425,26.8535],[85.624,26.8735],[85.5855,26.847],[85.5435,26.838],[85.4955,26.797],[85.451,26.782],[85.4075,26.7915],[85.375,26.7615],[85.3345,26.7415],[85.308,26.752],[85.1975,26.7695],[85.177,26.8155],[85.1915,26.8315],[85.1905,26.87],[85.099,26.871],[85.0575,26.8495],[85.023,26.855],[85.0525,26.8895],[85.0045,26.895],[84.9685,26.9155],[84.9655,26.958],[84.911,26.968],[84.8585,26.989],[84.8255,27.021],[84.7865,26.9985],[84.757,27.003],[84.6435,27.0465],[84.646,27.076],[84.6655,27.088],[84.6835,27.144],[84.6805,27.186],[84.69,27.2215],[84.6475,27.299],[84.62,27.3395],[84.516,27.353],[84.422,27.3715],[84.354,27.3715],[84.284,27.395],[84.2585,27.451],[84.2005,27.4725],[84.1755,27.4745],[84.129,27.512],[84.0975,27.5165],[84.093,27.4905],[84.0645,27.478],[84.0465,27.446],[83.998,27.4465],[83.87,27.4375],[83.8325,27.431],[83.882,27.365],[83.8635,27.344],[83.837,27.3225],[83.8715,27.3075],[83.9025,27.3265],[83.925,27.322],[83.929,27.2915],[83.9045,27.2725],[83.912,27.246],[83.954,27.236],[83.987,27.1975],[83.979,27.165],[83.9475,27.1125],[83.9645,27.084],[84.0165,27.1055],[84.028,27.085],[84.0055,27.0605],[84.047,27.046],[84.046,27.005],[84.0565,26.9895],[84.0525,26.9065],[84.084,26.8775],[84.1415,26.887],[84.1405,26.8525],[84.182,26.8335],[84.19,26.8585],[84.2195,26.8715],[84.254,26.8565],[84.26,26.807],[84.2325,26.7535],[84.256,26.727],[84.286,26.75],[84.306,26.7495],[84.326,26.714],[84.3305,26.684],[84.4105,26.67],[84.4095,26.623],[84.3545,26.62],[84.2845,26.5995],[84.1585,26.636],[84.0885,26.635],[84.09,26.607],[84.066,26.577],[84.048,26.5365],[84.007,26.5255],[83.9765,26.5335],[83.907,26.509],[83.911,26.4495],[83.9915,26.4325],[84.0175,26.4475],[84.0415,26.4075],[84.0685,26.3885],[84.1215,26.385],[84.1755,26.373],[84.173,26.3335],[84.186,26.313],[84.177,26.265],[84.0805,26.2225],[84.019,26.239],[84.026,26.2045],[84.0095,26.1755],[84.034,26.1605],[84.056,26.1],[84.0885,26.1005],[84.1725,26.0245],[84.176,25.9965],[84.207,26],[84.245,25.976],[84.312,25.944],[84.354,25.959],[84.412,25.931],[84.4275,25.8915],[84.511,25.8715],[84.534,25.8765],[84.551,25.8405],[84.625,25.792],[84.6235,25.771],[84.6005,25.7385],[84.5605,25.737],[84.562,25.6865],[84.52,25.675],[84.462,25.709],[84.4295,25.711],[84.3645,25.742],[84.3285,25.731],[84.324,25.6705],[84.294,25.66],[84.223,25.6625],[84.206,25.67],[84.199,25.702],[84.1545,25.7275],[84.1045,25.721],[84.075,25.6955],[84.0815,25.6365],[84.0175,25.615],[83.9575,25.57],[83.921,25.552],[83.856,25.468],[83.833,25.4575],[83.808,25.409],[83.7895,25.397],[83.7555,25.4045],[83.7175,25.3975],[83.66,25.364],[83.642,25.34],[83.5615,25.3135],[83.5055,25.281],[83.4855,25.2795],[83.462,25.2505],[83.41,25.2465],[83.396,25.2075],[83.354,25.189],[83.3515,25.157],[83.368,25.13],[83.35,25.1135],[83.3435,25.051],[83.32,25.0175],[83.3505,25.009],[83.343,24.9635],[83.3615,24.9535],[83.363,24.9095],[83.377,24.86],[83.4015,24.8195],[83.3915,24.79],[83.428,24.768],[83.4535,24.735],[83.4895,24.7365],[83.4955,24.7045],[83.5205,24.6775],[83.5005,24.6515],[83.527,24.63],[83.53,24.5675],[83.5035,24.5255]]]},"properties":{"shapeName":"Bihār"}},
{"type":"Feature","geometry":{"type":"Polygon","coordinates":[[[74.1335,35.1075],[74.163,35.086],[74.228,35.0825],[74.253,35.0375],[74.297,35.0445],[74.3085,35.06],[74.3805,35.0575],[74.44,35.118],[74.4725,35.1155],[74.5155,35.095],[74.5415,35.0665],[74.5355,35.0315],[74.5875,35.0095],[74.5715,34.966],[74.576,34.8995],[74.605,34.915],[74.677,34.878],[74.7295,34.8365],[74.805,34.836],[74.834,34.8215],[74.901,34.807],[74.909,34.779],[74.958,34.79],[74.9815,34.8195],[75.014,34.8375],[75.071,34.8285],[75.069,34.863],[75.103,34.897],[75.145,34.8645],[75.146,34.8335],[75.1775,34.8325],[75.2445,34.79],[75.262,34.7265],[75.2575,34.6875],[75.2335,34.6725],[75.209,34.6365],[75.2405,34.6365],[75.254,34.603],[75.299,34.586],[75.3195,34.5635],[75.346,34.561],[75.3635,34.538],[75.342,34.487],[75.353,34.4675],[75.3285,34.4375],[75.372,34.413],[75.366,34.3925],[75.3845,34.365],[75.378,34.341],[75.404,34.2855],[75.4565,34.2875],[75.483,34.2705],[75.515,34.227],[75.555,34.2115],[75.5795,34.2145],[75.607,34.1945],[75.6385,34.2095],[75.69,34.1935],[75.686,34.1205],[75.7165,34.103],[75.7375,34.0565],[75.815,34.0125],[75.8385,34.0055],[75.82,33.9705],[75.8405,33.9535],[75.8895,33.9685],[75.966,33.9535],[75.9795,33.9725],[76.027,33.9705],[76.048,33.929],[76.0725,33.908],[76.1375,33.876],[76.1655,33.8175],[76.2155,33.7575],[76.2625,33.749],[76.2705,33.6435],[76.2295,33.63],[76.225,33.5475],[76.2595,33.565],[76.3025,33.5675],[76.2995,33.5985],[76.336,33.6105],[76.3805,33.577],[76.38,33.553],[76.459,33.534],[76.507,33.5105],[76.549,33.4645],[76.569,33.4645],[76.5775,33.4295],[76.6285,33.435],[76.64,33.3915],[76.6705,33.342],[76.7175,33.329],[76.737,33.261],[76.771,33.2495],[76.7925,33.257],[76.821,33.236],[76.8345,33.205],[76.8175,33.194],[76.817,33.16],[76.8555,33.1145],[76.885,33.1215],[76.9255,33.0475],[76.9715,33.0005],[77.0105,32.989],[77.049,32.999],[77.086,32.9725],[77.116,32.985],[77.1495,32.978],[77.164,32.919],[77.234,32.8935],[77.2625,32.864],[77.3225,32.851],[77.339,32.817],[77.3735,32.824],[77.3745,32.8545],[77.4135,32.884],[77.445,32.8795],[77.469,32.8585],[77.5015,32.8855],[77.539,32.887],[77.6025,32.943],[77.639,32.947],[77.713,32.9825],[77.811,32.907],[77.784,32.883],[77.792,32.856],[77.839,32.842],[77.8785,32.819],[77.884,32.7875],[77.9335,32.7605],[77.9345,32.726],[77.9185,32.6905],[78.016,32.62],[78.047,32.645],[78.061,32.6265],[78.099,32.6305],[78.1105,32.6625],[78.1425,32.682],[78.1755,32.681],[78.2195,32.6645],[78.253,32.691],[78.312,32.709],[78.304,32.734],[78.3565,32.7575],[78.3875,32.757],[78.3945,32.7155],[78.3795,32.6685],[78.3875,32.6345],[78.405,32.6195],[78.348,32.581],[78.313,32.5735],[78.3155,32.5255],[78.2945,32.504],[78.3265,32.472],[78.3985,32.5255],[78.426,32.531],[78.435,32.5615],[78.471,32.5835],[78.498,32.5815],[78.5345,32.6085],[78.5865,32.6155],[78.6195,32.5965],[78.6375,32.6095],[78.661,32.654],[78.7215,32.661],[78.761,32.655],[78.791,32.618],[78.793,32.589],[78.775,32.573],[78.8055,32.4815],[78.826,32.4385],[78.8575,32.4405],[78.902,32.3925],[78.9925,32.345],[79.013,32.377],[79.059,32.3905],[79.1135,32.384],[79.146,32.437],[79.1305,32.4705],[79.1935,32.483],[79.24,32.5095],[79.2495,32.534],[79.2755,32.534],[79.319,32.5925],[79.393,32.572],[79.398,32.537],[79.4465,32.5325],[79.4685,32.576],[79.514,32.608],[79.5655,32.673],[79.6255,32.7375],[79.6015,32.7765],[79.5715,32.782],[79.4625,32.92],[79.414,32.9675],[79.382,32.972],[79.3395,33.0185],[79.381,33.0275],[79.392,33.054],[79.3765,33.079],[79.404,33.1435],[79.445,33.2055],[79.4545,33.25],[79.446,33.2645],[79.3685,33.2825],[79.314,33.273],[79.233,33.2975],[79.1255,33.2895],[79.096,33.2945],[79.0165,33.335],[78.9885,33.3325],[78.932,33.4325],[78.93,33.4735],[78.939,33.5265],[78.9135,33.574],[78.9155,33.622],[78.9885,33.611],[79.0185,33.623],[79.064,33.6265],[79.1055,33.6165],[79.0905,33.679],[79.0525,33.678],[79.019,33.7055],[79.0415,33.7495],[79.0185,33.7755],[78.96,33.8705],[78.948,33.9165],[78.9035,33.9715],[78.939,34.0235],[79.021,34.0505],[79.0825,34.0215],[79.111,34.0195],[79.1425,34.035],[79.15,34.068],[79.1775,34.0715],[79.1965,34.051],[79.246,34.051],[79.273,34.039],[79.3045,34.0425],[79.397,34.027],[79.431,34.0925],[79.4595,34.1015],[79.493,34.1355],[79.493,34.1795],[79.5055,34.2055],[79.5355,34.2055],[79.5775,34.229],[79.5905,34.2825],[79.558,34.332],[79.5525,34.3875],[79.558,34.411],[79.5265,34.4175],[79.5255,34.445],[79.507,34.474],[79.5785,34.4895],[79.651,34.488],[79.6605,34.4795],[79.732,34.478],[79.7925,34.4845],[79.811,34.4965],[79.8085,34.531],[79.757,34.5545],[79.7695,34.5815],[79.7915,34.5895],[79.7745,34.627],[79.819,34.6465],[79.859,34.6885],[79.8985,34.691],[79.943,34.6805],[80.043,34.704],[80.0695,34.7195],[80.0655,34.7905],[80.0715,34.828],[80.122,34.893],[80.169,34.9885],[80.184,35.063],[80.176,35.1365],[80.182,35.1665],[80.227,35.2275],[80.238,35.287],[80.2695,35.344],[80.282,35.3875],[80.2795,35.4405],[80.327,35.472],[80.3095,35.5535],[80.29,35.607],[80.2355,35.6415],[80.123,35.6735],[80.1015,35.6865],[80.0865,35.7245],[80.0565,35.7495],[80.0365,35.7995],[80.0085,35.831],[79.9705,35.84],[79.9085,35.817],[79.8695,35.7825],[79.7235,35.8055],[79.664,35.835],[79.5585,35.8615],[79.517,35.883],[79.4205,35.896],[79.4015,35.9185],[79.383,35.994],[79.3435,35.988],[79.2405,35.9865],[79.1965,35.961],[79.1865,35.9305],[79.1965,35.898],[79.1785,35.87],[79.1435,35.8415],[79.116,35.836],[79.0265,35.847],[79.0025,35.8565],[78.959,35.892],[78.9385,35.879],[78.862,35.8615],[78.803,35.8555],[78.7675,35.869],[78.7175,35.868],[78.6565,35.8535],[78.6295,35.824],[78.579,35.8075],[78.52,35.7635],[78.422,35.785],[78.3845,35.735],[78.3375,35.72],[78.272,35.7215],[78.2705,35.6685],[78.2535,35.645],[78.2055,35.6665],[78.1845,35.6235],[78.165,35.6125],[78.15,35.5775],[78.1555,35.5515],[78.0765,35.5485],[78.045,35.585],[77.9895,35.5815],[77.9655,35.571],[77.93,35.5155],[77.9315,35.489],[77.9045,35.469],[77.863,35.4805],[77.817,35.5125],[77.7855,35.495],[77.723,35.5145],[77.7215,35.475],[77.6645,35.472],[77.6495,35.487],[77.613,35.469],[77.511,35.488],[77.4495,35.4625],[77.3725,35.481],[77.3475,35.493],[77.3195,35.532],[77.377,35.55],[77.439,35.5175],[77.471,35.5205],[77.4555,35.593],[77.426,35.61],[77.4365,35.6405],[77.4005,35.662],[77.357,35.717],[77.284,35.7105],[77.2235,35.7145],[77.2195,35.7275],[77.162,35.74],[77.1185,35.796],[77.079,35.797],[77.0195,35.774],[76.934,35.7835],[76.8935,35.799],[76.8565,35.8305],[76.8105,35.8445],[76.7845,35.8895],[76.7215,35.953],[76.7685,36.009],[76.8075,36.02],[76.8005,36.0475],[76.725,36.078],[76.696,36.1355],[76.636,36.1845],[76.6,36.165],[76.562,36.1725],[76.5435,36.192],[76.4805,36.211],[76.456,36.24],[76.431,36.3075],[76.403,36.319],[76.351,36.3595],[76.2535,36.347],[76.1975,36.387],[76.172,36.3895],[76.124,36.437],[76.076,36.4735],[75.996,36.4835],[75.9225,36.502],[75.848,36.5435],[75.8085,36.5525],[75.747,36.588],[75.674,36.6955],[75.6155,36.761],[75.513,36.7915],[75.473,36.81],[75.459,36.83],[75.447,36.8795],[75.4215,36.886],[75.4075,36.916],[75.427,36.95],[75.4125,36.967],[75.375,36.96],[75.351,36.9805],[75.343,37.052],[75.264,37.0515],[75.2015,37.0205],[75.1725,36.9855],[75.135,36.9565],[75.095,36.942],[75.0175,36.9755],[74.9405,36.934],[74.91,36.912],[74.845,36.9895],[74.833,37.024],[74.778,37.029],[74.749,37.011],[74.7275,37.0255],[74.7075,37.077],[74.6585,37.057],[74.581,37.043],[74.5885,37.028],[74.5775,36.948],[74.5535,36.953],[74.5315,36.986],[74.429,36.9895],[74.415,36.9725],[74.3675,36.9585],[74.312,36.915],[74.2605,36.886],[74.168,36.902],[74.147,36.8475],[74.12,36.8315],[74.092,36.838],[74.0515,36.806],[74.025,36.8255],[73.9705,36.8395],[73.937,36.8735],[73.9125,36.8705],[73.878,36.8935],[73.835,36.886],[73.7105,36.912],[73.6805,36.885],[73.718,36.8565],[73.7225,36.8355],[73.8085,36.812],[73.833,36.7875],[73.8615,36.788],[73.9055,36.731],[73.883,36.6985],[73.808,36.716],[73.79,36.704],[73.724,36.7095],[73.7,36.684],[73.654,36.6955],[73.6325,36.6895],[73.6055,36.7135],[73.5105,36.715],[73.4815,36.733],[73.4355,36.744],[73.3685,36.732],[73.36,36.715],[73.314,36.706],[73.2525,36.7085],[73.209,36.7015],[73.193,36.72],[73.1255,36.686],[73.084,36.6815],[73.09,36.6425],[73.1115,36.6095],[73.061,36.537],[73.021,36.5245],[72.992,36.496],[72.9915,36.4575],[72.962,36.467],[72.9215,36.4625],[72.8785,36.4425],[72.8895,36.397],[72.8655,36.373],[72.829,36.3605],[72.778,36.309],[72.75,36.3045],[72.681,36.262],[72.636,36.276],[72.5965,36.2635],[72.585,36.23],[72.563,36.216],[72.551,36.1805],[72.573,36.1505],[72.536,36.114],[72.5305,36.074],[72.5495,36.056],[72.5855,36.05],[72.5955,36.0265],[72.5475,35.962],[72.5305,35.9525],[72.533,35.917],[72.569,35.9065],[72.601,35.8705],[72.645,35.8655],[72.694,35.8325],[72.7225,35.8535],[72.7765,35.8435],[72.7985,35.867],[72.845,35.8795],[72.901,35.881],[72.904,35.853],[72.957,35.847],[72.987,35.8605],[73.0375,35.854],[73.077,35.8855],[73.1535,35.841],[73.134,35.785],[73.1385,35.718],[73.215,35.6745],[73.272,35.629],[73.3665,35.605],[73.402,35.5655],[73.481,35.5765],[73.5315,35.5705],[73.5705,35.5545],[73.642,35.5685],[73.672,35.5505],[73.72,35.553],[73.734,35.536],[73.784,35.525],[73.7945,35.4595],[73.754,35.4415],[73.711,35.3865],[73.699,35.3225],[73.7265,35.2775],[73.7145,35.228],[73.731,35.217],[73.7765,35.2435],[73.846,35.229],[73.8645,35.2105],[73.9165,35.2115],[73.9585,35.174],[73.991,35.184],[74.044,35.146],[74.0795,35.154],[74.1335,35.1075]]]},"properties":{"shapeName":"Ladākh"}},
{"type":"Feature","geometry":{"type":"Polygon","coordinates":[[[77.2835,27.801],[77.2525,27.7905],[77.2135,27.8085],[77.1835,27.7875],[77.123,27.7935],[77.1085,27.7865],[77.045,27.822],[77.036,27.7815],[77.076,27.7665],[77.0855,27.738],[77.045,27.7435],[77,27.737],[76.979,27.6535],[76.943,27.674],[76.9155,27.6525],[76.8985,27.6775],[76.919,27.71],[76.894,27.718],[76.9025,27.7755],[76.9355,27.829],[76.943,27.854],[76.9315,27.9225],[76.931,27.9935],[76.9395,28.043],[76.954,28.0625],[76.9705,28.1385],[76.932,28.153],[76.8925,28.1835],[76.875,28.218],[76.838,28.22],[76.805,28.2045],[76.795,28.1485],[76.7625,28.1425],[76.7435,28.121],[76.7155,28.128],[76.685,28.0915],[76.657,28.0895],[76.6515,28.0615],[76.668,28.014],[76.6405,28.0025],[76.605,28.004],[76.5795,27.979],[76.5445,27.9635],[76.5455,28.0075],[76.5295,28.0405],[76.4545,28.0425],[76.499,28.1],[76.502,28.119],[76.4755,28.1485],[76.3565,28.1435],[76.358,28.161],[76.309,28.179],[76.2895,28.1705],[76.36,28.125],[76.3365,28.1025],[76.333,28.077],[76.3565,28.0675],[76.3425,28.0305],[76.321,28.016],[76.292,28.026],[76.2935,28.049],[76.261,28.0675],[76.228,28.0485],[76.178,28.0455],[76.177,28.0215],[76.1575,27.987],[76.1865,27.9655],[76.168,27.9035],[76.2015,27.8925],[76.194,27.8595],[76.225,27.833],[76.181,27.7975],[76.1325,27.8245],[76.1235,27.851],[76.089,27.8605],[76.048,27.835],[75.9715,27.852],[75.9875,27.904],[75.9385,27.914],[75.969,27.981],[76.0165,28.0305],[75.993,28.0465],[75.9835,28.0815],[75.9385,28.088],[75.9455,28.107],[76.026,28.1645],[76.0705,28.165],[76.013,28.246],[76.0265,28.275],[75.986,28.293],[75.9725,28.3185],[75.933,28.3365],[75.9295,28.359],[75.8905,28.383],[75.845,28.3915],[75.8155,28.41],[75.7765,28.404],[75.7885,28.4535],[75.7355,28.469],[75.7395,28.485],[75.69,28.5],[75.666,28.536],[75.6335,28.5445],[75.618,28.6035],[75.5615,28.613],[75.541,28.6605],[75.54,28.725],[75.505,28.7875],[75.52,28.834],[75.497,28.857],[75.4965,28.8965],[75.4735,28.9235],[75.5055,28.936],[75.5275,28.971],[75.5205,29.004],[75.4585,29.014],[75.4315,29.0565],[75.391,29.0625],[75.394,29.11],[75.3785,29.142],[75.3815,29.169],[75.407,29.1695],[75.412,29.243],[75.3895,29.261],[75.328,29.2355],[75.3405,29.281],[75.286,29.269],[75.284,29.249],[75.245,29.25],[75.21,29.2345],[75.188,29.2685],[75.163,29.244],[75.1245,29.24],[75.1195,29.223],[75.0755,29.2295],[75.05,29.286],[75.02,29.2865],[74.9985,29.2705],[74.961,29.2805],[74.961,29.3205],[74.9385,29.362],[74.9005,29.385],[74.8775,29.3835],[74.8505,29.4035],[74.8205,29.397],[74.7875,29.3615],[74.739,29.354],[74.7195,29.37],[74.658,29.372],[74.6545,29.333],[74.5995,29.3275],[74.6075,29.356],[74.578,29.3885],[74.5665,29.4205],[74.5365,29.4245],[74.5435,29.468],[74.5845,29.4585],[74.601,29.501],[74.622,29.522],[74.576,29.56],[74.5855,29.6545],[74.601,29.6905],[74.616,29.752],[74.5465,29.753],[74.534,29.7405],[74.477,29.7455],[74.4735,29.787],[74.485,29.815],[74.539,29.8405],[74.561,29.8695],[74.5435,29.9015],[74.51,29.908],[74.527,29.943],[74.2635,29.957],[74.1015,29.967],[73.8945,29.974],[73.8865,30.012],[73.904,30.05],[73.93,30.0685],[73.9705,30.125],[73.9725,30.198],[73.8265,30.091],[73.806,30.0675],[73.597,30.019],[73.397,29.946],[73.336,29.7415],[73.2825,29.572],[73.181,29.397],[73.0845,29.236],[73.0045,29.153],[72.945,29.0275],[72.7325,28.9475],[72.4795,28.812],[72.4035,28.783],[72.2995,28.6695],[72.28,28.607],[72.206,28.394],[72.132,28.313],[72.0165,28.2275],[71.996,28.208],[71.9275,28.1215],[71.8985,27.9615],[71.875,27.956],[71.666,27.878],[71.3825,27.8725],[71.205,27.8355],[70.906,27.7095],[70.8715,27.7055],[70.759,27.721],[70.684,27.828],[70.677,27.922],[70.5985,27.993],[70.589,28.0105],[70.5055,28.037],[70.439,28.02],[70.372,28.012],[70.296,27.936],[70.226,27.901],[70.1975,27.8665],[70.1455,27.8205],[70.123,27.7875],[70.0685,27.655],[70.0255,27.563],[69.9335,27.498],[69.8905,27.4335],[69.863,27.402],[69.76,27.321],[69.702,27.284],[69.6445,27.225],[69.587,27.1835],[69.513,27.01],[69.4975,26.867],[69.484,26.805],[69.51,26.7435],[69.7195,26.655],[69.7915,26.5985],[69.886,26.579],[69.9345,26.5815],[70.056,26.6005],[70.117,26.587],[70.174,26.5515],[70.184,26.485],[70.1765,26.424],[70.185,26.3745],[70.1635,26.295],[70.175,26.2515],[70.168,26.218],[70.141,26.156],[70.083,26.0835],[70.0995,25.9385],[70.174,25.8285],[70.222,25.793],[70.2515,25.7555],[70.2685,25.714],[70.3865,25.674],[70.448,25.682],[70.53,25.6835],[70.6085,25.715],[70.647,25.713],[70.6735,25.676],[70.667,25.5315],[70.678,25.5255],[70.6645,25.397],[70.7365,25.3325],[70.7515,25.278],[70.888,25.1485],[70.9155,25.0105],[70.9375,24.939],[70.992,24.8635],[71.0335,24.788],[71.065,24.7175],[71.0965,24.6895],[71.112,24.6755],[71.2875,24.616],[71.3135,24.648],[71.348,24.661],[71.3585,24.631],[71.3775,24.626],[71.478,24.6795],[71.608,24.677],[71.6555,24.639],[71.708,24.6615],[71.7365,24.66],[71.7725,24.6755],[71.803,24.6715],[71.8025,24.631],[71.816,24.62],[71.8655,24.6305],[71.858,24.6665],[71.872,24.6815],[71.9075,24.6775],[71.9255,24.636],[71.9645,24.6455],[71.984,24.686],[72.0615,24.712],[72.085,24.7065],[72.09,24.6585],[72.1245,24.6385],[72.1505,24.6435],[72.165,24.621],[72.192,24.62],[72.234,24.6405],[72.3445,24.6105],[72.3135,24.594],[72.276,24.6075],[72.2465,24.5855],[72.29,24.5505],[72.3535,24.5635],[72.3795,24.5125],[72.4415,24.515],[72.43,24.48],[72.4575,24.4145],[72.5005,24.417],[72.493,24.459],[72.541,24.5185],[72.576,24.479],[72.6565,24.462],[72.68,24.443],[72.692,24.406],[72.731,24.364],[72.806,24.363],[72.85,24.372],[72.891,24.357],[72.9105,24.337],[72.975,24.3685],[72.961,24.405],[72.981,24.434],[72.968,24.4505],[73.0015,24.469],[73.043,24.469],[73.087,24.498],[73.102,24.4705],[73.103,24.433],[73.0765,24.3965],[73.152,24.3545],[73.1985,24.377],[73.2195,24.364],[73.1985,24.332],[73.1745,24.33],[73.1665,24.299],[73.1355,24.3085],[73.1255,24.2735],[73.0955,24.2495],[73.092,24.223],[73.0675,24.1945],[73.1295,24.1225],[73.159,24.098],[73.214,24.0775],[73.193,24.041],[73.2295,24.022],[73.243,24.002],[73.2825,24.019],[73.3255,24.0775],[73.3215,24.097],[73.362,24.1045],[73.361,24.081],[73.4045,24.041],[73.415,23.9855],[73.4135,23.939],[73.3875,23.916],[73.354,23.853],[73.368,23.814],[73.352,23.7915],[73.3715,23.7705],[73.399,23.783],[73.4455,23.755],[73.4735,23.705],[73.5075,23.703],[73.494,23.6325],[73.523,23.607],[73.5685,23.653],[73.6155,23.652],[73.6555,23.621],[73.633,23.5285],[73.6565,23.5075],[73.6335,23.47],[73.646,23.4415],[73.692,23.4585],[73.7135,23.4135],[73.7675,23.453],[73.779,23.431],[73.8285,23.444],[73.8305,23.426],[73.874,23.377],[73.8745,23.3635],[73.9185,23.3355],[73.938,23.368],[73.9625,23.381],[73.982,23.338],[74.0285,23.3315],[74.038,23.2935],[74.107,23.2935],[74.139,23.266],[74.141,23.223],[74.1255,23.204],[74.128,23.176],[74.183,23.1665],[74.203,23.19],[74.2725,23.1595],[74.293,23.117],[74.2885,23.089],[74.3245,23.0615],[74.356,23.08],[74.386,23.1115],[74.432,23.105],[74.464,23.0815],[74.5395,23.1035],[74.5395,23.1295],[74.5965,23.138],[74.6495,23.175],[74.6715,23.2],[74.715,23.1905],[74.7415,23.2085],[74.698,23.226],[74.713,23.2505],[74.678,23.2715],[74.627,23.259],[74.6095,23.2825],[74.585,23.2795],[74.515,23.3155],[74.535,23.331],[74.5465,23.365],[74.5695,23.3785],[74.575,23.4235],[74.599,23.429],[74.61,23.452],[74.652,23.4625],[74.701,23.504],[74.7615,23.521],[74.773,23.544],[74.803,23.5325],[74.84,23.55],[74.87,23.592],[74.9365,23.6285],[74.922,23.6665],[74.9035,23.6845],[74.9185,23.706],[74.9405,23.7645],[74.9115,23.826],[74.9025,23.873],[74.931,23.9575],[74.9625,23.979],[74.974,24.04],[74.9395,24.054],[74.9035,24.109],[74.896,24.1575],[74.8795,24.1735],[74.91,24.21],[74.868,24.243],[74.775,24.2385],[74.749,24.2585],[74.7815,24.289],[74.781,24.3385],[74.8115,24.3825],[74.856,24.429],[74.83,24.435],[74.815,24.4685],[74.7765,24.4605],[74.7445,24.4685],[74.712,24.5005],[74.7445,24.5135],[74.7535,24.554],[74.7435,24.5715],[74.7865,24.586],[74.7795,24.6155],[74.803,24.634],[74.814,24.666],[74.772,24.6615],[74.7835,24.6915],[74.784,24.728],[74.804,24.735],[74.86,24.683],[74.889,24.6335],[74.929,24.6355],[74.9925,24.6935],[74.9925,24.7315],[75.0165,24.732],[75.007,24.7715],[74.9815,24.7635],[74.907,24.7815],[74.861,24.7985],[74.859,24.8385],[74.8405,24.885],[74.826,24.9005],[74.8335,24.9595],[74.859,24.9625],[74.8675,24.9295],[74.903,24.93],[74.9105,24.894],[74.948,24.8645],[74.9855,24.8535],[75.0485,24.85],[75.0765,24.8805],[75.119,24.8825],[75.1135,24.967],[75.152,24.989],[75.17,25.049],[75.1925,25.0335],[75.2675,25.0425],[75.3345,25.041],[75.314,24.979],[75.3355,24.9435],[75.3155,24.8945],[75.2945,24.909],[75.264,24.8955],[75.2635,24.875],[75.318,24.8605],[75.3265,24.875],[75.3735,24.8675],[75.4075,24.8845],[75.4255,24.869],[75.396,24.8415],[75.298,24.807],[75.2905,24.8335],[75.2405,24.846],[75.2525,24.813],[75.2155,24.8025],[75.188,24.7435],[75.2285,24.7175],[75.262,24.7155],[75.371,24.6925],[75.4555,24.6805],[75.49,24.687],[75.534,24.7125],[75.5495,24.703],[75.583,24.7135],[75.611,24.681],[75.646,24.685],[75.683,24.724],[75.757,24.7615],[75.802,24.7565],[75.838,24.718],[75.825,24.6675],[75.848,24.663],[75.8465,24.631],[75.8785,24.5835],[75.9145,24.5725],[75.904,24.5485],[75.9115,24.5135],[75.909,24.455],[75.8755,24.4265],[75.839,24.414],[75.81,24.434],[75.814,24.462],[75.7855,24.468],[75.756,24.4205],[75.74,24.377],[75.743,24.34],[75.7665,24.298],[75.811,24.296],[75.818,24.2385],[75.8075,24.218],[75.7795,24.2105],[75.774,24.1805],[75.752,24.148],[75.793,24.092],[75.835,24.0915],[75.837,24.057],[75.7805,24.04],[75.7655,23.9925],[75.702,23.9665],[75.699,23.988],[75.671,24.018],[75.631,23.995],[75.588,23.9905],[75.521,24.0245],[75.469,23.9745],[75.4595,23.9205],[75.4915,23.907],[75.566,23.8535],[75.559,23.8285],[75.5835,23.7945],[75.6545,23.7985],[75.693,23.776],[75.69,23.8135],[75.7215,23.812],[75.7315,23.853],[75.7015,23.873],[75.706,23.8995],[75.753,23.887],[75.7655,23.8505],[75.794,23.867],[75.8705,23.8905],[75.886,23.879],[75.929,23.899],[75.9875,23.941],[75.985,23.9735],[75.9635,24.0185],[75.9985,24.0205],[76.0215,24.0345],[76.042,24.066],[76.127,24.088],[76.131,24.1165],[76.1135,24.164],[76.1175,24.194],[76.1485,24.2315],[76.1415,24.2675],[76.1595,24.2825],[76.1855,24.3295],[76.204,24.298],[76.203,24.2205],[76.2855,24.2095],[76.2875,24.23],[76.34,24.244],[76.402,24.2155],[76.4305,24.2215],[76.452,24.209],[76.505,24.203],[76.5135,24.1655],[76.5275,24.157],[76.577,24.178],[76.5705,24.209],[76.611,24.2385],[76.6165,24.258],[76.6665,24.2625],[76.6955,24.2845],[76.702,24.2415],[76.676,24.191],[76.699,24.1685],[76.7565,24.169],[76.802,24.1165],[76.8545,24.1355],[76.901,24.127],[76.916,24.1875],[76.9125,24.238],[76.889,24.245],[76.863,24.273],[76.8415,24.3225],[76.8365,24.359],[76.852,24.3705],[76.8375,24.4085],[76.85,24.4265],[76.8465,24.4865],[76.8165,24.5335],[76.863,24.5495],[76.884,24.5215],[76.9175,24.5435],[76.9185,24.4805],[76.943,24.465],[76.978,24.461],[77.029,24.496],[77.0295,24.517],[77.0545,24.5265],[77.0715,24.5725],[77.065,24.644],[77.0305,24.712],[76.999,24.718],[76.9635,24.7565],[76.9465,24.759],[76.907,24.7315],[76.8905,24.747],[76.856,24.7425],[76.8465,24.77],[76.8025,24.8095],[76.832,24.838],[76.8975,24.8385],[76.9405,24.857],[76.9125,24.888],[76.923,24.9135],[76.862,24.9615],[76.8755,25.0075],[76.876,25.0415],[76.9455,25.0465],[76.9885,25.0725],[77.082,25.058],[77.123,25.067],[77.1335,25.0855],[77.167,25.085],[77.1745,25.1115],[77.2885,25.1065],[77.311,25.0795],[77.376,25.105],[77.396,25.138],[77.4005,25.184],[77.4145,25.2205],[77.355,25.2635],[77.374,25.2745],[77.3815,25.3055],[77.3515,25.37],[77.3575,25.399],[77.3315,25.427],[77.291,25.4225],[77.2675,25.396],[77.234,25.379],[77.209,25.306],[77.165,25.3085],[77.125,25.3305],[77.0835,25.3365],[77.0455,25.3195],[77.0315,25.2945],[76.9295,25.303],[76.899,25.324],[76.857,25.3325],[76.7775,25.3155],[76.7295,25.3285],[76.7005,25.3515],[76.6695,25.349],[76.64,25.3835],[76.6235,25.3765],[76.5875,25.432],[76.556,25.4525],[76.5555,25.483],[76.5165,25.5275],[76.5055,25.5795],[76.514,25.603],[76.499,25.6375],[76.504,25.6645],[76.479,25.6845],[76.48,25.717],[76.5235,25.74],[76.5155,25.776],[76.53,25.8115],[76.5825,25.87],[76.615,25.868],[76.642,25.908],[76.7065,25.9],[76.791,25.943],[76.807,25.99],[76.84,26.026],[76.8855,26.048],[76.901,26.093],[76.948,26.103],[76.999,26.13],[77.0315,26.1725],[77.0985,26.1845],[77.1165,26.2205],[77.135,26.2335],[77.204,26.23],[77.27,26.267],[77.3165,26.312],[77.321,26.3335],[77.374,26.3655],[77.3905,26.3565],[77.4485,26.368],[77.4375,26.4035],[77.486,26.411],[77.5235,26.4075],[77.5585,26.4355],[77.6135,26.4525],[77.6335,26.4785],[77.6755,26.503],[77.7265,26.502],[77.74,26.5335],[77.7835,26.552],[77.812,26.547],[77.8325,26.5615],[77.8275,26.596],[77.859,26.614],[77.8965,26.6175],[77.8975,26.6535],[77.9535,26.659],[78.0005,26.695],[78.0955,26.681],[78.092,26.715],[78.1175,26.7415],[78.1015,26.7795],[78.1165,26.7965],[78.155,26.784],[78.1675,26.8145],[78.223,26.8305],[78.202,26.8665],[78.234,26.876],[78.2715,26.921],[78.2165,26.935],[78.1245,26.9495],[78.12,26.9215],[78.096,26.894],[78.048,26.9075],[77.987,26.8895],[77.9485,26.8935],[77.9065,26.918],[77.8775,26.9025],[77.7745,26.932],[77.7325,26.92],[77.7175,26.8975],[77.7225,26.8745],[77.6865,26.875],[77.6745,26.8575],[77.5575,26.8175],[77.517,26.826],[77.467,26.7735],[77.437,26.7845],[77.398,26.8305],[77.49,26.9005],[77.583,26.924],[77.661,26.971],[77.7435,26.983],[77.7595,27.018],[77.733,27.0235],[77.712,26.997],[77.6895,27.0265],[77.602,27.0225],[77.567,27.047],[77.5715,27.072],[77.5265,27.078],[77.5505,27.1115],[77.598,27.118],[77.5975,27.139],[77.6585,27.17],[77.681,27.1945],[77.645,27.217],[77.653,27.235],[77.6055,27.2905],[77.622,27.313],[77.6125,27.332],[77.577,27.328],[77.548,27.337],[77.507,27.377],[77.44,27.3905],[77.421,27.422],[77.438,27.4565],[77.4015,27.4765],[77.401,27.4975],[77.34,27.5265],[77.3345,27.5915],[77.317,27.607],[77.346,27.6395],[77.341,27.7035],[77.304,27.711],[77.3195,27.7335],[77.3105,27.783],[77.2835,27.801]]]},"properties":{"shapeName":"Rājasthān"}},
{"type":"Feature","geometry":{"type":"Polygon","coordinates":[[[77.5515,18.292],[77.6055,18.2815],[77.573,18.2395],[77.5855,18.22],[77.5705,18.192],[77.597,18.156],[77.597,18.087],[77.5485,18.065],[77.554,18.036],[77.5855,18.016],[77.649,17.999],[77.6495,17.959],[77.6185,17.9395],[77.619,17.904],[77.57,17.8675],[77.5675,17.8455],[77.515,17.8055],[77.509,17.788],[77.5675,17.7595],[77.5565,17.7375],[77.4525,17.6945],[77.4485,17.651],[77.456,17.6325],[77.443,17.584],[77.494,17.5685],[77.5285,17.5755],[77.5505,17.5515],[77.588,17.56],[77.597,17.5345],[77.662,17.523],[77.6925,17.499],[77.688,17.475],[77.6525,17.4825],[77.6175,17.474],[77.6145,17.446],[77.576,17.456],[77.576,17.4305],[77.5375,17.444],[77.513,17.431],[77.5375,17.4025],[77.525,17.3645],[77.5025,17.357],[77.4535,17.374],[77.456,17.331],[77.438,17.292],[77.4585,17.279],[77.4265,17.2565],[77.4205,17.2375],[77.38,17.2225],[77.3625,17.1645],[77.378,17.14],[77.4065,17.1245],[77.4645,17.108],[77.463,17.094],[77.4965,17.0425],[77.502,17.0095],[77.4795,16.996],[77.4815,16.9705],[77.4565,16.9],[77.467,16.7805],[77.443,16.7625],[77.426,16.723],[77.474,16.7165],[77.464,16.6765],[77.419,16.6685],[77.468,16.61],[77.424,16.569],[77.417,16.5175],[77.3815,16.5155],[77.369,16.4885],[77.265,16.4725],[77.269,16.4305],[77.288,16.4085],[77.349,16.384],[77.378,16.3855],[77.421,16.366],[77.441,16.381],[77.4895,16.385],[77.588,16.3335],[77.5955,16.318],[77.522,16.278],[77.49,16.255],[77.503,16.2235],[77.4915,16.1845],[77.49,16.1195],[77.507,16.0795],[77.494,16.037],[77.514,16.008],[77.52,15.967],[77.5135,15.927],[77.549,15.919],[77.6115,15.918],[77.659,15.8855],[77.693,15.8835],[77.724,15.896],[77.8035,15.874],[77.8585,15.8835],[77.888,15.906],[77.937,15.8835],[77.9755,15.8835],[78.009,15.865],[78.0255,15.9025],[78.047,15.875],[78.099,15.836],[78.13,15.838],[78.1355,15.8545],[78.1755,15.858],[78.19,15.8925],[78.1845,15.91],[78.2515,15.935],[78.2515,15.977],[78.261,16.026],[78.2995,16.0115],[78.3265,16.037],[78.3655,16.047],[78.408,16.075],[78.475,16.0685],[78.5575,16.045],[78.6015,16.084],[78.6505,16.079],[78.681,16.035],[78.7355,16.008],[78.7855,16.021],[78.837,16.0705],[78.8425,16.0965],[78.833,16.1375],[78.872,16.144],[78.8955,16.0855],[78.922,16.1045],[78.9225,16.14],[78.9045,16.1745],[78.911,16.1885],[78.968,16.211],[78.9855,16.2105],[79.0095,16.24],[79.029,16.242],[79.1015,16.223],[79.124,16.231],[79.172,16.2105],[79.2065,16.221],[79.2225,16.242],[79.2335,16.336],[79.2145,16.3495],[79.2075,16.385],[79.221,16.5145],[79.245,16.532],[79.252,16.5595],[79.2815,16.5605],[79.34,16.5825],[79.4185,16.5805],[79.439,16.613],[79.5105,16.636],[79.542,16.6325],[79.599,16.6735],[79.633,16.6605],[79.6815,16.6945],[79.723,16.6905],[79.7445,16.719],[79.7925,16.7255],[79.8175,16.692],[79.851,16.706],[79.8855,16.6875],[79.8935,16.65],[79.934,16.6315],[79.963,16.6435],[79.9975,16.702],[80.03,16.7145],[80.055,16.7445],[80.054,16.7655],[80.0735,16.817],[80.048,16.8335],[80.047,16.8535],[80.004,16.862],[80.0175,16.915],[80.0405,16.918],[80.0555,16.9715],[80.0915,16.9685],[80.095,16.9905],[80.14,16.9905],[80.1875,17.02],[80.265,16.9975],[80.2825,17.0075],[80.3065,16.974],[80.305,16.9535],[80.325,16.9005],[80.3215,16.8795],[80.341,16.8595],[80.408,16.8485],[80.464,16.82],[80.4645,16.7955],[80.5045,16.7785],[80.57,16.768],[80.597,16.79],[80.563,16.833],[80.5685,16.8695],[80.596,16.8845],[80.602,16.9185],[80.5345,16.9615],[80.4955,16.95],[80.4935,16.9275],[80.4495,16.955],[80.3715,16.976],[80.388,17.0095],[80.407,17.016],[80.3855,17.068],[80.409,17.0915],[80.4385,17.0375],[80.465,17.03],[80.5055,17.0685],[80.504,17.0925],[80.5275,17.119],[80.563,17.133],[80.58,17.153],[80.6365,17.1285],[80.6705,17.101],[80.6665,17.0675],[80.6995,17.084],[80.829,17.053],[80.8455,17.04],[80.876,17.075],[80.8795,17.161],[80.924,17.158],[80.919,17.22],[80.9985,17.1905],[81.0315,17.1905],[81.0545,17.225],[81.0795,17.2155],[81.1595,17.231],[81.1875,17.2545],[81.1765,17.2875],[81.1905,17.325],[81.274,17.317],[81.3055,17.346],[81.3225,17.3745],[81.3125,17.409],[81.2685,17.4185],[81.2455,17.433],[81.2025,17.434],[81.1485,17.4635],[81.1595,17.4845],[81.1225,17.526],[81.101,17.5055],[81.08,17.515],[81.015,17.522],[80.9985,17.5645],[80.9695,17.598],[80.8555,17.602],[80.8615,17.6345],[80.911,17.638],[80.898,17.669],[80.8855,17.7355],[80.9465,17.76],[80.966,17.78],[80.9915,17.75],[81.0405,17.7475],[81.058,17.733],[81.0955,17.7625],[81.0855,17.798],[81.0465,17.7825],[81.008,17.7985],[80.9965,17.849],[80.9985,17.917],[80.988,17.9435],[80.9695,18.048],[80.9495,18.086],[80.9555,18.1325],[80.9785,18.154],[80.979,18.179],[80.914,18.1445],[80.8665,18.1405],[80.855,18.2075],[80.866,18.2335],[80.8235,18.2395],[80.824,18.1945],[80.799,18.1715],[80.737,18.177],[80.737,18.222],[80.7915,18.251],[80.749,18.3085],[80.7315,18.355],[80.732,18.401],[80.696,18.425],[80.7015,18.4445],[80.6555,18.476],[80.6,18.553],[80.5355,18.5905],[80.5145,18.6195],[80.487,18.632],[80.4545,18.6305],[80.4185,18.6115],[80.3735,18.6115],[80.346,18.5955],[80.317,18.643],[80.305,18.6825],[80.273,18.723],[80.2485,18.7065],[80.213,18.7055],[80.1995,18.683],[80.156,18.7005],[80.1245,18.6815],[80.053,18.725],[80.0185,18.7705],[79.964,18.774],[79.914,18.824],[79.9615,18.8665],[79.9535,18.9045],[79.957,18.943],[79.9415,18.992],[79.932,19.048],[79.8685,19.0445],[79.859,19.093],[79.874,19.124],[79.946,19.1695],[79.9255,19.2105],[79.931,19.251],[79.9655,19.313],[79.959,19.336],[79.9795,19.3885],[79.9725,19.416],[79.9475,19.4495],[79.945,19.47],[79.9145,19.496],[79.8645,19.5105],[79.8285,19.5435],[79.8165,19.574],[79.7785,19.5995],[79.7355,19.605],[79.709,19.5845],[79.6295,19.574],[79.614,19.5595],[79.603,19.5145],[79.584,19.509],[79.553,19.524],[79.54,19.5545],[79.5185,19.543],[79.5185,19.52],[79.4985,19.5055],[79.469,19.5095],[79.4335,19.5375],[79.4055,19.5355],[79.3655,19.5765],[79.3185,19.5765],[79.307,19.5965],[79.273,19.599],[79.237,19.557],[79.24,19.5355],[79.204,19.494],[79.2235,19.469],[79.1905,19.459],[79.1615,19.4885],[79.1055,19.5225],[79.046,19.5485],[78.998,19.54],[78.9465,19.5615],[78.9665,19.574],[78.9555,19.6],[78.9555,19.656],[78.9035,19.67],[78.8865,19.655],[78.852,19.6585],[78.86,19.6895],[78.8405,19.7565],[78.797,19.76],[78.7865,19.7765],[78.724,19.768],[78.7015,19.7865],[78.552,19.824],[78.515,19.819],[78.485,19.796],[78.4725,19.8175],[78.423,19.8175],[78.386,19.846],[78.3805,19.8805],[78.337,19.883],[78.307,19.9145],[78.299,19.875],[78.3015,19.8405],[78.3365,19.838],[78.334,19.8145],[78.3575,19.8055],[78.3645,19.781],[78.343,19.713],[78.312,19.691],[78.276,19.6925],[78.2625,19.665],[78.2905,19.646],[78.3055,19.607],[78.3035,19.5695],[78.2745,19.554],[78.309,19.481],[78.3045,19.456],[78.2685,19.4485],[78.2445,19.429],[78.22,19.433],[78.1925,19.4065],[78.172,19.3595],[78.194,19.315],[78.1765,19.2785],[78.1755,19.2375],[78.1445,19.2295],[78.117,19.2485],[78.0555,19.237],[78.0425,19.2705],[77.945,19.3425],[77.9115,19.3165],[77.8635,19.304],[77.875,19.259],[77.8475,19.1895],[77.8605,19.1805],[77.8355,19.138],[77.851,19.092],[77.8315,19.086],[77.8045,19.1005],[77.8005,19.051],[77.765,19.0625],[77.762,19.032],[77.791,18.983],[77.822,18.9785],[77.8165,18.9475],[77.8585,18.949],[77.8435,18.9085],[77.885,18.9005],[77.9035,18.8665],[77.949,18.8435],[77.9345,18.8225],[77.9065,18.8265],[77.84,18.805],[77.79,18.695],[77.76,18.707],[77.73,18.667],[77.7505,18.589],[77.7385,18.557],[77.7015,18.555],[77.6515,18.5325],[77.6395,18.555],[77.5965,18.549],[77.6005,18.5275],[77.573,18.47],[77.5855,18.447],[77.56,18.4375],[77.5515,18.389],[77.5255,18.3725],[77.5315,18.3385],[77.558,18.3315],[77.5715,18.309],[77.5515,18.292]]]},"properties":{"shapeName":"Telangāna"}},
{"type":"Feature","geometry":{"type":"Polygon","coordinates":[[[80.2685,13.5645],[80.243,13.616],[80.234,13.657],[80.235,13.7055],[80.2545,13.7765],[80.218,13.8815],[80.2015,13.91],[80.143,14.055],[80.127,14.15],[80.131,14.229],[80.1495,14.3045],[80.167,14.3445],[80.181,14.515],[80.196,14.5865],[80.171,14.614],[80.1355,14.718],[80.111,14.744],[80.0885,14.825],[80.087,14.8695],[80.067,14.9355],[80.053,15.012],[80.047,15.0805],[80.0545,15.119],[80.0835,15.191],[80.084,15.2525],[80.092,15.2935],[80.123,15.3685],[80.206,15.4735],[80.238,15.6025],[80.284,15.688],[80.3455,15.7515],[80.433,15.806],[80.497,15.836],[80.5745,15.863],[80.64,15.8775],[80.719,15.8805],[80.782,15.8635],[80.8125,15.8315],[80.7915,15.821],[80.816,15.741],[80.8155,15.714],[80.8435,15.707],[80.9245,15.7195],[80.9395,15.717],[81.0085,15.7545],[81.0145,15.7725],[80.9955,15.8035],[81.001,15.8325],[81.0715,15.9115],[81.148,15.974],[81.1495,16.0245],[81.1765,16.0725],[81.1975,16.124],[81.2135,16.2075],[81.238,16.247],[81.27,16.2795],[81.3415,16.3225],[81.428,16.3475],[81.5115,16.355],[81.6905,16.328],[81.721,16.307],[81.835,16.3675],[81.906,16.39],[81.9565,16.396],[81.973,16.4095],[82.122,16.4835],[82.233,16.5415],[82.312,16.5615],[82.323,16.578],[82.3295,16.623],[82.317,16.6585],[82.364,16.71],[82.344,16.748],[82.3585,16.8095],[82.348,16.8545],[82.3035,16.874],[82.267,16.8725],[82.248,16.905],[82.2515,16.938],[82.2695,16.94],[82.2875,17.013],[82.3195,17.0575],[82.422,17.156],[82.5005,17.22],[82.549,17.254],[82.68,17.331],[82.726,17.355],[82.869,17.4165],[82.99,17.473],[83.0205,17.507],[83.127,17.551],[83.162,17.56],[83.213,17.591],[83.2395,17.6315],[83.2945,17.675],[83.297,17.6935],[83.347,17.7265],[83.3545,17.7555],[83.3855,17.777],[83.4115,17.81],[83.424,17.86],[83.4445,17.873],[83.4715,17.9125],[83.542,17.9615],[83.5685,18.01],[83.693,18.0965],[83.7495,18.129],[83.8605,18.1745],[83.8785,18.1905],[83.936,18.209],[84.013,18.25],[84.0715,18.2765],[84.1285,18.3135],[84.1275,18.334],[84.1485,18.374],[84.231,18.454],[84.3545,18.555],[84.3685,18.593],[84.44,18.6595],[84.4695,18.7145],[84.5515,18.7905],[84.558,18.818],[84.6035,18.89],[84.671,18.9525],[84.744,19.045],[84.7645,19.0775],[84.6955,19.1275],[84.708,19.1605],[84.6665,19.164],[84.6645,19.1325],[84.605,19.13],[84.6075,19.1015],[84.6615,19.0885],[84.652,19.0685],[84.6255,19.067],[84.5795,19.031],[84.5815,19.069],[84.5245,19.047],[84.4805,19.0175],[84.476,18.992],[84.429,18.97],[84.422,18.9485],[84.436,18.922],[84.416,18.8985],[84.3795,18.8875],[84.3755,18.8655],[84.319,18.788],[84.287,18.805],[84.2655,18.785],[84.1935,18.7925],[84.1615,18.79],[84.1015,18.761],[84.076,18.7655],[84.0365,18.8175],[83.959,18.815],[83.8855,18.832],[83.8515,18.8595],[83.846,18.9135],[83.82,18.939],[83.822,18.96],[83.7925,19.019],[83.7455,18.9965],[83.757,18.9515],[83.7825,18.9345],[83.7675,18.915],[83.7405,18.95],[83.73,19.022],[83.7,19.0255],[83.663,19.099],[83.632,19.1405],[83.5995,19.1365],[83.6085,19.097],[83.5195,19.039],[83.481,19.0785],[83.4645,19.081],[83.478,19.0095],[83.4505,19.0135],[83.468,18.97],[83.341,19.019],[83.3085,18.9965],[83.3485,18.9265],[83.395,18.8795],[83.402,18.8435],[83.346,18.828],[83.2825,18.799],[83.2795,18.775],[83.2415,18.769],[83.216,18.7465],[83.176,18.772],[83.137,18.7865],[83.1205,18.7585],[83.071,18.7065],[83.056,18.6665],[83.023,18.6555],[82.999,18.6085],[83.024,18.5895],[83.0455,18.544],[83.088,18.5535],[83.053,18.4865],[83.019,18.457],[83.0415,18.427],[83.0755,18.404],[83.0525,18.3805],[83.02,18.3925],[82.995,18.3865],[82.965,18.3595],[82.938,18.3615],[82.8905,18.3905],[82.895,18.424],[82.8695,18.419],[82.814,18.4515],[82.7805,18.4315],[82.792,18.387],[82.7695,18.3385],[82.7135,18.323],[82.6555,18.297],[82.636,18.2375],[82.5905,18.281],[82.593,18.3295],[82.621,18.3595],[82.595,18.3895],[82.5605,18.4005],[82.5415,18.422],[82.5615,18.4485],[82.533,18.4585],[82.526,18.5165],[82.503,18.5145],[82.4795,18.5415],[82.444,18.52],[82.43,18.4875],[82.402,18.465],[82.3805,18.4335],[82.384,18.368],[82.339,18.323],[82.391,18.3265],[82.3905,18.2985],[82.375,18.2815],[82.343,18.2815],[82.314,18.185],[82.3515,18.1725],[82.334,18.1065],[82.35,18.0775],[82.342,18.0585],[82.3065,18.0455],[82.2895,18.0695],[82.271,18.058],[82.2645,17.9955],[82.186,18.016],[82.167,18.0525],[82.1005,18.061],[82.0055,18.057],[81.9925,18.028],[81.962,18.001],[81.92,17.9965],[81.9035,17.9815],[81.808,17.9565],[81.788,17.926],[81.7115,17.873],[81.6945,17.8985],[81.662,17.881],[81.641,17.84],[81.617,17.823],[81.5745,17.839],[81.5635,17.827],[81.4885,17.8145],[81.4765,17.8385],[81.417,17.814],[81.396,17.82],[81.3935,17.7945],[81.3545,17.8135],[81.2655,17.811],[81.1995,17.847],[81.1685,17.8555],[81.0855,17.798],[81.0955,17.7625],[81.058,17.733],[81.0405,17.7475],[80.9915,17.75],[80.966,17.78],[80.9465,17.76],[80.8855,17.7355],[80.898,17.669],[80.911,17.638],[80.8615,17.6345],[80.8555,17.602],[80.9695,17.598],[80.9985,17.5645],[81.015,17.522],[81.08,17.515],[81.101,17.5055],[81.1225,17.526],[81.1595,17.4845],[81.1485,17.4635],[81.2025,17.434],[81.2455,17.433],[81.2685,17.4185],[81.3125,17.409],[81.3225,17.3745],[81.3055,17.346],[81.274,17.317],[81.1905,17.325],[81.1765,17.2875],[81.1875,17.2545],[81.1595,17.231],[81.0795,17.2155],[81.0545,17.225],[81.0315,17.1905],[80.9985,17.1905],[80.919,17.22],[80.924,17.158],[80.8795,17.161],[80.876,17.075],[80.8455,17.04],[80.829,17.053],[80.6995,17.084],[80.6665,17.0675],[80.6705,17.101],[80.6365,17.1285],[80.58,17.153],[80.563,17.133],[80.5275,17.119],[80.504,17.0925],[80.5055,17.0685],[80.465,17.03],[80.4385,17.0375],[80.409,17.0915],[80.3855,17.068],[80.407,17.016],[80.388,17.0095],[80.3715,16.976],[80.4495,16.955],[80.4935,16.9275],[80.4955,16.95],[80.5345,16.9615],[80.602,16.9185],[80.596,16.8845],[80.5685,16.8695],[80.563,16.833],[80.597,16.79],[80.57,16.768],[80.5045,16.7785],[80.4645,16.7955],[80.464,16.82],[80.408,16.8485],[80.341,16.8595],[80.3215,16.8795],[80.325,16.9005],[80.305,16.9535],[80.3065,16.974],[80.2825,17.0075],[80.265,16.9975],[80.1875,17.02],[80.14,16.9905],[80.095,16.9905],[80.0915,16.9685],[80.0555,16.9715],[80.0405,16.918],[80.0175,16.915],[80.004,16.862],[80.047,16.8535],[80.048,16.8335],[80.0735,16.817],[80.054,16.7655],[80.055,16.7445],[80.03,16.7145],[79.9975,16.702],[79.963,16.6435],[79.934,16.6315],[79.8935,16.65],[79.8855,16.6875],[79.851,16.706],[79.8175,16.692],[79.7925,16.7255],[79.7445,16.719],[79.723,16.6905],[79.6815,16.6945],[79.633,16.6605],[79.599,16.6735],[79.542,16.6325],[79.5105,16.636],[79.439,16.613],[79.4185,16.5805],[79.34,16.5825],[79.2815,16.5605],[79.252,16.5595],[79.245,16.532],[79.221,16.5145],[79.2075,16.385],[79.2145,16.3495],[79.2335,16.336],[79.2225,16.242],[79.2065,16.221],[79.172,16.2105],[79.124,16.231],[79.1015,16.223],[79.029,16.242],[79.0095,16.24],[78.9855,16.2105],[78.968,16.211],[78.911,16.1885],[78.9045,16.1745],[78.9225,16.14],[78.922,16.1045],[78.8955,16.0855],[78.872,16.144],[78.833,16.1375],[78.8425,16.0965],[78.837,16.0705],[78.7855,16.021],[78.7355,16.008],[78.681,16.035],[78.6505,16.079],[78.6015,16.084],[78.5575,16.045],[78.475,16.0685],[78.408,16.075],[78.3655,16.047],[78.3265,16.037],[78.2995,16.0115],[78.261,16.026],[78.2515,15.977],[78.2515,15.935],[78.1845,15.91],[78.19,15.8925],[78.1755,15.858],[78.1355,15.8545],[78.13,15.838],[78.099,15.836],[78.047,15.875],[78.0255,15.9025],[78.009,15.865],[77.9755,15.8835],[77.937,15.8835],[77.888,15.906],[77.8585,15.8835],[77.8035,15.874],[77.724,15.896],[77.693,15.8835],[77.659,15.8855],[77.6115,15.918],[77.549,15.919],[77.5135,15.927],[77.466,15.9345],[77.4295,15.949],[77.38,15.94],[77.3615,15.9495],[77.2845,15.954],[77.249,15.9645],[77.1855,15.957],[77.1055,15.93],[77.071,15.909],[77.025,15.8375],[77.063,15.8295],[77.064,15.803],[77.049,15.7305],[77.0795,15.7275],[77.0825,15.6985],[77.129,15.666],[77.1215,15.631],[77.083,15.659],[77.0305,15.6345],[77.0265,15.582],[77.029,15.5005],[76.9745,15.5105],[77.011,15.449],[77.032,15.4355],[77.029,15.4075],[77.0475,15.39],[77.045,15.3555],[77.0745,15.326],[77.117,15.326],[77.1195,15.296],[77.152,15.2755],[77.125,15.227],[77.1475,15.224],[77.166,15.1885],[77.1565,15.123],[77.13,15.101],[77.113,15.034],[77.085,15.0305],[77.0825,15.006],[77.044,15.01],[77.0495,15.033],[77.004,15.034],[76.966,15.018],[76.9495,15.0305],[76.878,15.0355],[76.836,15.0795],[76.8005,15.096],[76.7735,15.059],[76.79,15.0205],[76.7665,14.9755],[76.842,14.9665],[76.8675,14.97],[76.864,14.8955],[76.8525,14.887],[76.8515,14.8085],[76.837,14.791],[76.7825,14.786],[76.803,14.742],[76.7755,14.681],[76.765,14.602],[76.7805,14.593],[76.8065,14.531],[76.8555,14.5095],[76.868,14.474],[76.9005,14.489],[76.975,14.4855],[76.948,14.413],[76.916,14.4205],[76.885,14.3955],[76.885,14.3475],[76.9035,14.3225],[76.9455,14.313],[76.9565,14.2945],[76.925,14.274],[76.94,14.2445],[76.9855,14.2475],[77.0085,14.238],[77.0525,14.2455],[77.081,14.214],[77.115,14.223],[77.11,14.268],[77.1305,14.307],[77.1355,14.337],[77.167,14.342],[77.1975,14.321],[77.2475,14.318],[77.2885,14.327],[77.2895,14.2815],[77.364,14.276],[77.3595,14.234],[77.379,14.2265],[77.392,14.199],[77.414,14.205],[77.409,14.26],[77.377,14.305],[77.393,14.336],[77.446,14.3175],[77.448,14.2825],[77.479,14.292],[77.504,14.264],[77.4945,14.2245],[77.516,14.187],[77.5035,14.157],[77.4205,14.177],[77.3935,14.1745],[77.379,14.136],[77.3975,14.1095],[77.3605,14.0625],[77.3405,14.06],[77.3325,14.0305],[77.385,14.016],[77.3795,13.99],[77.426,13.986],[77.4305,13.945],[77.398,13.9065],[77.3545,13.904],[77.348,13.916],[77.3715,13.953],[77.3495,13.958],[77.361,13.991],[77.336,13.9955],[77.3225,14.023],[77.2705,14.0345],[77.2455,14.012],[77.173,14.001],[77.141,14.004],[77.132,14.044],[77.0755,14.0435],[77.0315,14.057],[77.0205,14.157],[77.0055,14.184],[76.9605,14.182],[76.8945,14.168],[76.8895,14.1355],[76.9445,14.121],[76.9735,14.0835],[76.9715,14.058],[76.9325,14.054],[76.935,14.033],[77.0005,13.9895],[76.994,13.9625],[77.0415,13.9335],[77.0475,13.9065],[77.023,13.9025],[77.0185,13.8725],[76.992,13.849],[76.9765,13.8175],[76.9985,13.7455],[77.0165,13.7385],[77.0245,13.7795],[77.0435,13.778],[77.0645,13.744],[77.106,13.768],[77.137,13.7585],[77.173,13.762],[77.165,13.7945],[77.1685,13.8645],[77.162,13.9065],[77.191,13.912],[77.1815,13.87],[77.22,13.868],[77.2305,13.9035],[77.2565,13.8465],[77.3165,13.8635],[77.337,13.833],[77.3625,13.8545],[77.388,13.839],[77.427,13.841],[77.4165,13.809],[77.4565,13.789],[77.4675,13.753],[77.45,13.711],[77.4555,13.6825],[77.492,13.69],[77.541,13.756],[77.5715,13.738],[77.6135,13.752],[77.6515,13.784],[77.68,13.787],[77.7035,13.77],[77.7315,13.8075],[77.789,13.823],[77.8355,13.881],[77.816,13.903],[77.815,13.932],[77.8955,13.941],[77.8955,13.9255],[77.927,13.9055],[77.9675,13.96],[77.9875,13.9555],[77.9845,13.8975],[77.948,13.881],[77.956,13.8315],[77.976,13.8295],[77.992,13.869],[78.0415,13.8605],[78.049,13.896],[78.079,13.881],[78.0825,13.8645],[78.115,13.863],[78.1255,13.8315],[78.1135,13.8075],[78.1265,13.7865],[78.1045,13.7365],[78.121,13.7155],[78.113,13.693],[78.08,13.6965],[78.077,13.6735],[78.099,13.643],[78.1145,13.6575],[78.156,13.6585],[78.168,13.633],[78.204,13.6285],[78.19,13.59],[78.2435,13.5975],[78.2595,13.585],[78.326,13.595],[78.3505,13.587],[78.385,13.592],[78.4065,13.577],[78.3745,13.509],[78.3815,13.397],[78.369,13.373],[78.4085,13.3455],[78.401,13.3155],[78.4405,13.3285],[78.4795,13.3015],[78.5535,13.2835],[78.5775,13.2955],[78.5855,13.262],[78.57,13.247],[78.5665,13.192],[78.5185,13.12],[78.5095,13.0915],[78.514,13.062],[78.462,13.0435],[78.4675,12.975],[78.411,12.9455],[78.4665,12.9055],[78.464,12.878],[78.4285,12.902],[78.3885,12.907],[78.356,12.941],[78.3395,12.903],[78.3265,12.9045],[78.3125,12.8585],[78.252,12.8605],[78.2455,12.7885],[78.231,12.7605],[78.2445,12.7065],[78.276,12.702],[78.3015,12.6675],[78.3795,12.625],[78.4715,12.632],[78.468,12.676],[78.504,12.682],[78.505,12.743],[78.541,12.6905],[78.5615,12.71],[78.5615,12.7615],[78.5925,12.7825],[78.6075,12.822],[78.6015,12.851],[78.6335,12.932],[78.652,12.929],[78.621,12.9915],[78.6555,13.0155],[78.656,13.031],[78.705,13.0155],[78.7145,13.0685],[78.752,13.055],[78.7945,13.0665],[78.813,13.089],[78.842,13.0785],[78.875,13.097],[78.8955,13.095],[78.8915,13.033],[78.924,13.081],[78.9555,13.076],[78.9825,13.0865],[79.0345,13.07],[79.0635,13.053],[79.081,13.026],[79.1075,13.0385],[79.163,13.0205],[79.185,13.03],[79.1785,13.059],[79.2345,13.1055],[79.245,13.1385],[79.2775,13.156],[79.284,13.123],[79.307,13.1055],[79.3605,13.1235],[79.356,13.1645],[79.38,13.163],[79.392,13.1925],[79.433,13.1925],[79.454,13.217],[79.453,13.2385],[79.4185,13.243],[79.4175,13.272],[79.4305,13.3005],[79.39,13.2975],[79.388,13.318],[79.4315,13.3365],[79.495,13.345],[79.5375,13.3385],[79.54,13.2725],[79.5825,13.2575],[79.606,13.288],[79.6275,13.27],[79.6425,13.29],[79.694,13.28],[79.709,13.251],[79.712,13.218],[79.739,13.2295],[79.76,13.2075],[79.7945,13.242],[79.735,13.276],[79.768,13.314],[79.7915,13.2935],[79.809,13.3175],[79.863,13.317],[79.868,13.331],[79.938,13.3555],[79.9625,13.3915],[79.9445,13.397],[79.9395,13.425],[79.9735,13.4295],[79.9725,13.469],[80.008,13.4785],[80.027,13.5135],[80.0285,13.539],[80.077,13.5265],[80.078,13.489],[80.1125,13.506],[80.145,13.4915],[80.226,13.485],[80.242,13.4705],[80.2685,13.5645]],[[82.228,16.7605],[82.2175,16.733],[82.2435,16.7225],[82.314,16.7295],[82.3035,16.711],[82.2665,16.6945],[82.239,16.7165],[82.195,16.73],[82.228,16.7605]]]},"properties":{"shapeName":"Andhra Pradesh"}},
{"type":"Feature","geometry":{"type":"Polygon","coordinates":[[[92.2655,23.725],[92.291,23.6905],[92.2745,23.6485],[92.2915,23.6275],[92.312,23.5605],[92.33,23.447],[92.357,23.4105],[92.3565,23.371],[92.3795,23.352],[92.367,23.3235],[92.4005,23.2365],[92.351,23.2325],[92.3535,23.186],[92.3675,23.127],[92.3575,23.103],[92.3795,23.0865],[92.392,23.0575],[92.374,22.971],[92.376,22.929],[92.42,22.9095],[92.464,22.8545],[92.4545,22.819],[92.472,22.7965],[92.4735,22.76],[92.508,22.737],[92.526,22.6735],[92.527,22.6215],[92.5375,22.5745],[92.5275,22.557],[92.548,22.5075],[92.5435,22.4905],[92.56,22.4015],[92.5835,22.299],[92.581,22.2685],[92.592,22.2395],[92.596,22.175],[92.6105,22.138],[92.578,22.144],[92.575,22.1155],[92.5895,22.07],[92.5975,22.0095],[92.611,21.9835],[92.6345,21.9835],[92.652,22.0165],[92.6795,22.0115],[92.6855,22.0415],[92.6815,22.1035],[92.6945,22.1535],[92.727,22.149],[92.7745,22.107],[92.81,22.0965],[92.8185,22.075],[92.8625,22.063],[92.864,22.025],[92.8915,22.0115],[92.9155,21.98],[92.951,22.03],[93.001,21.9785],[93.0045,22.017],[92.9945,22.0315],[93.0045,22.1045],[93.059,22.101],[93.039,22.139],[93.0485,22.174],[93.0425,22.1995],[93.0885,22.197],[93.111,22.2045],[93.1275,22.1735],[93.161,22.1965],[93.1415,22.2455],[93.199,22.256],[93.182,22.395],[93.185,22.4275],[93.163,22.451],[93.139,22.454],[93.135,22.492],[93.1095,22.5245],[93.116,22.5635],[93.1385,22.5835],[93.1335,22.6145],[93.1075,22.637],[93.1095,22.656],[93.091,22.705],[93.106,22.7435],[93.094,22.806],[93.1105,22.819],[93.1185,22.8595],[93.1495,22.9085],[93.123,23.008],[93.1265,23.044],[93.183,23.0595],[93.21,23.048],[93.215,23.027],[93.2415,23.0065],[93.2935,23.0065],[93.3195,23.029],[93.345,23.071],[93.343,23.0865],[93.3765,23.1325],[93.3815,23.2325],[93.3645,23.306],[93.37,23.333],[93.3555,23.3525],[93.389,23.3655],[93.394,23.398],[93.39,23.4505],[93.395,23.504],[93.4185,23.54],[93.412,23.556],[93.428,23.588],[93.417,23.6375],[93.4285,23.6875],[93.406,23.715],[93.395,23.7495],[93.402,23.812],[93.3885,23.8255],[93.3845,23.876],[93.395,23.924],[93.3655,23.9335],[93.341,23.9695],[93.339,24.022],[93.326,24.0485],[93.2865,24.0475],[93.2505,24.08],[93.2245,24.0845],[93.2095,24.048],[93.1675,24.0515],[93.1435,24.086],[93.126,24.062],[93.0975,24.073],[93.0785,24.102],[93.053,24.0895],[92.991,24.1155],[92.9885,24.1495],[93.006,24.162],[93.022,24.218],[93.004,24.2575],[93.0405,24.3415],[93.0175,24.35],[93.025,24.3915],[93.0085,24.412],[92.999,24.4005],[92.931,24.393],[92.907,24.4115],[92.861,24.3985],[92.845,24.38],[92.8015,24.4205],[92.763,24.521],[92.6895,24.3535],[92.6245,24.334],[92.613,24.2585],[92.606,24.2485],[92.551,24.2475],[92.547,24.2205],[92.524,24.1715],[92.4835,24.163],[92.461,24.1375],[92.4365,24.153],[92.419,24.193],[92.4225,24.255],[92.2925,24.2505],[92.3215,24.204],[92.3315,24.152],[92.3245,24.0885],[92.312,24.0385],[92.326,23.998],[92.3085,23.968],[92.324,23.905],[92.311,23.88],[92.2695,23.848],[92.281,23.8215],[92.257,23.813],[92.2655,23.725]]]},"properties":{"shapeName":"Mizoram"}},
{"type":"Feature","geometry":{"type":"Polygon","coordinates":[[[95.234,26.6825],[95.3035,26.651],[95.335,26.6735],[95.4305,26.7],[95.4595,26.743],[95.474,26.7405],[95.5065,26.808],[95.543,26.8355],[95.5695,26.8165],[95.6005,26.811],[95.6265,26.843],[95.634,26.8685],[95.667,26.903],[95.706,26.8825],[95.745,26.8965],[95.7605,26.964],[95.796,26.998],[95.8755,27.015],[95.9455,27.0515],[95.9635,27.093],[96.01,27.1425],[96.0225,27.18],[96.112,27.2315],[96.1855,27.249],[96.232,27.2765],[96.2715,27.2715],[96.3075,27.294],[96.34,27.285],[96.4075,27.288],[96.4215,27.3015],[96.4625,27.306],[96.5075,27.299],[96.5235,27.2865],[96.5955,27.3405],[96.6055,27.366],[96.6975,27.3575],[96.704,27.3725],[96.7515,27.3525],[96.7965,27.346],[96.822,27.309],[96.848,27.2905],[96.847,27.2715],[96.8845,27.26],[96.8855,27.227],[96.857,27.1925],[96.9015,27.1685],[96.964,27.1615],[96.993,27.14],[97.0305,27.1315],[97.0445,27.1085],[97.088,27.0955],[97.119,27.1045],[97.138,27.0915],[97.163,27.143],[97.1245,27.1745],[97.094,27.2125],[97.088,27.239],[97.055,27.2655],[97.035,27.295],[96.9985,27.319],[96.99,27.344],[96.962,27.373],[96.9605,27.404],[96.9035,27.453],[96.9275,27.512],[96.9065,27.5445],[96.905,27.5815],[96.89,27.606],[96.9305,27.6455],[96.935,27.6615],[96.9775,27.6635],[97.0225,27.742],[97.0615,27.7485],[97.0875,27.734],[97.0985,27.785],[97.1565,27.814],[97.2525,27.901],[97.305,27.9215],[97.3395,27.885],[97.385,27.8875],[97.3745,27.909],[97.3745,27.9775],[97.395,28.0255],[97.3735,28.0305],[97.3625,28.0595],[97.3085,28.0615],[97.307,28.085],[97.3355,28.1115],[97.3275,28.155],[97.369,28.1925],[97.3715,28.2175],[97.279,28.2685],[97.2385,28.2675],[97.2215,28.2925],[97.1665,28.295],[97.156,28.32],[97.1235,28.3495],[97.09,28.363],[97.043,28.3475],[97.02,28.3195],[96.994,28.3095],[96.9505,28.3335],[96.9235,28.3385],[96.8965,28.3795],[96.8245,28.361],[96.772,28.368],[96.7555,28.4095],[96.6795,28.4455],[96.663,28.4605],[96.597,28.461],[96.558,28.4475],[96.5085,28.413],[96.4565,28.414],[96.4305,28.3865],[96.421,28.3455],[96.3975,28.3395],[96.3695,28.3895],[96.3185,28.381],[96.273,28.419],[96.3715,28.482],[96.365,28.5],[96.323,28.5255],[96.3535,28.556],[96.3995,28.5575],[96.443,28.6015],[96.494,28.639],[96.4695,28.68],[96.531,28.707],[96.585,28.717],[96.6125,28.755],[96.6075,28.7935],[96.5835,28.817],[96.537,28.88],[96.538,28.917],[96.521,28.9615],[96.487,28.9615],[96.477,28.9905],[96.525,29.076],[96.4355,29.034],[96.3465,29.029],[96.2935,28.9955],[96.228,28.926],[96.1665,28.9025],[96.145,28.9345],[96.1805,28.9655],[96.185,28.985],[96.1505,29.0505],[96.1245,29.078],[96.17,29.085],[96.2005,29.103],[96.218,29.1355],[96.2605,29.1575],[96.3465,29.168],[96.359,29.1785],[96.3935,29.254],[96.3755,29.281],[96.3135,29.2565],[96.2935,29.233],[96.2515,29.2305],[96.235,29.241],[96.204,29.2915],[96.184,29.307],[96.187,29.3425],[96.151,29.3975],[96.082,29.4615],[96.057,29.457],[96.016,29.4195],[95.9585,29.381],[95.8825,29.39],[95.8415,29.352],[95.7925,29.3365],[95.779,29.355],[95.7285,29.301],[95.7035,29.299],[95.6845,29.2755],[95.6325,29.2475],[95.6,29.2605],[95.587,29.2165],[95.5465,29.214],[95.548,29.127],[95.4975,29.1385],[95.487,29.0745],[95.4555,29.035],[95.411,29.0325],[95.3465,29.0445],[95.304,29.0615],[95.268,29.056],[95.2515,29.067],[95.252,29.1085],[95.179,29.1075],[95.1235,29.115],[95.1,29.1425],[95.0415,29.1515],[95.013,29.1325],[94.9695,29.159],[94.9205,29.1615],[94.883,29.181],[94.8485,29.1825],[94.8,29.164],[94.8,29.2095],[94.769,29.2525],[94.7135,29.304],[94.68,29.3275],[94.631,29.3485],[94.6135,29.301],[94.5765,29.275],[94.5605,29.2285],[94.497,29.2165],[94.4335,29.2265],[94.375,29.19],[94.3525,29.15],[94.3,29.1505],[94.217,29.084],[94.1875,29.039],[94.1575,28.9545],[94.081,28.9055],[94.032,28.853],[93.997,28.841],[93.987,28.798],[94.0035,28.775],[93.9705,28.751],[93.9675,28.7225],[93.9365,28.6765],[93.906,28.676],[93.867,28.703],[93.846,28.707],[93.777,28.668],[93.7335,28.689],[93.609,28.6555],[93.5265,28.661],[93.4975,28.6835],[93.4765,28.6535],[93.448,28.676],[93.414,28.6525],[93.3345,28.6335],[93.33,28.608],[93.302,28.5995],[93.3075,28.566],[93.278,28.5045],[93.231,28.4775],[93.1925,28.4255],[93.2335,28.4],[93.2245,28.3405],[93.1955,28.3175],[93.1265,28.3265],[93.097,28.3065],[93.024,28.2995],[93.0355,28.2625],[93.002,28.2305],[92.9665,28.2615],[92.915,28.2345],[92.897,28.204],[92.8415,28.179],[92.8015,28.202],[92.785,28.1835],[92.682,28.1175],[92.6645,28.0625],[92.697,28.048],[92.741,27.989],[92.7025,27.9335],[92.6705,27.8995],[92.6065,27.877],[92.562,27.8205],[92.5165,27.8395],[92.494,27.8365],[92.4455,27.8005],[92.4155,27.8225],[92.3845,27.815],[92.3815,27.7945],[92.309,27.779],[92.2865,27.807],[92.269,27.8535],[92.248,27.863],[92.202,27.857],[92.158,27.837],[92.057,27.759],[91.986,27.77],[91.947,27.7285],[91.8805,27.7215],[91.8625,27.737],[91.83,27.8075],[91.7605,27.801],[91.6965,27.822],[91.672,27.8565],[91.61,27.854],[91.5725,27.861],[91.5485,27.847],[91.568,27.8155],[91.6015,27.821],[91.6305,27.801],[91.6335,27.7715],[91.626,27.706],[91.594,27.683],[91.56,27.6335],[91.579,27.5995],[91.564,27.584],[91.5965,27.5395],[91.655,27.483],[91.692,27.5025],[91.7155,27.4735],[91.7755,27.4645],[91.83,27.4685],[91.8505,27.4825],[91.941,27.4605],[92.02,27.4795],[92.018,27.4575],[92.04,27.436],[92.0555,27.3995],[92.047,27.379],[92.06,27.3265],[92.1185,27.292],[92.1025,27.2685],[92.071,27.277],[92.0705,27.223],[92.057,27.189],[92.026,27.171],[92.037,27.138],[92.023,27.1145],[92.0285,27.078],[92.0455,27.0515],[92.0645,27.0515],[92.0805,27.02],[92.104,27.007],[92.1175,26.9315],[92.112,26.892],[92.1945,26.89],[92.255,26.9095],[92.276,26.902],[92.3025,26.9225],[92.363,26.9345],[92.3985,26.925],[92.4475,26.959],[92.497,26.9635],[92.5835,26.9595],[92.6445,26.987],[92.6775,27.032],[92.723,27.0185],[92.763,27.0275],[92.8235,27.0095],[92.8865,27],[92.9185,26.9825],[92.917,26.963],[93.022,26.9135],[93.1075,26.926],[93.2465,26.9515],[93.3225,26.96],[93.3805,26.9595],[93.4485,26.951],[93.489,26.9365],[93.5245,26.9485],[93.5865,26.9505],[93.66,26.967],[93.6935,26.989],[93.7235,27.021],[93.768,27.0515],[93.8275,27.066],[93.8265,27.112],[93.806,27.149],[93.864,27.196],[93.8995,27.239],[93.991,27.3285],[94.0405,27.3515],[94.069,27.3735],[94.0895,27.407],[94.1595,27.4615],[94.189,27.4925],[94.268,27.521],[94.2585,27.5555],[94.225,27.574],[94.2135,27.6005],[94.2375,27.633],[94.2775,27.5895],[94.309,27.591],[94.37,27.575],[94.4185,27.5975],[94.4615,27.5555],[94.4775,27.576],[94.5025,27.5775],[94.5875,27.6185],[94.633,27.6245],[94.6835,27.6605],[94.761,27.665],[94.7935,27.6955],[94.8205,27.692],[94.848,27.7055],[94.8525,27.7275],[95.3085,27.868],[95.3795,27.8395],[95.52,27.8815],[95.5445,27.911],[95.605,27.9545],[95.824,27.9715],[95.971,27.963],[95.947,27.9175],[95.919,27.895],[95.8705,27.833],[95.8375,27.824],[95.8005,27.774],[95.776,27.7535],[95.7655,27.7145],[95.7705,27.658],[95.7955,27.642],[95.795,27.598],[95.8335,27.56],[95.8765,27.5435],[95.884,27.501],[95.8705,27.4665],[95.842,27.427],[95.941,27.4375],[95.9655,27.427],[96.018,27.3695],[95.9465,27.304],[95.8695,27.26],[95.8505,27.2865],[95.765,27.2675],[95.72,27.2495],[95.6925,27.2535],[95.632,27.23],[95.5875,27.223],[95.545,27.26],[95.5255,27.264],[95.484,27.2415],[95.4575,27.209],[95.4665,27.1815],[95.453,27.1295],[95.4205,27.126],[95.383,27.0985],[95.3545,27.104],[95.2915,27.0665],[95.2465,27.024],[95.233,27.0375],[95.1945,27.0315],[95.1915,26.985],[95.2115,26.9665],[95.2065,26.942],[95.23,26.9225],[95.2305,26.8835],[95.1815,26.8615],[95.231,26.765],[95.21,26.729],[95.233,26.706],[95.234,26.6825]]]},"properties":{"shapeName":"Arunāchal Pradesh"}},
{"type":"Feature","geometry":{"type":"Polygon","coordinates":[[[92.425,25.0295],[92.472,25.0675],[92.481,25.1085],[92.52,25.106],[92.525,25.1355],[92.5765,25.131],[92.6215,25.115],[92.628,25.138],[92.677,25.1825],[92.716,25.196],[92.776,25.1995],[92.769,25.2655],[92.7925,25.2825],[92.7815,25.3335],[92.761,25.3335],[92.7235,25.379],[92.647,25.4285],[92.6045,25.421],[92.6005,25.465],[92.5665,25.4635],[92.5735,25.4905],[92.643,25.535],[92.6585,25.578],[92.584,25.5505],[92.5565,25.571],[92.5565,25.6115],[92.5055,25.6165],[92.47,25.675],[92.4405,25.6915],[92.444,25.72],[92.3735,25.7505],[92.3455,25.7295],[92.2645,25.709],[92.217,25.705],[92.165,25.6665],[92.1545,25.7065],[92.1625,25.744],[92.1475,25.773],[92.151,25.8165],[92.18,25.8585],[92.177,25.873],[92.215,25.8955],[92.186,25.9165],[92.1565,25.9145],[92.1525,25.9445],[92.164,25.9705],[92.204,26.0015],[92.265,26.036],[92.264,26.0575],[92.208,26.0705],[92.152,26.067],[92.1325,26.0445],[92.1085,26.051],[92.048,26.033],[92.0305,26.0395],[91.934,26.0105],[91.9095,26.013],[91.867,26.042],[91.879,26.098],[91.82,26.1165],[91.7915,26.0855],[91.731,26.059],[91.7195,25.993],[91.72,25.9535],[91.6705,25.904],[91.6515,25.9065],[91.6095,25.9375],[91.6345,25.9605],[91.6195,26.026],[91.5705,26.026],[91.5515,25.985],[91.5165,25.956],[91.4985,25.896],[91.4785,25.8875],[91.4695,25.8595],[91.4485,25.845],[91.4225,25.8545],[91.3575,25.8415],[91.322,25.8215],[91.2745,25.7505],[91.2225,25.7225],[91.189,25.7505],[91.178,25.7775],[91.2035,25.8435],[91.1475,25.8505],[91.1205,25.833],[91.0015,25.825],[91.0305,25.886],[90.966,25.8885],[90.957,25.935],[90.9175,25.9445],[90.875,25.9425],[90.819,25.9505],[90.7965,25.9405],[90.781,25.9115],[90.7475,25.919],[90.7405,25.9395],[90.7075,25.952],[90.6315,25.92],[90.624,25.9395],[90.584,25.956],[90.549,25.9155],[90.5085,25.9015],[90.535,25.9495],[90.5025,25.9915],[90.476,26.0095],[90.417,25.9915],[90.3995,26.0125],[90.3495,26.004],[90.3245,25.9735],[90.2705,25.9605],[90.1875,25.95],[90.151,25.967],[90.1075,25.949],[90.086,25.9195],[90.025,25.896],[90.024,25.8675],[90.0035,25.8395],[89.9815,25.8355],[89.956,25.8115],[89.9545,25.7675],[89.926,25.7385],[89.8945,25.735],[89.9505,25.6555],[90.0175,25.608],[90.003,25.5855],[89.912,25.5635],[89.8785,25.5505],[89.868,25.5245],[89.8765,25.4955],[89.8545,25.4675],[89.834,25.435],[89.814,25.37],[89.8385,25.3225],[89.835,25.296],[89.8695,25.287],[89.908,25.308],[89.972,25.301],[89.981,25.2855],[90.06,25.256],[90.1125,25.224],[90.169,25.2215],[90.2145,25.203],[90.3315,25.1915],[90.3775,25.162],[90.4445,25.144],[90.5105,25.1685],[90.6365,25.173],[90.665,25.1845],[90.689,25.161],[90.7605,25.165],[90.79,25.1825],[90.8195,25.1635],[90.8695,25.1595],[90.9655,25.1715],[91.0815,25.202],[91.1345,25.193],[91.193,25.2],[91.252,25.1975],[91.2645,25.207],[91.3455,25.1725],[91.414,25.1725],[91.432,25.1555],[91.493,25.1345],[91.554,25.1515],[91.603,25.1735],[91.642,25.1245],[91.689,25.138],[91.7465,25.1715],[91.8065,25.1695],[91.841,25.1785],[91.8715,25.175],[91.947,25.1835],[91.983,25.1715],[92.011,25.189],[92.0815,25.184],[92.1225,25.166],[92.1355,25.1435],[92.176,25.1235],[92.1995,25.1255],[92.2295,25.097],[92.297,25.072],[92.341,25.078],[92.3425,25.0555],[92.425,25.0295]]]},"properties":{"shapeName":"Meghālaya"}},
{"type":"Feature","geometry":{"type":"Polygon","coordinates":[[[83.33,24.1015],[83.388,24.1],[83.4065,24.0805],[83.434,24.0845],[83.4555,24.0415],[83.5155,24.027],[83.514,23.9965],[83.5265,23.9605],[83.5475,23.9375],[83.5535,23.898],[83.5855,23.8865],[83.5895,23.8635],[83.6665,23.8445],[83.7045,23.8065],[83.7375,23.7605],[83.746,23.7195],[83.723,23.689],[83.761,23.6515],[83.7725,23.611],[83.826,23.591],[83.9375,23.569],[83.932,23.6205],[84.0085,23.628],[84.0285,23.6025],[84.028,23.5455],[84.0145,23.5035],[83.971,23.467],[83.9815,23.4225],[83.9625,23.3855],[83.9695,23.367],[84.0115,23.3535],[84.023,23.378],[84.051,23.3745],[84.0745,23.3335],[84.0615,23.3075],[84.0535,23.2475],[84.0635,23.206],[84.0325,23.1605],[84.0375,23.14],[84.073,23.109],[84.0935,23.1125],[84.1335,23.083],[84.1255,23.037],[84.147,22.9905],[84.1785,22.98],[84.186,23.027],[84.219,22.979],[84.271,22.9895],[84.284,22.9635],[84.328,22.982],[84.382,22.9685],[84.3965,22.9275],[84.3775,22.9095],[84.3725,22.8655],[84.324,22.851],[84.315,22.8005],[84.2855,22.764],[84.26,22.7675],[84.2295,22.737],[84.238,22.692],[84.2205,22.6675],[84.2,22.6665],[84.1525,22.637],[84.084,22.638],[84.0525,22.596],[84.0245,22.592],[84.003,22.546],[84.009,22.526],[84.06,22.5165],[84.1115,22.477],[84.1425,22.4715],[84.141,22.4255],[84.197,22.378],[84.2505,22.379],[84.269,22.3545],[84.317,22.3425],[84.3695,22.354],[84.4005,22.3465],[84.431,22.373],[84.476,22.3865],[84.4745,22.408],[84.53,22.4255],[84.629,22.4345],[84.6665,22.4195],[84.75,22.419],[84.759,22.4465],[84.8035,22.448],[84.8175,22.437],[84.871,22.44],[84.9095,22.4225],[84.9545,22.4585],[84.9705,22.4515],[85.057,22.486],[85.0775,22.4775],[85.0595,22.4485],[85.0865,22.4],[85.0765,22.356],[85.0955,22.3445],[85.0895,22.3195],[85.0995,22.2935],[85.071,22.2745],[85.078,22.2575],[85.0525,22.195],[85.03,22.1625],[85.0285,22.122],[84.9845,22.0955],[84.9955,22.0815],[85.0405,22.1155],[85.0985,22.106],[85.122,22.071],[85.1445,22.0795],[85.2145,22.0495],[85.2215,22.018],[85.239,22.0095],[85.2815,22.0905],[85.3235,22.1275],[85.3525,22.1285],[85.3715,22.161],[85.4235,22.158],[85.492,22.1205],[85.517,22.115],[85.545,22.0895],[85.5625,22.0955],[85.5995,22.0785],[85.645,22.0945],[85.6805,22.062],[85.71,22.059],[85.757,22.0785],[85.8075,22.116],[85.835,22.093],[85.818,22.0735],[85.7955,22.0805],[85.777,22.0555],[85.7855,22.04],[85.7615,22.011],[85.784,21.9845],[85.8255,21.975],[85.884,21.9795],[85.912,21.9895],[85.9435,22.0205],[86.0095,22.118],[85.9965,22.1325],[86.0315,22.19],[85.974,22.247],[86.007,22.28],[86.029,22.3345],[86.0135,22.3525],[86.03,22.38],[86.018,22.4255],[85.9675,22.4515],[85.9625,22.485],[85.9735,22.506],[86.034,22.5345],[86.0455,22.5675],[86.069,22.556],[86.104,22.501],[86.1235,22.4885],[86.2115,22.4715],[86.226,22.453],[86.2695,22.4425],[86.3225,22.397],[86.323,22.385],[86.368,22.344],[86.4105,22.32],[86.447,22.3115],[86.4885,22.345],[86.529,22.3225],[86.5345,22.301],[86.585,22.3005],[86.642,22.2645],[86.683,22.2235],[86.727,22.217],[86.753,22.211],[86.7915,22.222],[86.8125,22.241],[86.8135,22.2675],[86.8865,22.2575],[86.888,22.2975],[86.833,22.3245],[86.8455,22.4],[86.813,22.419],[86.7645,22.4265],[86.7505,22.4825],[86.793,22.4775],[86.802,22.5025],[86.766,22.5755],[86.71,22.583],[86.6585,22.5755],[86.633,22.611],[86.6415,22.6575],[86.623,22.676],[86.585,22.6915],[86.543,22.722],[86.503,22.717],[86.4585,22.7645],[86.4325,22.775],[86.4225,22.811],[86.433,22.8535],[86.451,22.8625],[86.453,22.9035],[86.436,22.926],[86.465,22.945],[86.489,22.9375],[86.519,22.9705],[86.497,22.9925],[86.4645,22.9885],[86.425,22.997],[86.394,22.981],[86.364,23.001],[86.326,22.995],[86.293,23.014],[86.265,23],[86.223,22.995],[86.1855,23.005],[86.156,23.033],[86.1325,23.084],[86.098,23.0855],[86.049,23.106],[86.055,23.124],[86.0235,23.1445],[85.958,23.161],[85.951,23.152],[85.894,23.1555],[85.8825,23.1985],[85.8475,23.222],[85.8195,23.2685],[85.8385,23.306],[85.8835,23.3505],[85.87,23.389],[85.9025,23.3985],[85.8615,23.439],[85.876,23.4805],[85.909,23.4845],[85.9505,23.471],[86.032,23.4835],[86.0395,23.515],[86.017,23.5475],[86.042,23.586],[86.0945,23.563],[86.1585,23.5595],[86.1605,23.5085],[86.1485,23.4655],[86.229,23.4435],[86.261,23.418],[86.2885,23.4295],[86.31,23.412],[86.334,23.4475],[86.36,23.452],[86.368,23.541],[86.4485,23.6015],[86.4465,23.6175],[86.4905,23.6375],[86.529,23.63],[86.599,23.6655],[86.7045,23.697],[86.7455,23.68],[86.7995,23.689],[86.8115,23.745],[86.826,23.777],[86.804,23.8015],[86.8885,23.8435],[86.8935,23.877],[86.9155,23.883],[86.9355,23.852],[86.9865,23.8595],[87.038,23.839],[87.0535,23.8225],[87.1225,23.796],[87.1495,23.7965],[87.1675,23.825],[87.13,23.8535],[87.165,23.865],[87.206,23.8565],[87.2405,23.826],[87.2695,23.8745],[87.2905,23.8935],[87.283,23.9595],[87.2605,23.971],[87.2345,24.0325],[87.2455,24.045],[87.288,24.0285],[87.337,24.034],[87.3605,24.013],[87.4395,23.982],[87.512,24.036],[87.4935,24.054],[87.521,24.113],[87.547,24.085],[87.572,24.0895],[87.585,24.124],[87.5815,24.154],[87.622,24.163],[87.6575,24.159],[87.6845,24.143],[87.702,24.1745],[87.6745,24.2075],[87.6385,24.2145],[87.662,24.2455],[87.6845,24.2465],[87.7695,24.328],[87.803,24.4115],[87.7885,24.415],[87.8105,24.477],[87.812,24.508],[87.799,24.526],[87.8025,24.562],[87.8655,24.557],[87.909,24.586],[87.917,24.666],[87.892,24.674],[87.903,24.714],[87.86,24.734],[87.8545,24.762],[87.8965,24.8295],[87.891,24.855],[87.9155,24.883],[87.9525,24.908],[87.9625,24.938],[87.9575,24.971],[87.911,25.0015],[87.8765,25.0345],[87.7955,25.0875],[87.8005,25.118],[87.779,25.1435],[87.773,25.207],[87.7785,25.2505],[87.7115,25.2575],[87.6935,25.2845],[87.692,25.3115],[87.6105,25.3135],[87.552,25.3325],[87.5425,25.294],[87.4875,25.2975],[87.501,25.2665],[87.4735,25.2385],[87.4635,25.195],[87.4015,25.227],[87.372,25.2065],[87.3345,25.216],[87.3185,25.1955],[87.2955,25.0885],[87.244,25.1005],[87.2125,25.091],[87.181,25.066],[87.146,25.0195],[87.1545,24.978],[87.145,24.919],[87.1565,24.881],[87.138,24.8595],[87.1095,24.8515],[87.0915,24.8235],[87.0955,24.803],[87.0785,24.7775],[87.081,24.729],[87.054,24.6695],[87.051,24.6085],[86.996,24.62],[86.9785,24.64],[86.933,24.631],[86.9085,24.585],[86.86,24.556],[86.822,24.5755],[86.787,24.6165],[86.7535,24.618],[86.75,24.5955],[86.6695,24.566],[86.603,24.602],[86.5805,24.5665],[86.5525,24.5445],[86.5165,24.5355],[86.5025,24.493],[86.4835,24.4675],[86.491,24.428],[86.466,24.4175],[86.467,24.381],[86.4455,24.368],[86.413,24.3805],[86.3955,24.4155],[86.3585,24.429],[86.349,24.4465],[86.317,24.4415],[86.276,24.466],[86.309,24.511],[86.3005,24.561],[86.285,24.588],[86.259,24.578],[86.24,24.5995],[86.189,24.5835],[86.1585,24.5865],[86.1245,24.6115],[86.1155,24.6435],[86.1315,24.6755],[86.1285,24.6985],[86.094,24.745],[86.0665,24.752],[86.0555,24.7795],[85.9805,24.7485],[85.97,24.733],[85.9195,24.745],[85.8895,24.7925],[85.855,24.8085],[85.778,24.7965],[85.7365,24.821],[85.704,24.761],[85.7085,24.727],[85.6815,24.6915],[85.649,24.6845],[85.676,24.6165],[85.6775,24.591],[85.651,24.5745],[85.615,24.581],[85.5805,24.601],[85.5715,24.5615],[85.5455,24.549],[85.524,24.521],[85.491,24.548],[85.432,24.5315],[85.3215,24.52],[85.288,24.523],[85.285,24.4945],[85.2495,24.491],[85.226,24.4635],[85.1615,24.4605],[85.174,24.4205],[85.123,24.402],[85.089,24.3725],[85.055,24.4065],[85.028,24.4155],[84.954,24.3715],[84.9165,24.3735],[84.882,24.4245],[84.886,24.4595],[84.8325,24.47],[84.839,24.5125],[84.802,24.5305],[84.7895,24.5075],[84.749,24.496],[84.7285,24.4695],[84.6865,24.4565],[84.6655,24.391],[84.6305,24.405],[84.574,24.389],[84.535,24.3635],[84.5015,24.288],[84.467,24.317],[84.4245,24.33],[84.4275,24.3555],[84.342,24.3935],[84.337,24.429],[84.2975,24.449],[84.303,24.48],[84.3275,24.4875],[84.322,24.5165],[84.297,24.5605],[84.259,24.534],[84.22,24.537],[84.1885,24.5535],[84.172,24.5385],[84.178,24.505],[84.1405,24.5005],[84.1085,24.4775],[84.0855,24.506],[84.089,24.5305],[84.073,24.5675],[84.033,24.62],[83.998,24.6385],[83.975,24.5915],[83.933,24.5475],[83.8725,24.532],[83.8015,24.53],[83.7545,24.5095],[83.7185,24.5035],[83.654,24.515],[83.596,24.5125],[83.552,24.5235],[83.5035,24.5255],[83.4015,24.5035],[83.3855,24.4515],[83.4485,24.37],[83.4335,24.339],[83.4115,24.34],[83.38,24.313],[83.4015,24.2955],[83.409,24.2665],[83.3785,24.2305],[83.383,24.198],[83.354,24.125],[83.33,24.1015]]]},"properties":{"shapeName":"Jhārkhand"}},
{"type":"Feature","geometry":{"type":"Polygon","coordinates":[[[95.1945,27.0315],[95.233,27.0375],[95.2465,27.024],[95.2915,27.0665],[95.3545,27.104],[95.383,27.0985],[95.4205,27.126],[95.453,27.1295],[95.4665,27.1815],[95.4575,27.209],[95.484,27.2415],[95.5255,27.264],[95.545,27.26],[95.5875,27.223],[95.632,27.23],[95.6925,27.2535],[95.72,27.2495],[95.765,27.2675],[95.8505,27.2865],[95.8695,27.26],[95.9465,27.304],[96.018,27.3695],[95.9655,27.427],[95.941,27.4375],[95.842,27.427],[95.8705,27.4665],[95.884,27.501],[95.8765,27.5435],[95.8335,27.56],[95.795,27.598],[95.7955,27.642],[95.7705,27.658],[95.7655,27.7145],[95.776,27.7535],[95.8005,27.774],[95.8375,27.824],[95.8705,27.833],[95.919,27.895],[95.947,27.9175],[95.971,27.963],[95.824,27.9715],[95.605,27.9545],[95.5445,27.911],[95.52,27.8815],[95.3795,27.8395],[95.3085,27.868],[94.8525,27.7275],[94.848,27.7055],[94.8205,27.692],[94.7935,27.6955],[94.761,27.665],[94.6835,27.6605],[94.633,27.6245],[94.5875,27.6185],[94.5025,27.5775],[94.4775,27.576],[94.4615,27.5555],[94.4185,27.5975],[94.37,27.575],[94.309,27.591],[94.2775,27.5895],[94.2375,27.633],[94.2135,27.6005],[94.225,27.574],[94.2585,27.5555],[94.268,27.521],[94.189,27.4925],[94.1595,27.4615],[94.0895,27.407],[94.069,27.3735],[94.0405,27.3515],[93.991,27.3285],[93.8995,27.239],[93.864,27.196],[93.806,27.149],[93.8265,27.112],[93.8275,27.066],[93.768,27.0515],[93.7235,27.021],[93.6935,26.989],[93.66,26.967],[93.5865,26.9505],[93.5245,26.9485],[93.489,26.9365],[93.4485,26.951],[93.3805,26.9595],[93.3225,26.96],[93.2465,26.9515],[93.1075,26.926],[93.022,26.9135],[92.917,26.963],[92.9185,26.9825],[92.8865,27],[92.8235,27.0095],[92.763,27.0275],[92.723,27.0185],[92.6775,27.032],[92.6445,26.987],[92.5835,26.9595],[92.497,26.9635],[92.4475,26.959],[92.3985,26.925],[92.363,26.9345],[92.3025,26.9225],[92.276,26.902],[92.255,26.9095],[92.1945,26.89],[92.112,26.892],[92.1025,26.8675],[92.056,26.8465],[91.9835,26.858],[91.9645,26.882],[91.893,26.9185],[91.8595,26.913],[91.824,26.864],[91.7205,26.812],[91.69,26.807],[91.626,26.821],[91.593,26.805],[91.495,26.791],[91.4495,26.8105],[91.408,26.84],[91.376,26.7955],[91.3375,26.7805],[91.2965,26.787],[91.237,26.812],[91.1465,26.811],[91.0975,26.822],[91.054,26.781],[90.9915,26.791],[90.817,26.7765],[90.693,26.771],[90.676,26.7845],[90.6465,26.777],[90.634,26.794],[90.5465,26.817],[90.418,26.9045],[90.3565,26.901],[90.348,26.8755],[90.3005,26.8485],[90.231,26.859],[90.201,26.8355],[90.1875,26.807],[90.1945,26.7735],[90.14,26.754],[90.049,26.7305],[90.008,26.7325],[89.9665,26.7235],[89.8975,26.7245],[89.8625,26.737],[89.852,26.697],[89.8635,26.6815],[89.8695,26.614],[89.8575,26.576],[89.851,26.521],[89.869,26.4535],[89.828,26.3945],[89.841,26.3795],[89.7595,26.3165],[89.7385,26.27],[89.7195,26.2575],[89.7095,26.2115],[89.7195,26.166],[89.742,26.1595],[89.7845,26.1055],[89.822,26.01],[89.8475,26.0015],[89.8575,25.969],[89.8485,25.9425],[89.8785,25.924],[89.8335,25.871],[89.826,25.8105],[89.841,25.7605],[89.827,25.7405],[89.835,25.716],[89.871,25.6625],[89.8825,25.6175],[89.86,25.5175],[89.8545,25.4675],[89.8765,25.4955],[89.868,25.5245],[89.8785,25.5505],[89.912,25.5635],[90.003,25.5855],[90.0175,25.608],[89.9505,25.6555],[89.8945,25.735],[89.926,25.7385],[89.9545,25.7675],[89.956,25.8115],[89.9815,25.8355],[90.0035,25.8395],[90.024,25.8675],[90.025,25.896],[90.086,25.9195],[90.1075,25.949],[90.151,25.967],[90.1875,25.95],[90.2705,25.9605],[90.3245,25.9735],[90.3495,26.004],[90.3995,26.0125],[90.417,25.9915],[90.476,26.0095],[90.5025,25.9915],[90.535,25.9495],[90.5085,25.9015],[90.549,25.9155],[90.584,25.956],[90.624,25.9395],[90.6315,25.92],[90.7075,25.952],[90.7405,25.9395],[90.7475,25.919],[90.781,25.9115],[90.7965,25.9405],[90.819,25.9505],[90.875,25.9425],[90.9175,25.9445],[90.957,25.935],[90.966,25.8885],[91.0305,25.886],[91.0015,25.825],[91.1205,25.833],[91.1475,25.8505],[91.2035,25.8435],[91.178,25.7775],[91.189,25.7505],[91.2225,25.7225],[91.2745,25.7505],[91.322,25.8215],[91.3575,25.8415],[91.4225,25.8545],[91.4485,25.845],[91.4695,25.8595],[91.4785,25.8875],[91.4985,25.896],[91.5165,25.956],[91.5515,25.985],[91.5705,26.026],[91.6195,26.026],[91.6345,25.9605],[91.6095,25.9375],[91.6515,25.9065],[91.6705,25.904],[91.72,25.9535],[91.7195,25.993],[91.731,26.059],[91.7915,26.0855],[91.82,26.1165],[91.879,26.098],[91.867,26.042],[91.9095,26.013],[91.934,26.0105],[92.0305,26.0395],[92.048,26.033],[92.1085,26.051],[92.1325,26.0445],[92.152,26.067],[92.208,26.0705],[92.264,26.0575],[92.265,26.036],[92.204,26.0015],[92.164,25.9705],[92.1525,25.9445],[92.1565,25.9145],[92.186,25.9165],[92.215,25.8955],[92.177,25.873],[92.18,25.8585],[92.151,25.8165],[92.1475,25.773],[92.1625,25.744],[92.1545,25.7065],[92.165,25.6665],[92.217,25.705],[92.2645,25.709],[92.3455,25.7295],[92.3735,25.7505],[92.444,25.72],[92.4405,25.6915],[92.47,25.675],[92.5055,25.6165],[92.5565,25.6115],[92.5565,25.571],[92.584,25.5505],[92.6585,25.578],[92.643,25.535],[92.5735,25.4905],[92.5665,25.4635],[92.6005,25.465],[92.6045,25.421],[92.647,25.4285],[92.7235,25.379],[92.761,25.3335],[92.7815,25.3335],[92.7925,25.2825],[92.769,25.2655],[92.776,25.1995],[92.716,25.196],[92.677,25.1825],[92.628,25.138],[92.6215,25.115],[92.5765,25.131],[92.525,25.1355],[92.52,25.106],[92.481,25.1085],[92.472,25.0675],[92.425,25.0295],[92.4185,24.9665],[92.4585,24.9705],[92.488,24.944],[92.4965,24.902],[92.476,24.8675],[92.442,24.87],[92.4255,24.8525],[92.3855,24.852],[92.371,24.8745],[92.3395,24.878],[92.295,24.9155],[92.2485,24.909],[92.238,24.8685],[92.242,24.8405],[92.2695,24.8295],[92.2875,24.7875],[92.279,24.7455],[92.296,24.7365],[92.2595,24.6875],[92.235,24.598],[92.231,24.547],[92.2115,24.5045],[92.23,24.5025],[92.2315,24.457],[92.2465,24.442],[92.26,24.3585],[92.219,24.2855],[92.2005,24.242],[92.22,24.2345],[92.2655,24.251],[92.2925,24.2505],[92.4225,24.255],[92.419,24.193],[92.4365,24.153],[92.461,24.1375],[92.4835,24.163],[92.524,24.1715],[92.547,24.2205],[92.551,24.2475],[92.606,24.2485],[92.613,24.2585],[92.6245,24.334],[92.6895,24.3535],[92.763,24.521],[92.8015,24.4205],[92.845,24.38],[92.861,24.3985],[92.907,24.4115],[92.931,24.393],[92.999,24.4005],[93.0085,24.412],[93.033,24.429],[93.0465,24.4735],[93.0325,24.4955],[93.05,24.5445],[93.089,24.5735],[93.071,24.6005],[93.084,24.6135],[93.083,24.65],[93.104,24.6745],[93.0815,24.7025],[93.1075,24.7415],[93.098,24.7545],[93.1115,24.8005],[93.151,24.795],[93.191,24.804],[93.1915,24.84],[93.2215,24.8695],[93.2485,24.915],[93.2425,24.936],[93.257,24.996],[93.247,25.018],[93.2745,25.051],[93.289,25.046],[93.315,25.0845],[93.332,25.0935],[93.351,25.1835],[93.4205,25.2775],[93.4555,25.2935],[93.4705,25.305],[93.454,25.325],[93.4515,25.354],[93.473,25.386],[93.4555,25.4345],[93.4155,25.445],[93.387,25.466],[93.355,25.525],[93.327,25.545],[93.364,25.5615],[93.4015,25.611],[93.4445,25.6395],[93.4815,25.6445],[93.531,25.6925],[93.555,25.7335],[93.586,25.766],[93.6175,25.776],[93.646,25.8225],[93.668,25.822],[93.702,25.8515],[93.6815,25.9045],[93.737,25.925],[93.768,25.9675],[93.787,25.9465],[93.7955,25.8925],[93.7775,25.85],[93.7875,25.816],[93.852,25.8585],[93.876,25.8425],[93.916,25.884],[93.9785,25.917],[93.9685,25.9575],[93.954,25.9695],[93.9625,26.0365],[93.9875,26.067],[93.998,26.1095],[93.989,26.1285],[94.0075,26.1825],[94.032,26.1975],[94.0475,26.2495],[94.0745,26.2645],[94.0745,26.2835],[94.1195,26.329],[94.1715,26.338],[94.1775,26.382],[94.1715,26.43],[94.2075,26.4865],[94.2365,26.506],[94.256,26.5415],[94.281,26.5485],[94.2935,26.471],[94.347,26.486],[94.395,26.5335],[94.412,26.583],[94.403,26.6105],[94.4595,26.637],[94.46,26.6615],[94.4925,26.666],[94.539,26.7065],[94.59,26.6965],[94.597,26.7345],[94.653,26.719],[94.6925,26.732],[94.7675,26.7855],[94.7995,26.8],[94.8175,26.8475],[94.85,26.8745],[94.866,26.909],[94.9145,26.937],[94.961,26.937],[94.967,26.9235],[95.0165,26.921],[95.034,26.9355],[95.081,26.95],[95.112,26.981],[95.1945,27.0315]]]},"properties":{"shapeName":"Assam"}},
{"type":"Feature","geometry":{"type":"Polygon","coordinates":[[[93.454,25.325],[93.4705,25.305],[93.4555,25.2935],[93.4205,25.2775],[93.351,25.1835],[93.332,25.0935],[93.315,25.0845],[93.289,25.046],[93.2745,25.051],[93.247,25.018],[93.257,24.996],[93.2425,24.936],[93.2485,24.915],[93.2215,24.8695],[93.1915,24.84],[93.191,24.804],[93.151,24.795],[93.1115,24.8005],[93.098,24.7545],[93.1075,24.7415],[93.0815,24.7025],[93.104,24.6745],[93.083,24.65],[93.084,24.6135],[93.071,24.6005],[93.089,24.5735],[93.05,24.5445],[93.0325,24.4955],[93.0465,24.4735],[93.033,24.429],[93.0085,24.412],[93.025,24.3915],[93.0175,24.35],[93.0405,24.3415],[93.004,24.2575],[93.022,24.218],[93.006,24.162],[92.9885,24.1495],[92.991,24.1155],[93.053,24.0895],[93.0785,24.102],[93.0975,24.073],[93.126,24.062],[93.1435,24.086],[93.1675,24.0515],[93.2095,24.048],[93.2245,24.0845],[93.2505,24.08],[93.2865,24.0475],[93.326,24.0485],[93.3425,24.103],[93.4215,24.064],[93.438,24.017],[93.454,24.0105],[93.4715,23.965],[93.515,23.943],[93.5505,23.9595],[93.5855,23.96],[93.608,23.9805],[93.6165,24.007],[93.693,24.007],[93.7235,23.9975],[93.7545,24.0055],[93.774,23.971],[93.8195,23.9235],[93.859,23.932],[93.8935,23.953],[93.944,23.9465],[93.9605,23.9285],[94.0165,23.927],[94.0575,23.887],[94.096,23.889],[94.133,23.833],[94.1565,23.848],[94.1695,23.9285],[94.2375,24.0355],[94.2545,24.0825],[94.2515,24.1265],[94.2595,24.1655],[94.2765,24.1735],[94.2915,24.233],[94.3215,24.2765],[94.3215,24.329],[94.3505,24.335],[94.4085,24.44],[94.3985,24.4825],[94.426,24.4815],[94.4545,24.566],[94.4965,24.5905],[94.515,24.6105],[94.545,24.669],[94.545,24.7105],[94.585,24.7045],[94.6285,24.756],[94.618,24.7805],[94.632,24.8395],[94.673,24.8755],[94.7135,24.935],[94.6965,24.9685],[94.739,25.0235],[94.7445,25.08],[94.7365,25.135],[94.6975,25.155],[94.64,25.166],[94.62,25.187],[94.592,25.1925],[94.579,25.216],[94.585,25.267],[94.6075,25.316],[94.6345,25.3555],[94.6345,25.395],[94.6605,25.4055],[94.6755,25.4455],[94.616,25.4625],[94.568,25.501],[94.554,25.5025],[94.5645,25.5635],[94.5565,25.5905],[94.59,25.6365],[94.584,25.685],[94.505,25.6135],[94.469,25.614],[94.425,25.5865],[94.4165,25.5365],[94.3855,25.5325],[94.355,25.512],[94.299,25.5075],[94.2215,25.491],[94.186,25.5315],[94.15,25.543],[94.133,25.5185],[94.088,25.531],[94.048,25.5755],[94.013,25.5925],[94.0045,25.5655],[93.9455,25.557],[93.8885,25.565],[93.871,25.555],[93.821,25.553],[93.7675,25.5335],[93.758,25.5075],[93.7875,25.503],[93.81,25.484],[93.7835,25.433],[93.7345,25.3945],[93.7095,25.357],[93.6865,25.36],[93.6815,25.329],[93.637,25.2635],[93.605,25.199],[93.563,25.241],[93.5015,25.2425],[93.506,25.2695],[93.472,25.2715],[93.4735,25.2935],[93.472,25.3035],[93.467,25.3115],[93.454,25.325]]]},"properties":{"shapeName":"Manipur"}},
{"type":"Feature","geometry":{"type":"Polygon","coordinates":[[[74.1185,15.652],[74.1645,15.6535],[74.167,15.672],[74.204,15.6635],[74.2365,15.6685],[74.252,15.6545],[74.244,15.626],[74.2645,15.6155],[74.2495,15.568],[74.278,15.546],[74.2785,15.5175],[74.251,15.4915],[74.2755,15.449],[74.269,15.419],[74.283,15.383],[74.3235,15.3675],[74.317,15.329],[74.3365,15.295],[74.326,15.2835],[74.2715,15.281],[74.2525,15.251],[74.3015,15.2245],[74.3175,15.184],[74.2835,15.145],[74.2725,15.0975],[74.2965,15.041],[74.252,14.9925],[74.2525,14.959],[74.2175,14.9455],[74.2015,14.9255],[74.1795,14.9565],[74.0855,14.9005],[74.096,14.8985],[74.125,14.8405],[74.118,14.786],[74.1415,14.7795],[74.1615,14.752],[74.2105,14.7335],[74.239,14.747],[74.263,14.719],[74.283,14.675],[74.2805,14.61],[74.3145,14.546],[74.3635,14.4945],[74.4015,14.396],[74.419,14.303],[74.4535,14.2],[74.4695,14.188],[74.515,13.987],[74.542,13.958],[74.5715,13.944],[74.6095,13.86],[74.6295,13.78],[74.6455,13.683],[74.664,13.6525],[74.6815,13.5525],[74.697,13.4045],[74.698,13.3475],[74.7105,13.332],[74.72,13.2855],[74.752,13.1745],[74.7935,12.996],[74.8245,12.848],[74.847,12.7955],[74.8695,12.7605],[74.8825,12.754],[74.933,12.7805],[75.006,12.771],[74.9825,12.7385],[75.053,12.7125],[75.0395,12.6865],[75.0465,12.667],[75.1105,12.683],[75.161,12.673],[75.1435,12.642],[75.154,12.624],[75.2015,12.629],[75.2205,12.568],[75.2495,12.5835],[75.2755,12.62],[75.301,12.6065],[75.272,12.57],[75.28,12.524],[75.3365,12.489],[75.3455,12.463],[75.372,12.477],[75.382,12.502],[75.416,12.5005],[75.4235,12.467],[75.404,12.455],[75.3655,12.457],[75.366,12.412],[75.3795,12.392],[75.422,12.3725],[75.4105,12.3475],[75.436,12.2945],[75.485,12.29],[75.5055,12.271],[75.532,12.206],[75.5525,12.192],[75.577,12.157],[75.6195,12.1555],[75.643,12.138],[75.6615,12.0985],[75.687,12.1105],[75.7275,12.0725],[75.7505,12.0845],[75.8025,12.0795],[75.801,12.037],[75.88,11.949],[75.9565,11.942],[76.003,11.9315],[76.0775,11.969],[76.1125,11.979],[76.115,11.8665],[76.1865,11.872],[76.2075,11.8615],[76.2095,11.8275],[76.2295,11.8055],[76.28,11.8125],[76.3075,11.785],[76.3185,11.7515],[76.3395,11.739],[76.412,11.759],[76.424,11.7205],[76.4085,11.715],[76.416,11.673],[76.4315,11.6665],[76.458,11.6645],[76.5115,11.705],[76.5505,11.6745],[76.567,11.619],[76.614,11.6075],[76.6715,11.616],[76.757,11.6185],[76.823,11.608],[76.858,11.614],[76.8335,11.649],[76.8625,11.711],[76.8885,11.734],[76.908,11.7955],[76.97,11.777],[76.9935,11.8095],[77.013,11.8145],[77.0385,11.794],[77.0825,11.74],[77.1115,11.743],[77.1105,11.7735],[77.189,11.7925],[77.2385,11.795],[77.2615,11.8105],[77.294,11.809],[77.335,11.7715],[77.3945,11.7875],[77.428,11.767],[77.442,11.7835],[77.466,11.85],[77.464,11.894],[77.4905,11.9085],[77.493,11.9415],[77.538,11.9325],[77.561,11.942],[77.6035,11.938],[77.624,11.9475],[77.669,11.949],[77.6965,12.016],[77.7275,12.062],[77.7555,12.08],[77.774,12.1205],[77.757,12.1305],[77.7275,12.1815],[77.6105,12.206],[77.5655,12.1965],[77.546,12.2045],[77.5185,12.1945],[77.472,12.208],[77.471,12.2435],[77.4875,12.2805],[77.527,12.279],[77.566,12.3065],[77.5785,12.3355],[77.613,12.361],[77.6205,12.383],[77.6345,12.4875],[77.587,12.515],[77.5795,12.573],[77.591,12.6155],[77.606,12.629],[77.599,12.667],[77.66,12.684],[77.6785,12.6605],[77.74,12.673],[77.7405,12.7],[77.7645,12.701],[77.7635,12.737],[77.7985,12.795],[77.799,12.8515],[77.836,12.8705],[77.8905,12.8695],[77.9295,12.891],[77.9415,12.873],[77.917,12.839],[77.9405,12.8235],[77.9645,12.833],[77.99,12.8215],[78.0185,12.831],[78.0305,12.8525],[78.0765,12.8395],[78.09,12.8175],[78.134,12.782],[78.184,12.7765],[78.231,12.7605],[78.2455,12.7885],[78.252,12.8605],[78.3125,12.8585],[78.3265,12.9045],[78.3395,12.903],[78.356,12.941],[78.3885,12.907],[78.4285,12.902],[78.464,12.878],[78.4665,12.9055],[78.411,12.9455],[78.4675,12.975],[78.462,13.0435],[78.514,13.062],[78.5095,13.0915],[78.5185,13.12],[78.5665,13.192],[78.57,13.247],[78.5855,13.262],[78.5775,13.2955],[78.5535,13.2835],[78.4795,13.3015],[78.4405,13.3285],[78.401,13.3155],[78.4085,13.3455],[78.369,13.373],[78.3815,13.397],[78.3745,13.509],[78.4065,13.577],[78.385,13.592],[78.3505,13.587],[78.326,13.595],[78.2595,13.585],[78.2435,13.5975],[78.19,13.59],[78.204,13.6285],[78.168,13.633],[78.156,13.6585],[78.1145,13.6575],[78.099,13.643],[78.077,13.6735],[78.08,13.6965],[78.113,13.693],[78.121,13.7155],[78.1045,13.7365],[78.1265,13.7865],[78.1135,13.8075],[78.1255,13.8315],[78.115,13.863],[78.0825,13.8645],[78.079,13.881],[78.049,13.896],[78.0415,13.8605],[77.992,13.869],[77.976,13.8295],[77.956,13.8315],[77.948,13.881],[77.9845,13.8975],[77.9875,13.9555],[77.9675,13.96],[77.927,13.9055],[77.8955,13.9255],[77.8955,13.941],[77.815,13.932],[77.816,13.903],[77.8355,13.881],[77.789,13.823],[77.7315,13.8075],[77.7035,13.77],[77.68,13.787],[77.6515,13.784],[77.6135,13.752],[77.5715,13.738],[77.541,13.756],[77.492,13.69],[77.4555,13.6825],[77.45,13.711],[77.4675,13.753],[77.4565,13.789],[77.4165,13.809],[77.427,13.841],[77.388,13.839],[77.3625,13.8545],[77.337,13.833],[77.3165,13.8635],[77.2565,13.8465],[77.2305,13.9035],[77.22,13.868],[77.1815,13.87],[77.191,13.912],[77.162,13.9065],[77.1685,13.8645],[77.165,13.7945],[77.173,13.762],[77.137,13.7585],[77.106,13.768],[77.0645,13.744],[77.0435,13.778],[77.0245,13.7795],[77.0165,13.7385],[76.9985,13.7455],[76.9765,13.8175],[76.992,13.849],[77.0185,13.8725],[77.023,13.9025],[77.0475,13.9065],[77.0415,13.9335],[76.994,13.9625],[77.0005,13.9895],[76.935,14.033],[76.9325,14.054],[76.9715,14.058],[76.9735,14.0835],[76.9445,14.121],[76.8895,14.1355],[76.8945,14.168],[76.9605,14.182],[77.0055,14.184],[77.0205,14.157],[77.0315,14.057],[77.0755,14.0435],[77.132,14.044],[77.141,14.004],[77.173,14.001],[77.2455,14.012],[77.2705,14.0345],[77.3225,14.023],[77.336,13.9955],[77.361,13.991],[77.3495,13.958],[77.3715,13.953],[77.348,13.916],[77.3545,13.904],[77.398,13.9065],[77.4305,13.945],[77.426,13.986],[77.3795,13.99],[77.385,14.016],[77.3325,14.0305],[77.3405,14.06],[77.3605,14.0625],[77.3975,14.1095],[77.379,14.136],[77.3935,14.1745],[77.4205,14.177],[77.5035,14.157],[77.516,14.187],[77.4945,14.2245],[77.504,14.264],[77.479,14.292],[77.448,14.2825],[77.446,14.3175],[77.393,14.336],[77.377,14.305],[77.409,14.26],[77.414,14.205],[77.392,14.199],[77.379,14.2265],[77.3595,14.234],[77.364,14.276],[77.2895,14.2815],[77.2885,14.327],[77.2475,14.318],[77.1975,14.321],[77.167,14.342],[77.1355,14.337],[77.1305,14.307],[77.11,14.268],[77.115,14.223],[77.081,14.214],[77.0525,14.2455],[77.0085,14.238],[76.9855,14.2475],[76.94,14.2445],[76.925,14.274],[76.9565,14.2945],[76.9455,14.313],[76.9035,14.3225],[76.885,14.3475],[76.885,14.3955],[76.916,14.4205],[76.948,14.413],[76.975,14.4855],[76.9005,14.489],[76.868,14.474],[76.8555,14.5095],[76.8065,14.531],[76.7805,14.593],[76.765,14.602],[76.7755,14.681],[76.803,14.742],[76.7825,14.786],[76.837,14.791],[76.8515,14.8085],[76.8525,14.887],[76.864,14.8955],[76.8675,14.97],[76.842,14.9665],[76.7665,14.9755],[76.79,15.0205],[76.7735,15.059],[76.8005,15.096],[76.836,15.0795],[76.878,15.0355],[76.9495,15.0305],[76.966,15.018],[77.004,15.034],[77.0495,15.033],[77.044,15.01],[77.0825,15.006],[77.085,15.0305],[77.113,15.034],[77.13,15.101],[77.1565,15.123],[77.166,15.1885],[77.1475,15.224],[77.125,15.227],[77.152,15.2755],[77.1195,15.296],[77.117,15.326],[77.0745,15.326],[77.045,15.3555],[77.0475,15.39],[77.029,15.4075],[77.032,15.4355],[77.011,15.449],[76.9745,15.5105],[77.029,15.5005],[77.0265,15.582],[77.0305,15.6345],[77.083,15.659],[77.1215,15.631],[77.129,15.666],[77.0825,15.6985],[77.0795,15.7275],[77.049,15.7305],[77.064,15.803],[77.063,15.8295],[77.025,15.8375],[77.071,15.909],[77.1055,15.93],[77.1855,15.957],[77.249,15.9645],[77.2845,15.954],[77.3615,15.9495],[77.38,15.94],[77.4295,15.949],[77.466,15.9345],[77.5135,15.927],[77.52,15.967],[77.514,16.008],[77.494,16.037],[77.507,16.0795],[77.49,16.1195],[77.4915,16.1845],[77.503,16.2235],[77.49,16.255],[77.522,16.278],[77.5955,16.318],[77.588,16.3335],[77.4895,16.385],[77.441,16.381],[77.421,16.366],[77.378,16.3855],[77.349,16.384],[77.288,16.4085],[77.269,16.4305],[77.265,16.4725],[77.369,16.4885],[77.3815,16.5155],[77.417,16.5175],[77.424,16.569],[77.468,16.61],[77.419,16.6685],[77.464,16.6765],[77.474,16.7165],[77.426,16.723],[77.443,16.7625],[77.467,16.7805],[77.4565,16.9],[77.4815,16.9705],[77.4795,16.996],[77.502,17.0095],[77.4965,17.0425],[77.463,17.094],[77.4645,17.108],[77.4065,17.1245],[77.378,17.14],[77.3625,17.1645],[77.38,17.2225],[77.4205,17.2375],[77.4265,17.2565],[77.4585,17.279],[77.438,17.292],[77.456,17.331],[77.4535,17.374],[77.5025,17.357],[77.525,17.3645],[77.5375,17.4025],[77.513,17.431],[77.5375,17.444],[77.576,17.4305],[77.576,17.456],[77.6145,17.446],[77.6175,17.474],[77.6525,17.4825],[77.688,17.475],[77.6925,17.499],[77.662,17.523],[77.597,17.5345],[77.588,17.56],[77.5505,17.5515],[77.5285,17.5755],[77.494,17.5685],[77.443,17.584],[77.456,17.6325],[77.4485,17.651],[77.4525,17.6945],[77.5565,17.7375],[77.5675,17.7595],[77.509,17.788],[77.515,17.8055],[77.5675,17.8455],[77.57,17.8675],[77.619,17.904],[77.6185,17.9395],[77.6495,17.959],[77.649,17.999],[77.5855,18.016],[77.554,18.036],[77.5485,18.065],[77.597,18.087],[77.597,18.156],[77.5705,18.192],[77.5855,18.22],[77.573,18.2395],[77.6055,18.2815],[77.5515,18.292],[77.524,18.308],[77.4925,18.267],[77.4475,18.27],[77.4285,18.3125],[77.409,18.3015],[77.366,18.307],[77.395,18.3685],[77.414,18.393],[77.373,18.401],[77.3535,18.4475],[77.315,18.4425],[77.242,18.4125],[77.226,18.365],[77.2295,18.348],[77.212,18.3165],[77.213,18.2805],[77.175,18.285],[77.14,18.2075],[77.0975,18.1965],[77.1115,18.156],[77.064,18.1505],[77.033,18.182],[77.0235,18.1585],[77.001,18.161],[76.9905,18.19],[76.952,18.188],[76.9205,18.118],[76.9545,18.1105],[76.945,18.0485],[76.9145,18.0355],[76.9055,18.0095],[76.9205,17.9415],[76.8845,17.8945],[76.8525,17.9005],[76.775,17.8775],[76.768,17.901],[76.74,17.8995],[76.7385,17.8565],[76.7675,17.852],[76.7905,17.8265],[76.762,17.787],[76.721,17.788],[76.719,17.7515],[76.691,17.6855],[76.671,17.6905],[76.628,17.7505],[76.6055,17.7585],[76.5885,17.708],[76.5705,17.7055],[76.5615,17.7645],[76.5305,17.7585],[76.524,17.715],[76.4875,17.715],[76.4865,17.6585],[76.4295,17.645],[76.4195,17.6035],[76.3315,17.596],[76.341,17.5425],[76.3645,17.515],[76.3305,17.47],[76.3335,17.434],[76.3715,17.4365],[76.3635,17.3775],[76.409,17.3715],[76.383,17.3145],[76.354,17.3145],[76.3455,17.3545],[76.3175,17.3325],[76.2765,17.3345],[76.272,17.3605],[76.1965,17.3635],[76.1625,17.345],[76.119,17.3705],[76.1,17.3645],[76.0875,17.3365],[76.053,17.356],[76.0105,17.3525],[75.9985,17.338],[75.934,17.3225],[75.8945,17.351],[75.894,17.401],[75.861,17.3855],[75.851,17.4105],[75.819,17.418],[75.815,17.3785],[75.7805,17.3755],[75.766,17.4055],[75.7335,17.42],[75.691,17.4095],[75.6785,17.451],[75.633,17.477],[75.6215,17.459],[75.606,17.3945],[75.574,17.3835],[75.581,17.351],[75.61,17.345],[75.604,17.3055],[75.628,17.2745],[75.654,17.274],[75.662,17.2145],[75.6285,17.1885],[75.6285,17.1625],[75.6505,17.1155],[75.6725,17.116],[75.677,17.0655],[75.666,16.98],[75.6385,16.958],[75.608,16.971],[75.607,17.0045],[75.5675,17.009],[75.564,16.968],[75.5295,16.9695],[75.489,16.9445],[75.4835,16.976],[75.4655,16.9885],[75.428,16.9665],[75.392,16.98],[75.3415,16.956],[75.2795,16.9565],[75.29,16.904],[75.265,16.863],[75.2375,16.868],[75.2275,16.843],[75.182,16.8435],[75.1765,16.8675],[75.1365,16.8745],[75.1175,16.9135],[75.0965,16.914],[75.085,16.9515],[75.062,16.9415],[74.9685,16.95],[74.923,16.9395],[74.9605,16.881],[74.936,16.879],[74.9045,16.8595],[74.911,16.7895],[74.9195,16.7725],[74.85,16.773],[74.8445,16.762],[74.772,16.7505],[74.7275,16.717],[74.691,16.7155],[74.6895,16.6865],[74.665,16.6655],[74.6535,16.639],[74.6875,16.618],[74.6335,16.591],[74.599,16.5645],[74.5685,16.554],[74.567,16.5855],[74.5435,16.5955],[74.5445,16.6355],[74.489,16.63],[74.4635,16.6045],[74.3965,16.5835],[74.38,16.5285],[74.346,16.555],[74.316,16.5545],[74.3015,16.529],[74.264,16.54],[74.297,16.4645],[74.3325,16.455],[74.336,16.394],[74.3175,16.353],[74.3505,16.2755],[74.416,16.28],[74.4175,16.258],[74.477,16.2495],[74.503,16.2255],[74.507,16.1915],[74.4895,16.1775],[74.485,16.1425],[74.4915,16.1045],[74.4815,16.089],[74.4275,16.112],[74.392,16.0825],[74.3725,16.078],[74.381,16.0355],[74.43,16.059],[74.463,16.038],[74.431,15.9565],[74.387,15.905],[74.3975,15.851],[74.3635,15.875],[74.345,15.8505],[74.3665,15.826],[74.372,15.7975],[74.3455,15.7645],[74.323,15.7725],[74.308,15.7485],[74.2685,15.755],[74.2385,15.744],[74.2015,15.7585],[74.1615,15.7515],[74.126,15.724],[74.1185,15.652]]]},"properties":{"shapeName":"Karnātaka"}},
{"type":"Feature","geometry":{"type":"Polygon","coordinates":[[[80.065,28.8365],[80.059,28.916],[80.0965,28.9755],[80.127,29.0055],[80.1295,29.0615],[80.1445,29.1025],[80.1835,29.1365],[80.2335,29.1195],[80.2715,29.1405],[80.2585,29.188],[80.298,29.205],[80.291,29.233],[80.3175,29.313],[80.2935,29.3275],[80.2715,29.363],[80.275,29.3915],[80.243,29.411],[80.245,29.448],[80.286,29.4495],[80.2855,29.4755],[80.342,29.511],[80.358,29.5315],[80.345,29.552],[80.3795,29.561],[80.409,29.5975],[80.416,29.653],[80.392,29.6655],[80.368,29.7235],[80.4075,29.794],[80.4645,29.801],[80.5005,29.8155],[80.5535,29.8495],[80.572,29.8915],[80.5725,29.9175],[80.602,29.957],[80.6295,29.964],[80.6755,29.9575],[80.712,29.99],[80.7505,30.0115],[80.762,30.05],[80.8055,30.09],[80.878,30.1335],[80.8625,30.1695],[80.9075,30.2225],[80.9285,30.175],[80.9745,30.1925],[80.995,30.1865],[81.0445,30.206],[81.032,30.247],[80.9995,30.2675],[80.949,30.27],[80.9085,30.3035],[80.8035,30.3235],[80.773,30.366],[80.715,30.414],[80.6895,30.4145],[80.6585,30.4425],[80.607,30.4715],[80.541,30.4485],[80.4985,30.487],[80.466,30.4905],[80.4165,30.518],[80.347,30.521],[80.3155,30.565],[80.2545,30.5645],[80.2095,30.5885],[80.22,30.6425],[80.1935,30.6675],[80.1985,30.6865],[80.2325,30.691],[80.249,30.7445],[80.1975,30.7615],[80.178,30.805],[80.1585,30.807],[80.124,30.7805],[80.087,30.796],[80.0505,30.845],[80.0095,30.8685],[79.9685,30.8815],[79.932,30.88],[79.9105,30.9135],[79.889,30.9185],[79.8825,30.954],[79.8555,30.9765],[79.817,30.9715],[79.7755,30.987],[79.665,30.9685],[79.601,30.9395],[79.5555,30.956],[79.5085,31.015],[79.47,31.0355],[79.434,31.023],[79.4175,31.0445],[79.4095,31.1085],[79.3715,31.1135],[79.3185,31.136],[79.3065,31.1525],[79.2965,31.2175],[79.222,31.26],[79.2465,31.2915],[79.217,31.3125],[79.2335,31.334],[79.2115,31.35],[79.167,31.361],[79.1735,31.3835],[79.139,31.4335],[79.096,31.4515],[79.0505,31.4265],[79.016,31.423],[78.9985,31.34],[78.9435,31.3655],[78.9105,31.3095],[78.882,31.287],[78.916,31.2485],[78.922,31.2255],[78.9575,31.1865],[78.986,31.174],[79.002,31.1125],[78.9505,31.098],[78.8905,31.097],[78.831,31.1405],[78.7965,31.1965],[78.765,31.186],[78.6615,31.1895],[78.647,31.215],[78.6095,31.2295],[78.578,31.2255],[78.5515,31.2],[78.4835,31.199],[78.4615,31.236],[78.4365,31.254],[78.407,31.2565],[78.3705,31.2865],[78.318,31.279],[78.3065,31.26],[78.276,31.2615],[78.243,31.2295],[78.1995,31.2175],[78.16,31.2255],[78.1035,31.1855],[78.066,31.187],[78.0295,31.164],[77.9845,31.157],[77.9675,31.1735],[77.925,31.1505],[77.9085,31.154],[77.873,31.115],[77.851,31.0735],[77.817,31.057],[77.81,31.011],[77.832,30.994],[77.8165,30.973],[77.7725,30.9745],[77.754,30.9645],[77.763,30.918],[77.805,30.9235],[77.799,30.868],[77.757,30.86],[77.7485,30.8215],[77.7215,30.776],[77.704,30.765],[77.756,30.707],[77.7475,30.68],[77.7875,30.6555],[77.786,30.6245],[77.743,30.594],[77.774,30.558],[77.818,30.561],[77.828,30.531],[77.8185,30.508],[77.782,30.5005],[77.721,30.473],[77.69,30.448],[77.646,30.4335],[77.5945,30.4265],[77.576,30.3975],[77.648,30.4045],[77.6895,30.377],[77.722,30.3305],[77.761,30.3185],[77.839,30.2745],[77.8855,30.267],[77.944,30.2395],[77.919,30.2115],[77.912,30.1825],[77.881,30.151],[77.866,30.119],[77.828,30.086],[77.7995,30.0875],[77.77,30.0425],[77.762,30.0095],[77.7335,29.956],[77.7305,29.9315],[77.748,29.911],[77.7185,29.8875],[77.7235,29.855],[77.7515,29.8105],[77.7745,29.791],[77.7805,29.765],[77.7695,29.7175],[77.8105,29.7025],[77.799,29.686],[77.83,29.6685],[77.8825,29.7025],[77.9125,29.696],[77.9455,29.713],[77.9495,29.68],[77.97,29.6665],[77.976,29.6175],[77.9485,29.617],[77.9405,29.593],[77.973,29.5805],[78.015,29.5875],[78.057,29.6265],[78.1305,29.6525],[78.1805,29.697],[78.204,29.7375],[78.246,29.7345],[78.2925,29.759],[78.3355,29.7965],[78.3925,29.7675],[78.4285,29.7645],[78.454,29.746],[78.5165,29.7195],[78.5215,29.658],[78.541,29.627],[78.6175,29.558],[78.6505,29.546],[78.711,29.5005],[78.745,29.501],[78.7995,29.4645],[78.9255,29.434],[78.9185,29.4035],[78.8785,29.366],[78.84,29.346],[78.822,29.359],[78.7955,29.325],[78.7665,29.3375],[78.732,29.3175],[78.736,29.297],[78.765,29.2795],[78.79,29.2475],[78.82,29.232],[78.851,29.237],[78.8765,29.2255],[78.8965,29.1935],[78.927,29.118],[78.9915,29.1305],[79.0265,29.1125],[79.0505,29.157],[79.1195,29.126],[79.15,29.1185],[79.1425,29.067],[79.172,29.045],[79.1825,29.016],[79.222,29.0195],[79.3075,28.9665],[79.3565,28.968],[79.3905,28.9475],[79.4075,28.9525],[79.428,28.92],[79.4255,28.8665],[79.533,28.87],[79.5565,28.8995],[79.5845,28.879],[79.5845,28.8465],[79.6215,28.8645],[79.656,28.87],[79.7065,28.841],[79.749,28.872],[79.7885,28.873],[79.8,28.8875],[79.8455,28.874],[79.8785,28.815],[79.873,28.7975],[79.924,28.773],[79.954,28.723],[80.03,28.7485],[80.068,28.803],[80.065,28.8365]]]},"properties":{"shapeName":"Uttarākhand"}},
{"type":"Feature","geometry":{"type":"MultiPolygon","coordinates":[[[[73.2105,20.1205],[73.187,20.1295],[73.1855,20.156],[73.218,20.186],[73.133,20.2055],[73.1285,20.1735],[73.0995,20.156],[73.063,20.1775],[73.0535,20.2055],[73.071,20.23],[73.098,20.2275],[73.114,20.256],[73.164,20.2975],[73.1515,20.317],[73.1015,20.303],[73.0775,20.323],[73.0385,20.3175],[73.0345,20.2915],[72.9315,20.295],[72.912,20.269],[72.931,20.2425],[72.954,20.237],[72.9615,20.209],[72.974,20.1585],[72.9605,20.134],[72.971,20.1155],[73,20.1225],[73.0395,20.067],[73.056,20.099],[73.137,20.086],[73.171,20.052],[73.213,20.091],[73.2105,20.1205]]],[[[72.8555,20.4675],[72.8275,20.4315],[72.821,20.3675],[72.8905,20.3725],[72.872,20.414],[72.888,20.4605],[72.8555,20.4675]]],[[[70.9205,20.743],[70.883,20.7245],[70.8995,20.6995],[70.929,20.712],[70.9755,20.704],[71.0075,20.7375],[70.981,20.7225],[70.9605,20.7365],[70.9205,20.743]]]]},"properties":{"shapeName":"Dādra and Nagar Haveli and Damān and Diu"}},
{"type":"Feature","geometry":{"type":"Polygon","coordinates":[[[80.66,21.334],[80.6905,21.372],[80.707,21.433],[80.735,21.46],[80.7275,21.496],[80.741,21.539],[80.72,21.555],[80.7155,21.585],[80.729,21.6205],[80.716,21.675],[80.735,21.704],[80.7475,21.7555],[80.7725,21.7585],[80.804,21.745],[80.8275,21.776],[80.8505,21.858],[80.832,21.8905],[80.843,21.946],[80.876,22.0135],[80.876,22.0385],[80.897,22.0645],[80.908,22.1095],[80.9475,22.1185],[80.972,22.085],[80.97,22.0575],[81.009,22.071],[81.003,22.101],[80.978,22.1225],[81.022,22.133],[81.029,22.1925],[81.0235,22.2295],[81.05,22.2445],[81.0915,22.249],[81.1185,22.2915],[81.106,22.3875],[81.111,22.4375],[81.155,22.455],[81.1725,22.488],[81.2,22.463],[81.232,22.452],[81.262,22.472],[81.2815,22.503],[81.3075,22.482],[81.3175,22.5145],[81.34,22.5195],[81.382,22.51],[81.3965,22.44],[81.423,22.4475],[81.428,22.48],[81.4525,22.496],[81.4845,22.488],[81.4965,22.5195],[81.5695,22.551],[81.605,22.5345],[81.66,22.5695],[81.6455,22.605],[81.6835,22.647],[81.713,22.648],[81.7285,22.6765],[81.7715,22.6765],[81.7525,22.7265],[81.7945,22.7665],[81.768,22.8355],[81.7755,22.8745],[81.8615,22.8895],[81.919,22.9465],[81.9465,22.957],[81.9505,22.983],[81.9215,23.041],[81.927,23.0575],[81.9855,23.086],[82.035,23.0805],[82.07,23.118],[82.126,23.104],[82.1395,23.132],[82.1615,23.143],[82.143,23.187],[82.1475,23.219],[82.1745,23.2685],[82.1935,23.278],[82.1995,23.3135],[82.1635,23.3345],[82.1455,23.361],[82.1235,23.354],[82.1135,23.384],[82.064,23.393],[82.0325,23.41],[81.9905,23.4185],[81.948,23.501],[81.9235,23.5325],[81.881,23.515],[81.8205,23.5155],[81.809,23.5495],[81.758,23.55],[81.7365,23.5665],[81.6995,23.522],[81.668,23.533],[81.6395,23.4785],[81.627,23.482],[81.6105,23.555],[81.584,23.5535],[81.5765,23.5855],[81.611,23.6035],[81.6205,23.6515],[81.655,23.663],[81.684,23.691],[81.696,23.7215],[81.6765,23.757],[81.6445,23.77],[81.6515,23.799],[81.636,23.8345],[81.603,23.8535],[81.609,23.903],[81.658,23.9165],[81.6875,23.9065],[81.6905,23.885],[81.732,23.8565],[81.7255,23.84],[81.773,23.8165],[81.823,23.808],[81.906,23.846],[81.9205,23.8705],[81.95,23.8565],[82.0075,23.862],[82.0815,23.8165],[82.1435,23.8165],[82.2065,23.8275],[82.2375,23.8055],[82.2605,23.8215],[82.296,23.808],[82.3935,23.8],[82.479,23.806],[82.4975,23.785],[82.5515,23.7905],[82.554,23.826],[82.5885,23.8215],[82.6355,23.8375],[82.6685,23.872],[82.6615,23.9075],[82.699,23.925],[82.7525,23.92],[82.8105,23.963],[82.8065,23.998],[82.7505,24.0125],[82.7475,24.027],[82.774,24.076],[82.733,24.0785],[82.6655,24.1245],[82.678,24.153],[82.711,24.1365],[82.7445,24.1655],[82.7365,24.223],[82.759,24.237],[82.7555,24.261],[82.773,24.3075],[82.7685,24.371],[82.7255,24.368],[82.7135,24.3805],[82.7435,24.4985],[82.7205,24.514],[82.748,24.5615],[82.801,24.58],[82.769,24.6035],[82.774,24.642],[82.707,24.636],[82.7015,24.675],[82.671,24.697],[82.539,24.648],[82.5235,24.676],[82.457,24.6735],[82.4295,24.7025],[82.4065,24.6815],[82.416,24.591],[82.364,24.5975],[82.339,24.6205],[82.3015,24.6075],[82.3035,24.654],[82.281,24.6755],[82.235,24.671],[82.251,24.7115],[82.2555,24.7475],[82.2035,24.7605],[82.2065,24.796],[82.167,24.7855],[82.1385,24.7995],[82.1155,24.7845],[82.0975,24.816],[82.0715,24.819],[82.0315,24.84],[81.9605,24.837],[81.9035,24.899],[81.9195,24.928],[81.908,24.98],[81.891,24.996],[81.8535,25.0025],[81.835,25.0175],[81.7925,25.0045],[81.746,25.0335],[81.707,25.035],[81.686,25.0585],[81.6525,25.071],[81.6115,25.0565],[81.6215,25.09],[81.597,25.119],[81.624,25.1565],[81.5885,25.166],[81.5785,25.191],[81.5125,25.1775],[81.484,25.116],[81.5095,25.1055],[81.5015,25.078],[81.4695,25.0795],[81.4385,25.1305],[81.393,25.131],[81.3605,25.1605],[81.3345,25.1695],[81.289,25.162],[81.266,25.1395],[81.2595,25.076],[81.269,25.0675],[81.2265,25.0015],[81.2155,24.933],[81.168,24.955],[81.16,24.9135],[81.1395,24.8875],[81.0965,24.921],[81.085,24.9495],[81.0335,24.9525],[80.9965,24.928],[80.9475,24.941],[80.9465,24.9665],[80.8375,24.9285],[80.8085,24.9385],[80.824,24.968],[80.852,24.9885],[80.8365,25.0225],[80.8465,25.0445],[80.878,25.0655],[80.8685,25.1155],[80.9035,25.1595],[80.8825,25.183],[80.845,25.185],[80.8365,25.134],[80.7605,25.1345],[80.7275,25.1185],[80.752,25.0925],[80.7835,25.076],[80.7665,25.053],[80.729,25.067],[80.691,25.052],[80.6775,25.078],[80.624,25.089],[80.6195,25.108],[80.5525,25.063],[80.5065,25.084],[80.503,25.0455],[80.5475,25.025],[80.5495,25.0025],[80.501,25.0045],[80.4765,24.9765],[80.456,24.9815],[80.444,25.021],[80.4515,25.062],[80.3925,25.064],[80.3835,25.0355],[80.3205,25.003],[80.2735,25.026],[80.3315,25.048],[80.3525,25.0925],[80.376,25.1165],[80.358,25.1425],[80.42,25.163],[80.4315,25.1775],[80.408,25.218],[80.348,25.2785],[80.311,25.2865],[80.3225,25.332],[80.3155,25.389],[80.2885,25.417],[80.264,25.424],[80.2535,25.401],[80.196,25.402],[80.131,25.334],[80.089,25.356],[80.0725,25.337],[80.0335,25.342],[80.005,25.267],[79.953,25.2645],[79.9165,25.2445],[79.878,25.251],[79.851,25.227],[79.87,25.1725],[79.866,25.141],[79.824,25.1085],[79.7485,25.1395],[79.6705,25.1225],[79.6215,25.135],[79.6,25.128],[79.5605,25.17],[79.519,25.118],[79.525,25.0975],[79.4915,25.0795],[79.4265,25.119],[79.4055,25.106],[79.384,25.143],[79.3935,25.173],[79.412,25.1825],[79.447,25.2445],[79.336,25.288],[79.342,25.329],[79.3,25.3375],[79.2705,25.3095],[79.3165,25.256],[79.345,25.252],[79.3445,25.2175],[79.307,25.225],[79.3135,25.136],[79.283,25.1175],[79.246,25.1335],[79.204,25.1255],[79.1865,25.144],[79.1595,25.1075],[79.124,25.111],[79.116,25.14],[79.126,25.1615],[79.0815,25.1815],[79.051,25.1345],[79.0295,25.144],[79.031,25.185],[79.0635,25.222],[79.0335,25.234],[79.012,25.2725],[78.9945,25.273],[78.954,25.219],[78.921,25.2005],[78.8905,25.1605],[78.874,25.1915],[78.917,25.2735],[78.9375,25.2595],[78.964,25.2995],[78.9375,25.327],[78.882,25.3435],[78.864,25.31],[78.8665,25.2805],[78.852,25.231],[78.788,25.296],[78.8345,25.323],[78.8515,25.3575],[78.88,25.386],[78.953,25.4],[78.9765,25.42],[78.958,25.4405],[78.9325,25.4305],[78.944,25.483],[78.9225,25.516],[78.953,25.5375],[78.895,25.5555],[78.8845,25.5155],[78.8415,25.5125],[78.866,25.4655],[78.8485,25.4365],[78.8185,25.4715],[78.7965,25.483],[78.768,25.4695],[78.733,25.484],[78.732,25.4575],[78.775,25.42],[78.7485,25.41],[78.7745,25.353],[78.7265,25.3435],[78.7155,25.3715],[78.6625,25.382],[78.7055,25.4205],[78.658,25.441],[78.6395,25.405],[78.608,25.415],[78.587,25.3725],[78.585,25.347],[78.542,25.345],[78.533,25.301],[78.5125,25.2765],[78.562,25.264],[78.5705,25.205],[78.603,25.147],[78.602,25.095],[78.628,25.086],[78.6525,25.0505],[78.644,24.9845],[78.6315,24.9615],[78.6635,24.9385],[78.6765,24.8985],[78.77,24.859],[78.79,24.811],[78.7745,24.7945],[78.77,24.758],[78.781,24.709],[78.747,24.6625],[78.752,24.6],[78.784,24.5885],[78.8345,24.6045],[78.8435,24.6235],[78.877,24.642],[78.9125,24.6],[78.92,24.575],[78.9465,24.557],[78.9475,24.5025],[78.9205,24.4995],[78.915,24.458],[78.9475,24.4365],[78.986,24.4415],[78.9935,24.4225],[78.963,24.344],[78.941,24.3155],[78.9095,24.298],[78.9165,24.269],[78.8845,24.2505],[78.888,24.227],[78.847,24.214],[78.8065,24.1785],[78.7895,24.177],[78.7645,24.231],[78.7255,24.2365],[78.703,24.227],[78.6685,24.24],[78.66,24.2675],[78.596,24.3355],[78.502,24.3905],[78.4745,24.3565],[78.478,24.339],[78.444,24.3195],[78.431,24.284],[78.392,24.263],[78.3795,24.283],[78.348,24.2995],[78.3315,24.3345],[78.366,24.386],[78.2695,24.447],[78.268,24.479],[78.2495,24.4835],[78.2295,24.5375],[78.2645,24.552],[78.278,24.6145],[78.264,24.651],[78.2765,24.663],[78.2575,24.704],[78.226,24.747],[78.2355,24.7715],[78.1935,24.8425],[78.1735,24.8465],[78.1735,24.879],[78.2105,24.895],[78.224,24.9155],[78.334,24.995],[78.3475,25.0215],[78.3385,25.0865],[78.3835,25.1015],[78.427,25.1465],[78.4165,25.1835],[78.3955,25.188],[78.3725,25.26],[78.3115,25.305],[78.344,25.3285],[78.308,25.381],[78.3405,25.3995],[78.3395,25.4265],[78.395,25.444],[78.4285,25.488],[78.417,25.502],[78.421,25.54],[78.4935,25.5785],[78.5445,25.5615],[78.598,25.5705],[78.6585,25.56],[78.679,25.5855],[78.732,25.6065],[78.742,25.597],[78.812,25.621],[78.8165,25.6765],[78.793,25.7055],[78.7635,25.72],[78.7705,25.749],[78.8085,25.801],[78.8285,25.7955],[78.8525,25.8565],[78.887,25.883],[78.908,25.9345],[78.937,25.953],[78.9555,25.995],[78.9485,26.028],[79.0025,26.0665],[79.012,26.083],[78.9635,26.122],[78.967,26.15],[78.9945,26.146],[79.026,26.22],[79.0635,26.226],[79.0645,26.277],[79.09,26.288],[79.1155,26.3205],[79.123,26.347],[79.0965,26.3725],[79.089,26.3965],[79.1235,26.4115],[79.122,26.447],[79.07,26.442],[79.068,26.4965],[79.019,26.541],[78.9875,26.593],[79.0165,26.6005],[78.9935,26.641],[78.9935,26.6775],[78.9425,26.658],[78.9555,26.692],[78.9095,26.707],[78.8715,26.698],[78.816,26.7625],[78.772,26.77],[78.7215,26.7965],[78.6805,26.786],[78.675,26.766],[78.63,26.773],[78.6085,26.7495],[78.5725,26.7515],[78.521,26.7805],[78.4605,26.7875],[78.428,26.826],[78.395,26.817],[78.3695,26.866],[78.3055,26.8625],[78.2735,26.842],[78.2625,26.813],[78.223,26.8305],[78.1675,26.8145],[78.155,26.784],[78.1165,26.7965],[78.1015,26.7795],[78.1175,26.7415],[78.092,26.715],[78.0955,26.681],[78.0005,26.695],[77.9535,26.659],[77.8975,26.6535],[77.8965,26.6175],[77.859,26.614],[77.8275,26.596],[77.8325,26.5615],[77.812,26.547],[77.7835,26.552],[77.74,26.5335],[77.7265,26.502],[77.6755,26.503],[77.6335,26.4785],[77.6135,26.4525],[77.5585,26.4355],[77.5235,26.4075],[77.486,26.411],[77.4375,26.4035],[77.4485,26.368],[77.3905,26.3565],[77.374,26.3655],[77.321,26.3335],[77.3165,26.312],[77.27,26.267],[77.204,26.23],[77.135,26.2335],[77.1165,26.2205],[77.0985,26.1845],[77.0315,26.1725],[76.999,26.13],[76.948,26.103],[76.901,26.093],[76.8855,26.048],[76.84,26.026],[76.807,25.99],[76.791,25.943],[76.7065,25.9],[76.642,25.908],[76.615,25.868],[76.5825,25.87],[76.53,25.8115],[76.5155,25.776],[76.5235,25.74],[76.48,25.717],[76.479,25.6845],[76.504,25.6645],[76.499,25.6375],[76.514,25.603],[76.5055,25.5795],[76.5165,25.5275],[76.5555,25.483],[76.556,25.4525],[76.5875,25.432],[76.6235,25.3765],[76.64,25.3835],[76.6695,25.349],[76.7005,25.3515],[76.7295,25.3285],[76.7775,25.3155],[76.857,25.3325],[76.899,25.324],[76.9295,25.303],[77.0315,25.2945],[77.0455,25.3195],[77.0835,25.3365],[77.125,25.3305],[77.165,25.3085],[77.209,25.306],[77.234,25.379],[77.2675,25.396],[77.291,25.4225],[77.3315,25.427],[77.3575,25.399],[77.3515,25.37],[77.3815,25.3055],[77.374,25.2745],[77.355,25.2635],[77.4145,25.2205],[77.4005,25.184],[77.396,25.138],[77.376,25.105],[77.311,25.0795],[77.2885,25.1065],[77.1745,25.1115],[77.167,25.085],[77.1335,25.0855],[77.123,25.067],[77.082,25.058],[76.9885,25.0725],[76.9455,25.0465],[76.876,25.0415],[76.8755,25.0075],[76.862,24.9615],[76.923,24.9135],[76.9125,24.888],[76.9405,24.857],[76.8975,24.8385],[76.832,24.838],[76.8025,24.8095],[76.8465,24.77],[76.856,24.7425],[76.8905,24.747],[76.907,24.7315],[76.9465,24.759],[76.9635,24.7565],[76.999,24.718],[77.0305,24.712],[77.065,24.644],[77.0715,24.5725],[77.0545,24.5265],[77.0295,24.517],[77.029,24.496],[76.978,24.461],[76.943,24.465],[76.9185,24.4805],[76.9175,24.5435],[76.884,24.5215],[76.863,24.5495],[76.8165,24.5335],[76.8465,24.4865],[76.85,24.4265],[76.8375,24.4085],[76.852,24.3705],[76.8365,24.359],[76.8415,24.3225],[76.863,24.273],[76.889,24.245],[76.9125,24.238],[76.916,24.1875],[76.901,24.127],[76.8545,24.1355],[76.802,24.1165],[76.7565,24.169],[76.699,24.1685],[76.676,24.191],[76.702,24.2415],[76.6955,24.2845],[76.6665,24.2625],[76.6165,24.258],[76.611,24.2385],[76.5705,24.209],[76.577,24.178],[76.5275,24.157],[76.5135,24.1655],[76.505,24.203],[76.452,24.209],[76.4305,24.2215],[76.402,24.2155],[76.34,24.244],[76.2875,24.23],[76.2855,24.2095],[76.203,24.2205],[76.204,24.298],[76.1855,24.3295],[76.1595,24.2825],[76.1415,24.2675],[76.1485,24.2315],[76.1175,24.194],[76.1135,24.164],[76.131,24.1165],[76.127,24.088],[76.042,24.066],[76.0215,24.0345],[75.9985,24.0205],[75.9635,24.0185],[75.985,23.9735],[75.9875,23.941],[75.929,23.899],[75.886,23.879],[75.8705,23.8905],[75.794,23.867],[75.7655,23.8505],[75.753,23.887],[75.706,23.8995],[75.7015,23.873],[75.7315,23.853],[75.7215,23.812],[75.69,23.8135],[75.693,23.776],[75.6545,23.7985],[75.5835,23.7945],[75.559,23.8285],[75.566,23.8535],[75.4915,23.907],[75.4595,23.9205],[75.469,23.9745],[75.521,24.0245],[75.588,23.9905],[75.631,23.995],[75.671,24.018],[75.699,23.988],[75.702,23.9665],[75.7655,23.9925],[75.7805,24.04],[75.837,24.057],[75.835,24.0915],[75.793,24.092],[75.752,24.148],[75.774,24.1805],[75.7795,24.2105],[75.8075,24.218],[75.818,24.2385],[75.811,24.296],[75.7665,24.298],[75.743,24.34],[75.74,24.377],[75.756,24.4205],[75.7855,24.468],[75.814,24.462],[75.81,24.434],[75.839,24.414],[75.8755,24.4265],[75.909,24.455],[75.9115,24.5135],[75.904,24.5485],[75.9145,24.5725],[75.8785,24.5835],[75.8465,24.631],[75.848,24.663],[75.825,24.6675],[75.838,24.718],[75.802,24.7565],[75.757,24.7615],[75.683,24.724],[75.646,24.685],[75.611,24.681],[75.583,24.7135],[75.5495,24.703],[75.534,24.7125],[75.49,24.687],[75.4555,24.6805],[75.371,24.6925],[75.262,24.7155],[75.2285,24.7175],[75.188,24.7435],[75.2155,24.8025],[75.2525,24.813],[75.2405,24.846],[75.2905,24.8335],[75.298,24.807],[75.396,24.8415],[75.4255,24.869],[75.4075,24.8845],[75.3735,24.8675],[75.3265,24.875],[75.318,24.8605],[75.2635,24.875],[75.264,24.8955],[75.2945,24.909],[75.3155,24.8945],[75.3355,24.9435],[75.314,24.979],[75.3345,25.041],[75.2675,25.0425],[75.1925,25.0335],[75.17,25.049],[75.152,24.989],[75.1135,24.967],[75.119,24.8825],[75.0765,24.8805],[75.0485,24.85],[74.9855,24.8535],[74.948,24.8645],[74.9105,24.894],[74.903,24.93],[74.8675,24.9295],[74.859,24.9625],[74.8335,24.9595],[74.826,24.9005],[74.8405,24.885],[74.859,24.8385],[74.861,24.7985],[74.907,24.7815],[74.9815,24.7635],[75.007,24.7715],[75.0165,24.732],[74.9925,24.7315],[74.9925,24.6935],[74.929,24.6355],[74.889,24.6335],[74.86,24.683],[74.804,24.735],[74.784,24.728],[74.7835,24.6915],[74.772,24.6615],[74.814,24.666],[74.803,24.634],[74.7795,24.6155],[74.7865,24.586],[74.7435,24.5715],[74.7535,24.554],[74.7445,24.5135],[74.712,24.5005],[74.7445,24.4685],[74.7765,24.4605],[74.815,24.4685],[74.83,24.435],[74.856,24.429],[74.8115,24.3825],[74.781,24.3385],[74.7815,24.289],[74.749,24.2585],[74.775,24.2385],[74.868,24.243],[74.91,24.21],[74.8795,24.1735],[74.896,24.1575],[74.9035,24.109],[74.9395,24.054],[74.974,24.04],[74.9625,23.979],[74.931,23.9575],[74.9025,23.873],[74.9115,23.826],[74.9405,23.7645],[74.9185,23.706],[74.9035,23.6845],[74.922,23.6665],[74.9365,23.6285],[74.87,23.592],[74.84,23.55],[74.803,23.5325],[74.773,23.544],[74.7615,23.521],[74.701,23.504],[74.652,23.4625],[74.61,23.452],[74.599,23.429],[74.575,23.4235],[74.5695,23.3785],[74.5465,23.365],[74.535,23.331],[74.515,23.3155],[74.585,23.2795],[74.6095,23.2825],[74.627,23.259],[74.678,23.2715],[74.713,23.2505],[74.698,23.226],[74.7415,23.2085],[74.715,23.1905],[74.6715,23.2],[74.6495,23.175],[74.5965,23.138],[74.5395,23.1295],[74.5395,23.1035],[74.464,23.0815],[74.432,23.105],[74.386,23.1115],[74.356,23.08],[74.3245,23.0615],[74.322,23.041],[74.3465,23.0245],[74.3645,22.9815],[74.3395,22.953],[74.378,22.907],[74.4035,22.8985],[74.4185,22.9175],[74.4585,22.9115],[74.4765,22.8555],[74.465,22.8165],[74.434,22.808],[74.435,22.7825],[74.402,22.7315],[74.384,22.646],[74.359,22.634],[74.3155,22.634],[74.2775,22.646],[74.2315,22.612],[74.21,22.5645],[74.171,22.5475],[74.133,22.52],[74.112,22.5395],[74.0745,22.5515],[74.041,22.5415],[74.039,22.5155],[74.083,22.5065],[74.074,22.4775],[74.134,22.446],[74.215,22.4415],[74.2565,22.3995],[74.2235,22.38],[74.192,22.3465],[74.19,22.32],[74.128,22.333],[74.1125,22.367],[74.071,22.3615],[74.0725,22.3435],[74.0525,22.294],[74.0745,22.2655],[74.072,22.219],[74.1225,22.2125],[74.118,22.1855],[74.1305,22.1445],[74.1285,22.0945],[74.1525,22.106],[74.1705,22.0915],[74.16,22.059],[74.1355,22.053],[74.0995,21.9995],[74.1505,21.9865],[74.1465,21.953],[74.193,21.926],[74.281,21.933],[74.312,21.9735],[74.3535,21.98],[74.39,22.0215],[74.443,22.022],[74.4395,21.9765],[74.4535,21.962],[74.489,21.956],[74.5095,21.9205],[74.51,21.829],[74.4985,21.79],[74.514,21.7655],[74.5055,21.726],[74.5475,21.7195],[74.5625,21.6835],[74.582,21.665],[74.664,21.6525],[74.7005,21.6275],[74.8195,21.6085],[74.838,21.622],[74.902,21.629],[74.9105,21.6145],[74.9795,21.595],[75.0515,21.5665],[75.09,21.5155],[75.1075,21.462],[75.18,21.4305],[75.207,21.413],[75.255,21.402],[75.2955,21.4135],[75.316,21.388],[75.366,21.3965],[75.3825,21.3795],[75.426,21.3905],[75.52,21.387],[75.541,21.3695],[75.588,21.389],[75.623,21.375],[75.674,21.377],[75.7035,21.388],[75.755,21.3795],[75.803,21.3845],[75.8625,21.38],[75.8905,21.3945],[75.9105,21.3825],[75.963,21.3895],[75.9865,21.3685],[76.0295,21.365],[76.048,21.349],[76.0955,21.371],[76.1205,21.323],[76.1285,21.2865],[76.1595,21.253],[76.165,21.1695],[76.119,21.1715],[76.11,21.161],[76.1355,21.1205],[76.1915,21.0865],[76.272,21.089],[76.2985,21.0735],[76.3695,21.0725],[76.4375,21.1],[76.4925,21.1935],[76.53,21.182],[76.567,21.1995],[76.623,21.185],[76.6625,21.2805],[76.6215,21.332],[76.6825,21.3785],[76.74,21.4115],[76.7445,21.44],[76.7815,21.46],[76.7955,21.4895],[76.7635,21.521],[76.7895,21.5365],[76.784,21.574],[76.8005,21.595],[76.8275,21.5885],[76.8545,21.6135],[76.8975,21.596],[77.005,21.6785],[77.0625,21.707],[77.1295,21.722],[77.2105,21.6895],[77.227,21.717],[77.26,21.714],[77.291,21.733],[77.2805,21.7585],[77.3245,21.7525],[77.404,21.7525],[77.456,21.76],[77.5025,21.746],[77.544,21.704],[77.562,21.6655],[77.582,21.5535],[77.575,21.5265],[77.508,21.551],[77.4545,21.5535],[77.4255,21.538],[77.4225,21.517],[77.4415,21.4715],[77.4735,21.4545],[77.49,21.3775],[77.5145,21.376],[77.536,21.4175],[77.5635,21.393],[77.5635,21.369],[77.605,21.3625],[77.6035,21.3895],[77.6955,21.378],[77.71,21.3575],[77.737,21.362],[77.75,21.383],[77.7965,21.389],[77.8225,21.407],[77.857,21.3885],[77.907,21.378],[77.9425,21.3965],[77.9845,21.403],[78.046,21.4335],[78.082,21.445],[78.1765,21.499],[78.182,21.5565],[78.2235,21.5525],[78.303,21.5835],[78.3555,21.573],[78.407,21.609],[78.4395,21.5025],[78.487,21.5055],[78.505,21.5265],[78.541,21.5235],[78.5855,21.4865],[78.6885,21.482],[78.728,21.462],[78.751,21.493],[78.78,21.4785],[78.8005,21.49],[78.8635,21.4925],[78.8995,21.5005],[78.9365,21.4855],[78.944,21.516],[78.913,21.5505],[78.9165,21.591],[78.9435,21.592],[78.9755,21.6175],[79.0125,21.5995],[79.0765,21.6055],[79.13,21.6255],[79.1625,21.6455],[79.224,21.6485],[79.221,21.6925],[79.2365,21.716],[79.268,21.7155],[79.2905,21.6925],[79.3925,21.674],[79.4155,21.691],[79.4605,21.6875],[79.496,21.674],[79.516,21.631],[79.512,21.584],[79.5425,21.568],[79.5405,21.5425],[79.5815,21.5415],[79.6185,21.5575],[79.652,21.5555],[79.661,21.577],[79.6895,21.581],[79.742,21.603],[79.792,21.5865],[79.831,21.5465],[79.863,21.531],[79.9185,21.5245],[79.936,21.556],[79.9715,21.5575],[80.004,21.5355],[80.033,21.556],[80.0725,21.5565],[80.128,21.6115],[80.1545,21.6065],[80.193,21.6355],[80.2215,21.621],[80.2705,21.616],[80.331,21.5475],[80.3765,21.5235],[80.384,21.49],[80.422,21.4405],[80.3965,21.403],[80.417,21.375],[80.446,21.371],[80.4575,21.4025],[80.517,21.395],[80.5665,21.3455],[80.6215,21.3205],[80.66,21.334]],[[79.3955,25.032],[79.369,25.059],[79.3795,25.0855],[79.405,25.0785],[79.424,25.045],[79.3955,25.032]]]},"properties":{"shapeName":"Madhya Pradesh"}},
{"type":"Feature","geometry":{"type":"Polygon","coordinates":[[[73.6755,15.727],[73.702,15.6905],[73.735,15.589],[73.755,15.5465],[73.7675,15.5005],[73.81,15.496],[73.7995,15.454],[73.8495,15.4525],[73.892,15.4085],[73.8725,15.3965],[73.784,15.409],[73.808,15.377],[73.8415,15.3605],[73.8795,15.3635],[73.9025,15.3115],[73.9495,15.145],[73.9215,15.0905],[73.9815,15.053],[73.989,15.0205],[74.0215,15.0115],[74.05,14.959],[74.044,14.9175],[74.0855,14.9005],[74.1795,14.9565],[74.2015,14.9255],[74.2175,14.9455],[74.2525,14.959],[74.252,14.9925],[74.2965,15.041],[74.2725,15.0975],[74.2835,15.145],[74.3175,15.184],[74.3015,15.2245],[74.2525,15.251],[74.2715,15.281],[74.326,15.2835],[74.3365,15.295],[74.317,15.329],[74.3235,15.3675],[74.283,15.383],[74.269,15.419],[74.2755,15.449],[74.251,15.4915],[74.2785,15.5175],[74.278,15.546],[74.2495,15.568],[74.2645,15.6155],[74.244,15.626],[74.252,15.6545],[74.2365,15.6685],[74.204,15.6635],[74.167,15.672],[74.1645,15.6535],[74.1185,15.652],[74.0785,15.631],[74.031,15.6225],[74.021,15.606],[73.991,15.6115],[73.9615,15.6415],[73.964,15.691],[73.9385,15.7425],[73.875,15.7505],[73.8795,15.774],[73.8565,15.801],[73.809,15.7425],[73.785,15.7255],[73.7425,15.7355],[73.731,15.7215],[73.6755,15.727]]]},"properties":{"shapeName":"Goa"}},
{"type":"Feature","geometry":{"type":"Polygon","coordinates":[[[75.5365,11.694],[75.567,11.6295],[75.6185,11.4875],[75.6805,11.451],[75.7155,11.393],[75.7485,11.3185],[75.8045,11.157],[75.83,11.1165],[75.8625,11.0015],[75.91,10.7935],[75.9225,10.7615],[76,10.593],[76.032,10.5175],[76.067,10.456],[76.1165,10.334],[76.1535,10.209],[76.185,10.1235],[76.2205,9.999],[76.2405,9.9825],[76.2375,9.957],[76.261,9.8815],[76.284,9.7495],[76.308,9.542],[76.3405,9.4095],[76.3725,9.334],[76.5165,9.0175],[76.548,8.903],[76.5925,8.8745],[76.6325,8.8355],[76.6995,8.7385],[76.7875,8.634],[76.892,8.502],[76.9595,8.4215],[76.9865,8.376],[77.0035,8.369],[77.098,8.2925],[77.1185,8.3205],[77.1585,8.3275],[77.153,8.361],[77.197,8.4195],[77.213,8.4705],[77.2135,8.512],[77.2385,8.496],[77.2615,8.5065],[77.2745,8.5375],[77.2665,8.5855],[77.2515,8.6205],[77.2345,8.627],[77.201,8.669],[77.2065,8.6845],[77.177,8.725],[77.204,8.769],[77.2175,8.7675],[77.264,8.842],[77.2555,8.8795],[77.221,8.904],[77.2105,8.932],[77.1735,8.9915],[77.1495,9.0095],[77.167,9.045],[77.1925,9.0435],[77.212,9.1],[77.247,9.124],[77.268,9.1535],[77.2565,9.1965],[77.282,9.217],[77.2755,9.235],[77.283,9.292],[77.325,9.337],[77.344,9.402],[77.3365,9.4125],[77.366,9.46],[77.3925,9.4595],[77.399,9.4965],[77.3655,9.535],[77.365,9.553],[77.3035,9.599],[77.2695,9.573],[77.234,9.5815],[77.198,9.6145],[77.1675,9.615],[77.181,9.6595],[77.2065,9.6945],[77.2075,9.725],[77.2275,9.765],[77.2185,9.905],[77.2365,9.936],[77.273,9.9645],[77.2545,10.0125],[77.264,10.0295],[77.204,10.0885],[77.201,10.107],[77.2445,10.132],[77.275,10.1315],[77.2745,10.185],[77.288,10.2325],[77.259,10.2305],[77.2635,10.264],[77.2275,10.3165],[77.2355,10.353],[77.176,10.3585],[77.12,10.318],[77.089,10.311],[77.0555,10.287],[77.0515,10.264],[76.9835,10.222],[76.9395,10.238],[76.912,10.2345],[76.8975,10.2615],[76.83,10.303],[76.846,10.357],[76.8335,10.403],[76.816,10.423],[76.828,10.4495],[76.8385,10.5965],[76.81,10.624],[76.831,10.637],[76.882,10.639],[76.866,10.685],[76.9035,10.762],[76.901,10.808],[76.848,10.8195],[76.854,10.8395],[76.831,10.8705],[76.7815,10.891],[76.7385,10.8955],[76.6765,10.918],[76.662,10.9295],[76.6665,10.9685],[76.686,10.9895],[76.6995,11.0265],[76.7465,11.057],[76.7545,11.079],[76.7435,11.1025],[76.747,11.1325],[76.7085,11.1465],[76.695,11.167],[76.73,11.1935],[76.7355,11.2155],[76.707,11.2385],[76.629,11.1945],[76.601,11.1975],[76.534,11.1855],[76.5095,11.2085],[76.449,11.2055],[76.453,11.2395],[76.5215,11.2705],[76.542,11.2965],[76.548,11.359],[76.4605,11.389],[76.3685,11.4565],[76.342,11.4675],[76.326,11.454],[76.2845,11.483],[76.2645,11.4815],[76.2445,11.525],[76.2335,11.568],[76.265,11.594],[76.296,11.59],[76.378,11.602],[76.388,11.6295],[76.427,11.6335],[76.4315,11.6665],[76.416,11.673],[76.4085,11.715],[76.424,11.7205],[76.412,11.759],[76.3395,11.739],[76.3185,11.7515],[76.3075,11.785],[76.28,11.8125],[76.2295,11.8055],[76.2095,11.8275],[76.2075,11.8615],[76.1865,11.872],[76.115,11.8665],[76.1125,11.979],[76.0775,11.969],[76.003,11.9315],[75.9565,11.942],[75.88,11.949],[75.801,12.037],[75.8025,12.0795],[75.7505,12.0845],[75.7275,12.0725],[75.687,12.1105],[75.6615,12.0985],[75.643,12.138],[75.6195,12.1555],[75.577,12.157],[75.5525,12.192],[75.532,12.206],[75.5055,12.271],[75.485,12.29],[75.436,12.2945],[75.4105,12.3475],[75.422,12.3725],[75.3795,12.392],[75.366,12.412],[75.3655,12.457],[75.404,12.455],[75.4235,12.467],[75.416,12.5005],[75.382,12.502],[75.372,12.477],[75.3455,12.463],[75.3365,12.489],[75.28,12.524],[75.272,12.57],[75.301,12.6065],[75.2755,12.62],[75.2495,12.5835],[75.2205,12.568],[75.2015,12.629],[75.154,12.624],[75.1435,12.642],[75.161,12.673],[75.1105,12.683],[75.0465,12.667],[75.0395,12.6865],[75.053,12.7125],[74.9825,12.7385],[75.006,12.771],[74.933,12.7805],[74.8825,12.754],[74.8695,12.7605],[74.876,12.735],[74.9385,12.5915],[74.974,12.501],[75.0145,12.4185],[75.042,12.3885],[75.093,12.2725],[75.1165,12.2095],[75.149,12.1455],[75.1565,12.1095],[75.202,12.01],[75.233,12.0225],[75.2505,12.01],[75.325,11.904],[75.368,11.852],[75.3865,11.8565],[75.438,11.8055],[75.461,11.766],[75.473,11.7645],[75.5305,11.704],[75.5365,11.694]]]},"properties":{"shapeName":"Kerala"}},
{"type":"Feature","geometry":{"type":"Polygon","coordinates":[[[76.838,30.7545],[76.815,30.753],[76.7715,30.7955],[76.7115,30.7615],[76.73,30.707],[76.7765,30.6705],[76.8085,30.6675],[76.829,30.681],[76.8495,30.7235],[76.838,30.7545]]]},"properties":{"shapeName":"Chandīgarh"}},
{"type":"Feature","geometry":{"type":"MultiPolygon","coordinates":[[[[93.89,6.903],[93.91,6.943],[93.931,6.9625],[93.9105,7.0045],[93.932,7.0125],[93.8975,7.0805],[93.8805,7.09],[93.881,7.1245],[93.869,7.1985],[93.82,7.237],[93.783,7.2125],[93.7495,7.2155],[93.7225,7.1895],[93.675,7.191],[93.6625,7.1775],[93.6645,7.115],[93.6565,7.0475],[93.6695,7.0165],[93.696,7.0105],[93.7415,6.9565],[93.7435,6.931],[93.77,6.891],[93.7655,6.865],[93.803,6.7965],[93.802,6.7625],[93.8305,6.756],[93.846,6.815],[93.892,6.8065],[93.904,6.835],[93.8875,6.846],[93.89,6.903]]],[[[93.6785,7.3935],[93.619,7.3625],[93.6245,7.323],[93.617,7.2705],[93.6365,7.2445],[93.6665,7.2855],[93.713,7.312],[93.743,7.3775],[93.7085,7.4045],[93.6785,7.3935]]],[[[93.541,8.0285],[93.4985,7.9865],[93.56,7.9345],[93.571,7.941],[93.5725,7.994],[93.541,8.0285]]],[[[93.3085,7.9365],[93.3485,7.962],[93.354,7.946],[93.3325,7.9195],[93.3415,7.893],[93.3695,7.884],[93.3865,7.9025],[93.417,7.9075],[93.4505,7.874],[93.464,7.894],[93.452,7.9365],[93.393,7.9735],[93.4,8.0095],[93.369,8.0235],[93.3185,8.0045],[93.301,7.962],[93.3085,7.9365]]],[[[93.5005,8.0195],[93.497,8.036],[93.538,8.052],[93.5415,8.077],[93.5215,8.0975],[93.497,8.151],[93.536,8.2035],[93.534,8.2285],[93.511,8.2355],[93.483,8.222],[93.48,8.1975],[93.4495,8.18],[93.4455,8.156],[93.461,8.099],[93.4715,8.098],[93.5095,8.0485],[93.48,8.048],[93.5005,8.0195]]],[[[93.0195,11.8435],[93.0475,11.813],[93.062,11.8445],[93.0195,11.8435]]],[[[92.9705,12.0425],[92.933,11.985],[92.9595,11.981],[92.9725,11.949],[92.999,11.9375],[93.0215,11.901],[93.0525,11.9035],[93.036,11.9475],[93.0055,12.0025],[92.994,12.0385],[92.9705,12.0425]]],[[[93.005,12.102],[92.9855,12.111],[92.9585,12.1],[92.9565,12.0695],[92.978,12.05],[93.0045,12.0485],[93,12.0845],[93.005,12.102]]],[[[93.0255,12.143],[93.0025,12.1245],[93.008,12.105],[93.006,12.0795],[93.0335,12.0955],[93.0255,12.143]]],[[[93.074,12.084],[93.0885,12.097],[93.0815,12.124],[93.0925,12.148],[93.0845,12.1925],[93.0645,12.21],[93.038,12.1465],[93.0385,12.1265],[93.074,12.084]]],[[[92.991,12.1605],[92.953,12.149],[92.954,12.124],[93.0025,12.112],[92.991,12.1605]]],[[[92.9005,12.2555],[92.872,12.249],[92.8855,12.225],[92.9135,12.2325],[92.9005,12.2555]]],[[[92.935,12.301],[92.903,12.2775],[92.928,12.2575],[92.941,12.2765],[92.935,12.301]]],[[[93.118,8.3545],[93.0955,8.3505],[93.074,8.297],[93.0765,8.274],[93.112,8.2255],[93.178,8.195],[93.1845,8.226],[93.147,8.2425],[93.1165,8.276],[93.133,8.346],[93.118,8.3545]]],[[[92.802,9.229],[92.779,9.251],[92.7635,9.2165],[92.7205,9.2185],[92.716,9.1555],[92.728,9.1265],[92.767,9.13],[92.8,9.123],[92.8265,9.14],[92.829,9.168],[92.816,9.213],[92.802,9.229]]],[[[92.8645,12.1965],[92.871,12.2255],[92.8575,12.2445],[92.8865,12.259],[92.8695,12.299],[92.8285,12.2995],[92.81,12.3135],[92.7655,12.2685],[92.762,12.24],[92.7685,12.1845],[92.7595,12.1465],[92.7375,12.0985],[92.742,12.076],[92.763,12.064],[92.8145,12.1055],[92.815,12.1385],[92.8495,12.1505],[92.8645,12.1965]]],[[[92.4645,10.536],[92.499,10.5135],[92.531,10.5205],[92.569,10.582],[92.5415,10.595],[92.5505,10.638],[92.598,10.7045],[92.5825,10.7445],[92.5855,10.79],[92.5645,10.8055],[92.559,10.863],[92.5205,10.898],[92.4925,10.89],[92.4615,10.8615],[92.4225,10.802],[92.382,10.7635],[92.3835,10.671],[92.397,10.668],[92.4205,10.6155],[92.41,10.5835],[92.384,10.544],[92.4195,10.55],[92.4645,10.536]]],[[[92.614,11.4515],[92.6275,11.435],[92.6215,11.4045],[92.588,11.399],[92.5885,11.3535],[92.6005,11.3465],[92.6635,11.354],[92.6895,11.385],[92.6535,11.4075],[92.684,11.433],[92.668,11.4885],[92.631,11.514],[92.6175,11.492],[92.614,11.4515]]],[[[92.2195,11.595],[92.2045,11.55],[92.212,11.5315],[92.2495,11.526],[92.272,11.5365],[92.2685,11.5855],[92.2195,11.595]]],[[[92.7555,12.0225],[92.7565,12.065],[92.739,12.074],[92.7335,12.1035],[92.7565,12.177],[92.7165,12.1765],[92.6975,12.239],[92.6445,12.179],[92.6195,12.086],[92.6235,12.04],[92.6125,12.0005],[92.6085,11.8965],[92.5805,11.881],[92.58,11.915],[92.5585,11.9245],[92.535,11.912],[92.5335,11.8775],[92.5145,11.8485],[92.5505,11.836],[92.551,11.72],[92.5905,11.733],[92.5985,11.69],[92.594,11.6675],[92.6065,11.641],[92.6095,11.594],[92.6535,11.5505],[92.646,11.522],[92.6835,11.512],[92.7105,11.4885],[92.751,11.6095],[92.7555,11.6645],[92.729,11.6615],[92.7115,11.6435],[92.666,11.6375],[92.665,11.66],[92.6975,11.6655],[92.7015,11.6955],[92.7535,11.7165],[92.7685,11.7995],[92.7855,11.854],[92.778,11.893],[92.786,11.9255],[92.7625,11.94],[92.733,11.9075],[92.7415,11.8815],[92.72,11.868],[92.6925,11.901],[92.7105,11.916],[92.71,11.9725],[92.7555,12.0225]]],[[[92.7305,12.2335],[92.722,12.1885],[92.763,12.183],[92.7505,12.228],[92.7305,12.2335]]],[[[92.888,12.4055],[92.854,12.4095],[92.867,12.3775],[92.888,12.4055]]],[[[92.721,12.8965],[92.719,12.981],[92.6875,12.9905],[92.6685,12.9605],[92.679,12.9465],[92.664,12.882],[92.6505,12.8675],[92.6605,12.8175],[92.687,12.814],[92.7135,12.8635],[92.721,12.8965]]],[[[92.8395,12.4035],[92.828,12.421],[92.892,12.428],[92.9175,12.437],[92.945,12.4625],[92.93,12.4745],[92.963,12.5135],[92.9735,12.541],[92.943,12.626],[92.9565,12.6405],[92.9675,12.72],[92.96,12.7545],[92.928,12.7755],[92.9505,12.8125],[92.924,12.884],[92.8955,12.898],[92.8735,12.881],[92.8405,12.8755],[92.823,12.8955],[92.79,12.8895],[92.781,12.841],[92.75,12.846],[92.722,12.826],[92.7195,12.7905],[92.7415,12.726],[92.7295,12.699],[92.743,12.672],[92.793,12.6875],[92.7985,12.6595],[92.752,12.672],[92.718,12.638],[92.7065,12.5955],[92.708,12.5515],[92.699,12.5165],[92.708,12.4925],[92.697,12.3895],[92.705,12.371],[92.699,12.328],[92.7185,12.3035],[92.765,12.3035],[92.7705,12.318],[92.8095,12.316],[92.831,12.303],[92.847,12.3085],[92.8715,12.353],[92.8395,12.4035]]],[[[92.955,12.4325],[92.93,12.417],[92.9185,12.3715],[92.9315,12.361],[92.955,12.4325]]],[[[92.9225,13.5355],[92.927,13.5215],[92.9,13.4785],[92.87,13.465],[92.8815,13.431],[92.8415,13.378],[92.8255,13.3285],[92.8225,13.272],[92.853,13.257],[92.827,13.2365],[92.813,13.168],[92.8285,13.1325],[92.8185,13.1025],[92.794,13.09],[92.796,13.039],[92.805,13.007],[92.7935,12.9875],[92.7935,12.914],[92.8235,12.8965],[92.841,12.877],[92.858,12.9015],[92.8775,12.973],[92.8955,12.996],[92.9195,13.0585],[92.9595,13.016],[92.9695,13.03],[93.002,13.0315],[93.0335,13.082],[93.031,13.178],[93.055,13.233],[93.054,13.264],[93.0235,13.276],[92.997,13.315],[92.9555,13.335],[93.0285,13.347],[93.049,13.404],[93.0285,13.4285],[93.042,13.5055],[93.0285,13.5705],[92.9885,13.532],[92.9225,13.5355]]],[[[93.0575,13.375],[93.0385,13.323],[93.0775,13.341],[93.0575,13.375]]]]},"properties":{"shapeName":"Andaman and Nicobar Islands"}},
{"type":"Feature","geometry":{"type":"Polygon","coordinates":[[[77.576,30.3975],[77.5945,30.4265],[77.646,30.4335],[77.69,30.448],[77.721,30.473],[77.782,30.5005],[77.8185,30.508],[77.828,30.531],[77.818,30.561],[77.774,30.558],[77.743,30.594],[77.786,30.6245],[77.7875,30.6555],[77.7475,30.68],[77.756,30.707],[77.704,30.765],[77.7215,30.776],[77.7485,30.8215],[77.757,30.86],[77.799,30.868],[77.805,30.9235],[77.763,30.918],[77.754,30.9645],[77.7725,30.9745],[77.8165,30.973],[77.832,30.994],[77.81,31.011],[77.817,31.057],[77.851,31.0735],[77.873,31.115],[77.9085,31.154],[77.925,31.1505],[77.9675,31.1735],[77.9845,31.157],[78.0295,31.164],[78.066,31.187],[78.1035,31.1855],[78.16,31.2255],[78.1995,31.2175],[78.243,31.2295],[78.276,31.2615],[78.3065,31.26],[78.318,31.279],[78.3705,31.2865],[78.407,31.2565],[78.4365,31.254],[78.4615,31.236],[78.4835,31.199],[78.5515,31.2],[78.578,31.2255],[78.6095,31.2295],[78.647,31.215],[78.6615,31.1895],[78.765,31.186],[78.7965,31.1965],[78.831,31.1405],[78.8905,31.097],[78.9505,31.098],[79.002,31.1125],[78.986,31.174],[78.9575,31.1865],[78.922,31.2255],[78.916,31.2485],[78.882,31.287],[78.7915,31.3045],[78.7695,31.3245],[78.753,31.3855],[78.7975,31.4435],[78.7585,31.4825],[78.7205,31.5075],[78.7305,31.532],[78.797,31.562],[78.847,31.608],[78.81,31.6385],[78.7985,31.6825],[78.764,31.6745],[78.7075,31.772],[78.7025,31.8075],[78.745,31.8395],[78.741,31.885],[78.7715,31.929],[78.767,31.9595],[78.781,31.9935],[78.738,32.001],[78.7055,32.0665],[78.6635,32.1025],[78.613,32.1175],[78.59,32.154],[78.61,32.184],[78.6085,32.2145],[78.555,32.2455],[78.4985,32.239],[78.455,32.242],[78.48,32.2735],[78.4765,32.333],[78.535,32.4145],[78.494,32.422],[78.454,32.4525],[78.465,32.485],[78.448,32.5065],[78.3985,32.5255],[78.3265,32.472],[78.2945,32.504],[78.3155,32.5255],[78.313,32.5735],[78.348,32.581],[78.405,32.6195],[78.3875,32.6345],[78.3795,32.6685],[78.3945,32.7155],[78.3875,32.757],[78.3565,32.7575],[78.304,32.734],[78.312,32.709],[78.253,32.691],[78.2195,32.6645],[78.1755,32.681],[78.1425,32.682],[78.1105,32.6625],[78.099,32.6305],[78.061,32.6265],[78.047,32.645],[78.016,32.62],[77.9185,32.6905],[77.9345,32.726],[77.9335,32.7605],[77.884,32.7875],[77.8785,32.819],[77.839,32.842],[77.792,32.856],[77.784,32.883],[77.811,32.907],[77.713,32.9825],[77.639,32.947],[77.6025,32.943],[77.539,32.887],[77.5015,32.8855],[77.469,32.8585],[77.445,32.8795],[77.4135,32.884],[77.3745,32.8545],[77.3735,32.824],[77.339,32.817],[77.3225,32.851],[77.2625,32.864],[77.234,32.8935],[77.164,32.919],[77.1495,32.978],[77.116,32.985],[77.086,32.9725],[77.049,32.999],[77.0105,32.989],[76.9715,33.0005],[76.9255,33.0475],[76.885,33.1215],[76.8555,33.1145],[76.817,33.16],[76.8175,33.194],[76.8345,33.205],[76.821,33.236],[76.7925,33.257],[76.771,33.2495],[76.776,33.2205],[76.747,33.179],[76.6705,33.172],[76.6465,33.1625],[76.6185,33.1745],[76.6025,33.2065],[76.5675,33.2105],[76.516,33.1965],[76.487,33.1795],[76.41,33.1865],[76.3745,33.154],[76.311,33.1205],[76.292,33.103],[76.2955,33.0575],[76.2475,33.0215],[76.1865,33.0215],[76.166,33.007],[76.1125,33.0065],[76.0995,32.966],[76.032,32.9165],[75.954,32.8735],[75.9245,32.906],[75.8425,32.9295],[75.8045,32.8865],[75.8155,32.8615],[75.845,32.8445],[75.889,32.803],[75.8905,32.783],[75.9245,32.7485],[75.901,32.6985],[75.9005,32.6705],[75.9185,32.654],[75.916,32.613],[75.881,32.5865],[75.876,32.5505],[75.8345,32.512],[75.8575,32.484],[75.902,32.453],[75.9205,32.429],[75.9115,32.394],[75.8735,32.3955],[75.844,32.356],[75.811,32.3485],[75.773,32.2905],[75.6655,32.2535],[75.6385,32.252],[75.624,32.1905],[75.652,32.197],[75.673,32.159],[75.6615,32.137],[75.629,32.121],[75.601,32.093],[75.6015,32.066],[75.6545,32.0775],[75.6985,32.058],[75.7235,32.033],[75.751,32.0375],[75.7795,32.0045],[75.8215,31.984],[75.8925,31.962],[75.961,31.855],[75.971,31.8285],[75.942,31.8125],[76.005,31.675],[76.0175,31.632],[76.046,31.6035],[76.121,31.4975],[76.1455,31.434],[76.17,31.399],[76.1475,31.3795],[76.1495,31.3535],[76.179,31.3405],[76.18,31.3065],[76.214,31.2995],[76.311,31.3195],[76.3075,31.3425],[76.347,31.3435],[76.3485,31.398],[76.3725,31.409],[76.3925,31.3895],[76.4315,31.327],[76.464,31.3015],[76.486,31.304],[76.4975,31.2705],[76.5215,31.2805],[76.5835,31.276],[76.6455,31.209],[76.618,31.193],[76.602,31.153],[76.602,31.124],[76.636,31.1165],[76.611,31.046],[76.6245,30.999],[76.673,30.969],[76.7095,30.97],[76.7765,30.9045],[76.8225,30.9285],[76.841,30.8915],[76.876,30.881],[76.915,30.8915],[76.951,30.8505],[76.949,30.8245],[76.9985,30.812],[77.018,30.7865],[77.0205,30.74],[77.096,30.739],[77.161,30.691],[77.1725,30.6015],[77.138,30.571],[77.1355,30.5455],[77.193,30.5255],[77.208,30.4745],[77.272,30.48],[77.321,30.446],[77.343,30.4575],[77.39,30.4395],[77.4045,30.4085],[77.443,30.4175],[77.452,30.4],[77.4895,30.4105],[77.5185,30.4435],[77.559,30.388],[77.5855,30.3795],[77.576,30.3975]]]},"properties":{"shapeName":"Himāchal Pradesh"}},
{"type":"Feature","geometry":{"type":"Polygon","coordinates":[[[74.1335,35.1075],[74.0925,35.096],[74.0655,35.048],[74.1075,35.019],[74.0595,34.991],[74.073,34.9395],[74.043,34.9215],[74.0295,34.877],[73.9735,34.865],[73.9635,34.841],[73.8665,34.811],[73.843,34.8155],[73.8205,34.7955],[73.773,34.7965],[73.7305,34.771],[73.706,34.725],[73.6695,34.689],[73.666,34.6655],[73.6895,34.643],[73.6595,34.61],[73.6385,34.5655],[73.6175,34.5855],[73.5525,34.5925],[73.5345,34.577],[73.4595,34.578],[73.442,34.565],[73.429,34.521],[73.4365,34.504],[73.4215,34.47],[73.4245,34.442],[73.4085,34.3865],[73.39,34.374],[73.4255,34.349],[73.4925,34.2195],[73.4875,34.188],[73.5155,34],[73.549,33.931],[73.578,33.9105],[73.589,33.884],[73.572,33.8455],[73.5575,33.783],[73.5905,33.7535],[73.597,33.716],[73.5625,33.6755],[73.5775,33.616],[73.62,33.574],[73.618,33.5435],[73.595,33.4905],[73.624,33.457],[73.597,33.444],[73.564,33.394],[73.558,33.368],[73.582,33.329],[73.605,33.2515],[73.6245,33.2225],[73.657,33.2075],[73.625,33.1115],[73.627,33.0895],[73.688,33.088],[73.7345,33.0665],[73.748,33.0325],[73.8075,32.972],[73.822,33.0055],[73.8955,33.002],[73.928,32.9845],[73.9575,32.9865],[73.9965,32.96],[73.992,32.933],[74.0515,32.9305],[74.0545,32.9115],[74.1775,32.8825],[74.2165,32.845],[74.301,32.823],[74.3085,32.792],[74.3535,32.763],[74.384,32.758],[74.402,32.7795],[74.4595,32.7885],[74.517,32.744],[74.554,32.759],[74.622,32.7595],[74.644,32.796],[74.6335,32.808],[74.7045,32.842],[74.705,32.821],[74.661,32.7345],[74.653,32.697],[74.695,32.6605],[74.6385,32.615],[74.673,32.5685],[74.6695,32.5405],[74.688,32.486],[74.7115,32.478],[74.812,32.4795],[74.8205,32.497],[74.9185,32.4635],[74.952,32.446],[74.992,32.451],[75.0195,32.468],[75.027,32.4965],[75.12,32.4545],[75.134,32.428],[75.201,32.42],[75.193,32.401],[75.2895,32.3705],[75.3315,32.327],[75.3415,32.346],[75.419,32.32],[75.482,32.3205],[75.5035,32.2915],[75.5335,32.2775],[75.5395,32.336],[75.5965,32.3775],[75.687,32.3905],[75.732,32.423],[75.7285,32.4525],[75.777,32.465],[75.8205,32.4925],[75.8345,32.512],[75.876,32.5505],[75.881,32.5865],[75.916,32.613],[75.9185,32.654],[75.9005,32.6705],[75.901,32.6985],[75.9245,32.7485],[75.8905,32.783],[75.889,32.803],[75.845,32.8445],[75.8155,32.8615],[75.8045,32.8865],[75.8425,32.9295],[75.9245,32.906],[75.954,32.8735],[76.032,32.9165],[76.0995,32.966],[76.1125,33.0065],[76.166,33.007],[76.1865,33.0215],[76.2475,33.0215],[76.2955,33.0575],[76.292,33.103],[76.311,33.1205],[76.3745,33.154],[76.41,33.1865],[76.487,33.1795],[76.516,33.1965],[76.5675,33.2105],[76.6025,33.2065],[76.6185,33.1745],[76.6465,33.1625],[76.6705,33.172],[76.747,33.179],[76.776,33.2205],[76.771,33.2495],[76.737,33.261],[76.7175,33.329],[76.6705,33.342],[76.64,33.3915],[76.6285,33.435],[76.5775,33.4295],[76.569,33.4645],[76.549,33.4645],[76.507,33.5105],[76.459,33.534],[76.38,33.553],[76.3805,33.577],[76.336,33.6105],[76.2995,33.5985],[76.3025,33.5675],[76.2595,33.565],[76.225,33.5475],[76.2295,33.63],[76.2705,33.6435],[76.2625,33.749],[76.2155,33.7575],[76.1655,33.8175],[76.1375,33.876],[76.0725,33.908],[76.048,33.929],[76.027,33.9705],[75.9795,33.9725],[75.966,33.9535],[75.8895,33.9685],[75.8405,33.9535],[75.82,33.9705],[75.8385,34.0055],[75.815,34.0125],[75.7375,34.0565],[75.7165,34.103],[75.686,34.1205],[75.69,34.1935],[75.6385,34.2095],[75.607,34.1945],[75.5795,34.2145],[75.555,34.2115],[75.515,34.227],[75.483,34.2705],[75.4565,34.2875],[75.404,34.2855],[75.378,34.341],[75.3845,34.365],[75.366,34.3925],[75.372,34.413],[75.3285,34.4375],[75.353,34.4675],[75.342,34.487],[75.3635,34.538],[75.346,34.561],[75.3195,34.5635],[75.299,34.586],[75.254,34.603],[75.2405,34.6365],[75.209,34.6365],[75.2335,34.6725],[75.2575,34.6875],[75.262,34.7265],[75.2445,34.79],[75.1775,34.8325],[75.146,34.8335],[75.145,34.8645],[75.103,34.897],[75.069,34.863],[75.071,34.8285],[75.014,34.8375],[74.9815,34.8195],[74.958,34.79],[74.909,34.779],[74.901,34.807],[74.834,34.8215],[74.805,34.836],[74.7295,34.8365],[74.677,34.878],[74.605,34.915],[74.576,34.8995],[74.5715,34.966],[74.5875,35.0095],[74.5355,35.0315],[74.5415,35.0665],[74.5155,35.095],[74.4725,35.1155],[74.44,35.118],[74.3805,35.0575],[74.3085,35.06],[74.297,35.0445],[74.253,35.0375],[74.228,35.0825],[74.163,35.086],[74.1335,35.1075]]]},"properties":{"shapeName":"Jammu and Kashmīr"}},
{"type":"Feature","geometry":{"type":"Polygon","coordinates":[[[74.527,29.943],[74.5965,29.9125],[74.647,29.9045],[74.6515,29.9265],[74.682,29.9435],[74.702,29.972],[74.7285,29.9615],[74.7795,29.972],[74.806,29.992],[74.8555,29.9565],[74.888,29.967],[74.923,29.952],[74.9535,29.9015],[74.991,29.8675],[75.0225,29.8665],[75.047,29.885],[75.07,29.877],[75.089,29.917],[75.1145,29.8785],[75.09,29.854],[75.137,29.806],[75.1915,29.8415],[75.2105,29.8325],[75.2085,29.793],[75.2245,29.78],[75.238,29.74],[75.2005,29.7265],[75.207,29.6875],[75.177,29.6705],[75.183,29.6285],[75.2335,29.6025],[75.227,29.579],[75.2445,29.5465],[75.281,29.5615],[75.3095,29.561],[75.32,29.5875],[75.2895,29.608],[75.3165,29.6305],[75.3455,29.696],[75.405,29.739],[75.4065,29.7615],[75.456,29.7845],[75.462,29.8075],[75.5025,29.778],[75.562,29.77],[75.572,29.7435],[75.6345,29.7555],[75.635,29.7725],[75.677,29.7765],[75.7045,29.7635],[75.7205,29.8135],[75.756,29.805],[75.772,29.8185],[75.8055,29.805],[75.835,29.809],[75.87,29.7495],[75.9385,29.7305],[75.9845,29.727],[75.999,29.741],[76.0435,29.7425],[76.085,29.801],[76.124,29.791],[76.1455,29.819],[76.185,29.823],[76.198,29.845],[76.244,29.8525],[76.2465,29.876],[76.1855,29.8925],[76.189,29.9475],[76.222,30.049],[76.2495,30.087],[76.2205,30.1155],[76.2535,30.1215],[76.3215,30.095],[76.3545,30.117],[76.4,30.1165],[76.407,30.145],[76.387,30.1705],[76.4225,30.1925],[76.4405,30.166],[76.4285,30.1505],[76.46,30.1295],[76.4625,30.101],[76.5045,30.094],[76.538,30.0745],[76.5995,30.1125],[76.639,30.152],[76.6005,30.184],[76.6275,30.224],[76.6035,30.238],[76.5655,30.232],[76.5565,30.2625],[76.6205,30.265],[76.6885,30.3275],[76.711,30.326],[76.715,30.3975],[76.769,30.431],[76.7895,30.415],[76.856,30.4175],[76.8745,30.4095],[76.9155,30.3655],[76.9395,30.395],[76.8865,30.4295],[76.9125,30.466],[76.897,30.481],[76.931,30.501],[76.916,30.5535],[76.926,30.61],[76.885,30.6455],[76.874,30.674],[76.847,30.6565],[76.829,30.681],[76.8085,30.6675],[76.7765,30.6705],[76.73,30.707],[76.7115,30.7615],[76.7715,30.7955],[76.815,30.753],[76.838,30.7545],[76.857,30.795],[76.8465,30.834],[76.7845,30.878],[76.7765,30.9045],[76.7095,30.97],[76.673,30.969],[76.6245,30.999],[76.611,31.046],[76.636,31.1165],[76.602,31.124],[76.602,31.153],[76.618,31.193],[76.6455,31.209],[76.5835,31.276],[76.5215,31.2805],[76.4975,31.2705],[76.486,31.304],[76.464,31.3015],[76.4315,31.327],[76.3925,31.3895],[76.3725,31.409],[76.3485,31.398],[76.347,31.3435],[76.3075,31.3425],[76.311,31.3195],[76.214,31.2995],[76.18,31.3065],[76.179,31.3405],[76.1495,31.3535],[76.1475,31.3795],[76.17,31.399],[76.1455,31.434],[76.121,31.4975],[76.046,31.6035],[76.0175,31.632],[76.005,31.675],[75.942,31.8125],[75.971,31.8285],[75.961,31.855],[75.8925,31.962],[75.8215,31.984],[75.7795,32.0045],[75.751,32.0375],[75.7235,32.033],[75.6985,32.058],[75.6545,32.0775],[75.6015,32.066],[75.601,32.093],[75.629,32.121],[75.6615,32.137],[75.673,32.159],[75.652,32.197],[75.624,32.1905],[75.6385,32.252],[75.6655,32.2535],[75.773,32.2905],[75.811,32.3485],[75.844,32.356],[75.8735,32.3955],[75.9115,32.394],[75.9205,32.429],[75.902,32.453],[75.8575,32.484],[75.8345,32.512],[75.8205,32.4925],[75.777,32.465],[75.7285,32.4525],[75.732,32.423],[75.687,32.3905],[75.5965,32.3775],[75.5395,32.336],[75.5335,32.2775],[75.5035,32.2915],[75.482,32.3205],[75.419,32.32],[75.3415,32.346],[75.3315,32.327],[75.3705,32.258],[75.3725,32.226],[75.3315,32.2195],[75.31,32.195],[75.314,32.172],[75.2775,32.137],[75.2795,32.118],[75.245,32.1],[75.2205,32.1075],[75.179,32.0765],[75.123,32.0815],[75.102,32.0595],[75.069,32.0635],[75.0125,32.0355],[74.9245,32.0665],[74.8795,32.054],[74.869,32.022],[74.829,31.999],[74.819,31.9585],[74.7815,31.956],[74.7075,31.923],[74.677,31.926],[74.6365,31.884],[74.616,31.8895],[74.5705,31.837],[74.5595,31.758],[74.514,31.74],[74.4865,31.715],[74.535,31.6775],[74.5555,31.608],[74.616,31.5575],[74.613,31.5275],[74.587,31.504],[74.6365,31.485],[74.653,31.4545],[74.6435,31.416],[74.5965,31.4165],[74.5835,31.379],[74.554,31.3665],[74.5285,31.309],[74.521,31.272],[74.5325,31.2495],[74.5105,31.132],[74.5485,31.122],[74.5505,31.0885],[74.6005,31.088],[74.61,31.1115],[74.689,31.128],[74.7025,31.0915],[74.671,31.0535],[74.597,31.0375],[74.5745,31.057],[74.548,31.0325],[74.5465,30.9925],[74.5085,30.9675],[74.457,30.964],[74.4235,30.9295],[74.3705,30.895],[74.3695,30.8575],[74.325,30.8495],[74.295,30.7945],[74.2605,30.77],[74.275,30.737],[74.2325,30.7245],[74.219,30.6935],[74.149,30.6315],[74.1285,30.6325],[74.0725,30.523],[74.05,30.537],[73.9925,30.514],[73.9635,30.485],[73.9645,30.424],[73.914,30.3825],[73.884,30.367],[73.931,30.32],[73.964,30.257],[73.9725,30.198],[73.9705,30.125],[73.93,30.0685],[73.904,30.05],[73.8865,30.012],[73.8945,29.974],[74.1015,29.967],[74.2635,29.957],[74.527,29.943]]]},"properties":{"shapeName":"Punjab"}},
{"type":"Feature","geometry":{"type":"Polygon","coordinates":[[[77.3455,28.5135],[77.327,28.49],[77.2765,28.4935],[77.2435,28.479],[77.233,28.458],[77.2495,28.424],[77.1745,28.4045],[77.166,28.4255],[77.124,28.4455],[77.113,28.4715],[77.1205,28.4965],[77.0945,28.514],[77.0675,28.512],[77.0135,28.5405],[77.0105,28.5145],[76.978,28.5215],[76.956,28.506],[76.908,28.5135],[76.8795,28.5045],[76.8645,28.5435],[76.8425,28.556],[76.888,28.6315],[76.92,28.6315],[76.935,28.6675],[76.956,28.671],[76.968,28.6995],[76.948,28.713],[76.9585,28.743],[76.9465,28.798],[76.951,28.8185],[76.98,28.8215],[76.995,28.8395],[77.04,28.832],[77.061,28.871],[77.0875,28.8755],[77.121,28.86],[77.21,28.858],[77.228,28.881],[77.233,28.9185],[77.1965,28.9375],[77.2025,28.987],[77.164,29.0795],[77.134,29.096],[77.149,29.1175],[77.136,29.142],[77.147,29.1805],[77.1335,29.2235],[77.1495,29.25],[77.139,29.268],[77.161,29.3325],[77.1245,29.3515],[77.133,29.419],[77.1485,29.434],[77.123,29.4555],[77.1335,29.483],[77.0965,29.5195],[77.121,29.5665],[77.105,29.572],[77.106,29.6325],[77.1315,29.642],[77.1555,29.6995],[77.134,29.7185],[77.1465,29.772],[77.179,29.8125],[77.178,29.846],[77.1975,29.859],[77.19,29.9135],[77.2175,29.9235],[77.247,29.9765],[77.276,29.996],[77.285,30.0425],[77.3345,30.054],[77.3825,30.0925],[77.405,30.089],[77.428,30.163],[77.456,30.163],[77.477,30.1825],[77.5455,30.281],[77.5865,30.315],[77.5785,30.33],[77.6045,30.3685],[77.5855,30.3795],[77.559,30.388],[77.5185,30.4435],[77.4895,30.4105],[77.452,30.4],[77.443,30.4175],[77.4045,30.4085],[77.39,30.4395],[77.343,30.4575],[77.321,30.446],[77.272,30.48],[77.208,30.4745],[77.193,30.5255],[77.1355,30.5455],[77.138,30.571],[77.1725,30.6015],[77.161,30.691],[77.096,30.739],[77.0205,30.74],[77.018,30.7865],[76.9985,30.812],[76.949,30.8245],[76.951,30.8505],[76.915,30.8915],[76.876,30.881],[76.841,30.8915],[76.8225,30.9285],[76.7765,30.9045],[76.7845,30.878],[76.8465,30.834],[76.857,30.795],[76.838,30.7545],[76.8495,30.7235],[76.829,30.681],[76.847,30.6565],[76.874,30.674],[76.885,30.6455],[76.926,30.61],[76.916,30.5535],[76.931,30.501],[76.897,30.481],[76.9125,30.466],[76.8865,30.4295],[76.9395,30.395],[76.9155,30.3655],[76.8745,30.4095],[76.856,30.4175],[76.7895,30.415],[76.769,30.431],[76.715,30.3975],[76.711,30.326],[76.6885,30.3275],[76.6205,30.265],[76.5565,30.2625],[76.5655,30.232],[76.6035,30.238],[76.6275,30.224],[76.6005,30.184],[76.639,30.152],[76.5995,30.1125],[76.538,30.0745],[76.5045,30.094],[76.4625,30.101],[76.46,30.1295],[76.4285,30.1505],[76.4405,30.166],[76.4225,30.1925],[76.387,30.1705],[76.407,30.145],[76.4,30.1165],[76.3545,30.117],[76.3215,30.095],[76.2535,30.1215],[76.2205,30.1155],[76.2495,30.087],[76.222,30.049],[76.189,29.9475],[76.1855,29.8925],[76.2465,29.876],[76.244,29.8525],[76.198,29.845],[76.185,29.823],[76.1455,29.819],[76.124,29.791],[76.085,29.801],[76.0435,29.7425],[75.999,29.741],[75.9845,29.727],[75.9385,29.7305],[75.87,29.7495],[75.835,29.809],[75.8055,29.805],[75.772,29.8185],[75.756,29.805],[75.7205,29.8135],[75.7045,29.7635],[75.677,29.7765],[75.635,29.7725],[75.6345,29.7555],[75.572,29.7435],[75.562,29.77],[75.5025,29.778],[75.462,29.8075],[75.456,29.7845],[75.4065,29.7615],[75.405,29.739],[75.3455,29.696],[75.3165,29.6305],[75.2895,29.608],[75.32,29.5875],[75.3095,29.561],[75.281,29.5615],[75.2445,29.5465],[75.227,29.579],[75.2335,29.6025],[75.183,29.6285],[75.177,29.6705],[75.207,29.6875],[75.2005,29.7265],[75.238,29.74],[75.2245,29.78],[75.2085,29.793],[75.2105,29.8325],[75.1915,29.8415],[75.137,29.806],[75.09,29.854],[75.1145,29.8785],[75.089,29.917],[75.07,29.877],[75.047,29.885],[75.0225,29.8665],[74.991,29.8675],[74.9535,29.9015],[74.923,29.952],[74.888,29.967],[74.8555,29.9565],[74.806,29.992],[74.7795,29.972],[74.7285,29.9615],[74.702,29.972],[74.682,29.9435],[74.6515,29.9265],[74.647,29.9045],[74.5965,29.9125],[74.527,29.943],[74.51,29.908],[74.5435,29.9015],[74.561,29.8695],[74.539,29.8405],[74.485,29.815],[74.4735,29.787],[74.477,29.7455],[74.534,29.7405],[74.5465,29.753],[74.616,29.752],[74.601,29.6905],[74.5855,29.6545],[74.576,29.56],[74.622,29.522],[74.601,29.501],[74.5845,29.4585],[74.5435,29.468],[74.5365,29.4245],[74.5665,29.4205],[74.578,29.3885],[74.6075,29.356],[74.5995,29.3275],[74.6545,29.333],[74.658,29.372],[74.7195,29.37],[74.739,29.354],[74.7875,29.3615],[74.8205,29.397],[74.8505,29.4035],[74.8775,29.3835],[74.9005,29.385],[74.9385,29.362],[74.961,29.3205],[74.961,29.2805],[74.9985,29.2705],[75.02,29.2865],[75.05,29.286],[75.0755,29.2295],[75.1195,29.223],[75.1245,29.24],[75.163,29.244],[75.188,29.2685],[75.21,29.2345],[75.245,29.25],[75.284,29.249],[75.286,29.269],[75.3405,29.281],[75.328,29.2355],[75.3895,29.261],[75.412,29.243],[75.407,29.1695],[75.3815,29.169],[75.3785,29.142],[75.394,29.11],[75.391,29.0625],[75.4315,29.0565],[75.4585,29.014],[75.5205,29.004],[75.5275,28.971],[75.5055,28.936],[75.4735,28.9235],[75.4965,28.8965],[75.497,28.857],[75.52,28.834],[75.505,28.7875],[75.54,28.725],[75.541,28.6605],[75.5615,28.613],[75.618,28.6035],[75.6335,28.5445],[75.666,28.536],[75.69,28.5],[75.7395,28.485],[75.7355,28.469],[75.7885,28.4535],[75.7765,28.404],[75.8155,28.41],[75.845,28.3915],[75.8905,28.383],[75.9295,28.359],[75.933,28.3365],[75.9725,28.3185],[75.986,28.293],[76.0265,28.275],[76.013,28.246],[76.0705,28.165],[76.026,28.1645],[75.9455,28.107],[75.9385,28.088],[75.9835,28.0815],[75.993,28.0465],[76.0165,28.0305],[75.969,27.981],[75.9385,27.914],[75.9875,27.904],[75.9715,27.852],[76.048,27.835],[76.089,27.8605],[76.1235,27.851],[76.1325,27.8245],[76.181,27.7975],[76.225,27.833],[76.194,27.8595],[76.2015,27.8925],[76.168,27.9035],[76.1865,27.9655],[76.1575,27.987],[76.177,28.0215],[76.178,28.0455],[76.228,28.0485],[76.261,28.0675],[76.2935,28.049],[76.292,28.026],[76.321,28.016],[76.3425,28.0305],[76.3565,28.0675],[76.333,28.077],[76.3365,28.1025],[76.36,28.125],[76.2895,28.1705],[76.309,28.179],[76.358,28.161],[76.3565,28.1435],[76.4755,28.1485],[76.502,28.119],[76.499,28.1],[76.4545,28.0425],[76.5295,28.0405],[76.5455,28.0075],[76.5445,27.9635],[76.5795,27.979],[76.605,28.004],[76.6405,28.0025],[76.668,28.014],[76.6515,28.0615],[76.657,28.0895],[76.685,28.0915],[76.7155,28.128],[76.7435,28.121],[76.7625,28.1425],[76.795,28.1485],[76.805,28.2045],[76.838,28.22],[76.875,28.218],[76.8925,28.1835],[76.932,28.153],[76.9705,28.1385],[76.954,28.0625],[76.9395,28.043],[76.931,27.9935],[76.9315,27.9225],[76.943,27.854],[76.9355,27.829],[76.9025,27.7755],[76.894,27.718],[76.919,27.71],[76.8985,27.6775],[76.9155,27.6525],[76.943,27.674],[76.979,27.6535],[77,27.737],[77.045,27.7435],[77.0855,27.738],[77.076,27.7665],[77.036,27.7815],[77.045,27.822],[77.1085,27.7865],[77.123,27.7935],[77.1835,27.7875],[77.2135,27.8085],[77.2525,27.7905],[77.2835,27.801],[77.331,27.831],[77.335,27.8475],[77.377,27.857],[77.4105,27.852],[77.4105,27.88],[77.45,27.871],[77.4735,27.8845],[77.4795,27.9215],[77.5165,27.9335],[77.545,27.9535],[77.501,28.0585],[77.478,28.0805],[77.4825,28.107],[77.5095,28.12],[77.502,28.161],[77.5495,28.18],[77.519,28.2425],[77.4925,28.252],[77.507,28.3055],[77.471,28.335],[77.505,28.3625],[77.4775,28.419],[77.4415,28.4285],[77.4335,28.455],[77.4,28.4555],[77.3455,28.5135]]]},"properties":{"shapeName":"Haryāna"}}
]}