{"type":"FeatureCollection", "features": [
{"type":"Feature","geometry":{"type":"Polygon","coordinates":[[[78.175,24.8425],[78.1165,24.833],[78.051,24.856],[78.0085,24.837],[77.9715,24.8695],[78.0175,24.9555],[77.914,24.9785],[77.9065,24.998],[77.8335,24.9985],[77.817,24.956],[77.7545,24.8885],[77.741,24.8545],[77.6785,24.8605],[77.615,24.9245],[77.5995,24.9575],[77.558,24.932],[77.5665,24.869],[77.5165,24.8225],[77.52,24.787],[77.55,24.7605],[77.53,24.6895],[77.4975,24.6705],[77.4715,24.6],[77.483,24.589],[77.49,24.493],[77.5135,24.4145],[77.6055,24.384],[77.6235,24.4225],[77.659,24.404],[77.6645,24.363],[77.6205,24.339],[77.652,24.3115],[77.7215,24.297],[77.878,24.3115],[77.8865,24.2745],[78.017,24.234],[78.017,24.275],[78.0825,24.253],[78.0945,24.3185],[78.2675,24.4495],[78.231,24.537],[78.262,24.548],[78.2765,24.611],[78.275,24.665],[78.233,24.7315],[78.2195,24.807],[78.175,24.8425]]]},"properties":{"shapeName":"Ashoknagar"}},
{"type":"Feature","geometry":{"type":"Polygon","coordinates":[[[77.3815,23.07],[77.353,23.034],[77.447,22.918],[77.553,22.857],[77.5895,22.8745],[77.6415,22.8365],[77.687,22.851],[77.6915,22.8815],[77.762,22.887],[77.857,22.9465],[77.963,22.966],[77.9925,22.923],[78.037,22.9095],[78.011,22.8525],[78.0305,22.7995],[78.056,22.8105],[78.11,22.787],[78.13,22.835],[78.197,22.8885],[78.24,22.865],[78.282,22.8655],[78.331,22.918],[78.3565,22.918],[78.3955,22.957],[78.4465,22.9845],[78.4755,23.004],[78.732,23.041],[78.805,23.1025],[78.794,23.1225],[78.8195,23.2115],[78.8115,23.2335],[78.762,23.2455],[78.7645,23.297],[78.718,23.35],[78.665,23.3325],[78.6335,23.359],[78.631,23.449],[78.739,23.5275],[78.7415,23.5775],[78.603,23.5435],[78.572,23.5645],[78.5205,23.55],[78.5145,23.644],[78.478,23.6375],[78.449,23.689],[78.436,23.743],[78.393,23.632],[78.296,23.672],[78.268,23.5915],[78.244,23.5805],[78.229,23.531],[78.1685,23.536],[78.132,23.5245],[78.1375,23.48],[78.087,23.448],[78.046,23.4665],[78.0025,23.4645],[77.9995,23.411],[78.0505,23.4],[78.0545,23.3615],[78.027,23.348],[77.9655,23.3725],[77.96,23.42],[77.9155,23.4465],[77.871,23.4335],[77.8115,23.458],[77.7675,23.5175],[77.738,23.5345],[77.664,23.522],[77.6525,23.482],[77.6025,23.4805],[77.5205,23.505],[77.5035,23.481],[77.504,23.4105],[77.557,23.4135],[77.5495,23.376],[77.6255,23.3425],[77.63,23.316],[77.5915,23.291],[77.594,23.2245],[77.5635,23.135],[77.491,23.093],[77.3815,23.07]]]},"properties":{"shapeName":"Raisen"}},
{"type":"Feature","geometry":{"type":"Polygon","coordinates":[[[79.327,22.614],[79.2985,22.618],[79.2915,22.693],[79.2605,22.6895],[79.2495,22.7695],[79.2285,22.81],[79.129,22.781],[79.0985,22.7555],[79.0445,22.757],[78.98,22.7175],[79.0205,22.659],[78.997,22.6325],[78.932,22.635],[78.9245,22.6655],[78.841,22.6795],[78.825,22.654],[78.7765,22.6445],[78.7675,22.6145],[78.7115,22.651],[78.6825,22.697],[78.5775,22.6605],[78.5095,22.6525],[78.5,22.59],[78.55,22.5345],[78.513,22.4835],[78.567,22.426],[78.5295,22.4175],[78.4855,22.377],[78.4205,22.381],[78.3925,22.4155],[78.319,22.4225],[78.2725,22.3995],[78.282,22.3475],[78.2475,22.3165],[78.2695,22.2625],[78.2675,22.1305],[78.279,22.088],[78.3325,22.105],[78.359,22.0335],[78.4035,22.0025],[78.3875,21.9635],[78.434,21.9475],[78.4785,21.9505],[78.519,21.9305],[78.5515,21.871],[78.5255,21.833],[78.4765,21.8205],[78.4615,21.7155],[78.3925,21.6615],[78.346,21.5835],[78.419,21.5765],[78.4355,21.5005],[78.489,21.5065],[78.514,21.5275],[78.5655,21.5135],[78.6265,21.4765],[78.6895,21.481],[78.73,21.4635],[78.7515,21.4915],[78.9375,21.4865],[78.9185,21.5625],[78.9805,21.6165],[79.0155,21.6005],[79.11,21.6085],[79.154,21.66],[79.223,21.6495],[79.2395,21.7125],[79.2315,21.7545],[79.2745,21.772],[79.295,21.8105],[79.2765,21.832],[79.332,21.92],[79.342,21.9525],[79.402,21.995],[79.4085,22.039],[79.375,22.0855],[79.3415,22.162],[79.334,22.2395],[79.366,22.264],[79.2975,22.2925],[79.289,22.3235],[79.354,22.351],[79.349,22.3825],[79.295,22.375],[79.325,22.431],[79.237,22.467],[79.343,22.4795],[79.3225,22.537],[79.37,22.6025],[79.327,22.614]]]},"properties":{"shapeName":"Chhindwara"}},
{"type":"Feature","geometry":{"type":"Polygon","coordinates":[[[78.2725,22.3995],[78.1525,22.3865],[78.0355,22.328],[77.9415,22.3285],[77.8675,22.2865],[77.857,22.3665],[77.81,22.337],[77.6575,22.304],[77.587,22.3385],[77.5465,22.3385],[77.5095,22.309],[77.489,22.255],[77.4335,22.211],[77.366,22.245],[77.426,22.1685],[77.475,22.162],[77.4635,22.079],[77.5105,22.0725],[77.508,22.0275],[77.472,22.017],[77.411,22.0235],[77.398,21.997],[77.326,21.967],[77.2745,21.9585],[77.249,21.9115],[77.221,21.904],[77.1925,21.8615],[77.1645,21.8555],[77.189,21.783],[77.0875,21.77],[77.0655,21.713],[77.1245,21.7235],[77.211,21.692],[77.262,21.714],[77.281,21.758],[77.405,21.754],[77.454,21.7615],[77.501,21.7475],[77.563,21.667],[77.5765,21.586],[77.6115,21.541],[77.571,21.528],[77.5085,21.553],[77.4615,21.555],[77.4225,21.519],[77.4425,21.4715],[77.4735,21.4555],[77.491,21.3765],[77.531,21.4195],[77.563,21.3965],[77.65,21.392],[77.6745,21.3715],[77.798,21.3895],[77.804,21.411],[77.9035,21.377],[77.985,21.4015],[78.0685,21.4375],[78.1745,21.497],[78.186,21.5575],[78.2205,21.5525],[78.305,21.584],[78.346,21.5835],[78.3925,21.6615],[78.4615,21.7155],[78.4765,21.8205],[78.5255,21.833],[78.5515,21.871],[78.519,21.9305],[78.4785,21.9505],[78.434,21.9475],[78.3875,21.9635],[78.4035,22.0025],[78.359,22.0335],[78.3325,22.105],[78.279,22.088],[78.2675,22.1305],[78.2695,22.2625],[78.2475,22.3165],[78.282,22.3475],[78.2725,22.3995]]]},"properties":{"shapeName":"Betul"}},
{"type":"Feature","geometry":{"type":"Polygon","coordinates":[[[78.0305,22.7995],[77.9755,22.824],[77.9395,22.808],[77.9125,22.854],[77.8855,22.828],[77.854,22.87],[77.801,22.8395],[77.7765,22.7835],[77.7425,22.758],[77.7015,22.7645],[77.659,22.7305],[77.625,22.742],[77.5705,22.6675],[77.468,22.645],[77.3975,22.605],[77.3655,22.6045],[77.3465,22.568],[77.295,22.563],[77.2585,22.6],[77.215,22.563],[77.2635,22.5485],[77.2845,22.4975],[77.288,22.4335],[77.316,22.3995],[77.3165,22.35],[77.3625,22.308],[77.366,22.245],[77.4335,22.211],[77.489,22.255],[77.5095,22.309],[77.5465,22.3385],[77.587,22.3385],[77.6575,22.304],[77.81,22.337],[77.857,22.3665],[77.8675,22.2865],[77.9415,22.3285],[78.0355,22.328],[78.1525,22.3865],[78.2725,22.3995],[78.319,22.4225],[78.3925,22.4155],[78.4205,22.381],[78.4855,22.377],[78.5295,22.4175],[78.567,22.426],[78.513,22.4835],[78.55,22.5345],[78.5,22.59],[78.5095,22.6525],[78.5775,22.6605],[78.6825,22.697],[78.667,22.762],[78.6185,22.7965],[78.574,22.951],[78.464,22.96],[78.4465,22.9845],[78.3955,22.957],[78.3565,22.918],[78.331,22.918],[78.282,22.8655],[78.24,22.865],[78.197,22.8885],[78.13,22.835],[78.11,22.787],[78.056,22.8105],[78.0305,22.7995]]]},"properties":{"shapeName":"Hoshangabad"}},
{"type":"Feature","geometry":{"type":"Polygon","coordinates":[[[77.3815,23.07],[77.2835,23.0915],[77.2735,23.122],[77.186,23.2095],[77.2155,23.288],[77.172,23.2995],[77.179,23.3475],[77.227,23.353],[77.2905,23.424],[77.286,23.4855],[77.298,23.5715],[77.228,23.651],[77.169,23.672],[77.129,23.614],[77.141,23.5455],[77.103,23.496],[77.052,23.4645],[77.0215,23.4455],[76.9905,23.3945],[76.99,23.2835],[76.942,23.234],[76.891,23.2035],[76.898,23.134],[76.8645,23.1065],[76.824,23.1125],[76.7765,23.1695],[76.7005,23.1555],[76.6875,23.1915],[76.6325,23.195],[76.6305,23.1365],[76.576,23.112],[76.5425,23.1285],[76.4695,23.0735],[76.472,22.999],[76.458,22.9185],[76.5375,22.8395],[76.536,22.7915],[76.5845,22.767],[76.645,22.7975],[76.678,22.782],[76.706,22.8175],[76.798,22.829],[76.818,22.8585],[76.9265,22.854],[77.002,22.875],[77.0155,22.7975],[77.0315,22.7685],[77.0485,22.6695],[77.09,22.6505],[77.089,22.617],[77.1245,22.596],[77.1305,22.552],[77.1535,22.573],[77.215,22.563],[77.2585,22.6],[77.295,22.563],[77.3465,22.568],[77.3655,22.6045],[77.3975,22.605],[77.468,22.645],[77.5705,22.6675],[77.625,22.742],[77.659,22.7305],[77.7015,22.7645],[77.7425,22.758],[77.7765,22.7835],[77.801,22.8395],[77.854,22.87],[77.8855,22.828],[77.9125,22.854],[77.9395,22.808],[77.9755,22.824],[78.0305,22.7995],[78.011,22.8525],[78.037,22.9095],[77.9925,22.923],[77.963,22.966],[77.857,22.9465],[77.762,22.887],[77.6915,22.8815],[77.687,22.851],[77.6415,22.8365],[77.5895,22.8745],[77.553,22.857],[77.447,22.918],[77.353,23.034],[77.3815,23.07]]]},"properties":{"shapeName":"Sehore"}},
{"type":"Feature","geometry":{"type":"Polygon","coordinates":[[[80.546,23.3895],[80.4875,23.389],[80.4595,23.3405],[80.426,23.3435],[80.32,23.305],[80.3,23.361],[80.3145,23.403],[80.277,23.4235],[80.242,23.4795],[80.2095,23.4965],[80.257,23.5395],[80.255,23.5665],[80.12,23.583],[80.0665,23.5635],[79.962,23.604],[79.9305,23.594],[79.8765,23.5475],[79.85,23.5015],[79.823,23.508],[79.784,23.4385],[79.743,23.4315],[79.7145,23.369],[79.6895,23.3475],[79.5575,23.268],[79.5,23.259],[79.425,23.192],[79.3725,23.165],[79.3535,23.111],[79.4545,23.096],[79.5215,23.1415],[79.5705,23.1335],[79.602,23.089],[79.6005,23.0265],[79.6435,22.987],[79.6245,22.953],[79.651,22.924],[79.7505,22.918],[79.761,22.858],[79.8025,22.861],[79.8365,22.83],[79.866,22.8495],[79.967,22.8505],[79.9725,22.9215],[79.955,22.946],[80.0075,22.977],[79.9945,23.026],[80.039,23.036],[80.0835,23.0745],[80.151,23.0435],[80.2045,23.084],[80.1815,23.1195],[80.25,23.1485],[80.2865,23.109],[80.331,23.0945],[80.361,23.1365],[80.4635,23.1395],[80.53,23.084],[80.584,23.1355],[80.5025,23.183],[80.5445,23.268],[80.5865,23.287],[80.578,23.3495],[80.546,23.3895]]]},"properties":{"shapeName":"Jabalpur"}},
{"type":"Feature","geometry":{"type":"Polygon","coordinates":[[[78.4465,22.9845],[78.464,22.96],[78.574,22.951],[78.6185,22.7965],[78.667,22.762],[78.6825,22.697],[78.7115,22.651],[78.7675,22.6145],[78.7765,22.6445],[78.825,22.654],[78.841,22.6795],[78.9245,22.6655],[78.932,22.635],[78.997,22.6325],[79.0205,22.659],[78.98,22.7175],[79.0445,22.757],[79.0985,22.7555],[79.129,22.781],[79.2285,22.81],[79.2495,22.7695],[79.2605,22.6895],[79.2915,22.693],[79.2985,22.618],[79.327,22.614],[79.4035,22.6825],[79.4115,22.7185],[79.49,22.7285],[79.543,22.815],[79.614,22.8575],[79.627,22.894],[79.5925,22.936],[79.6245,22.953],[79.6435,22.987],[79.6005,23.0265],[79.602,23.089],[79.5705,23.1335],[79.5215,23.1415],[79.4545,23.096],[79.3535,23.111],[79.3725,23.165],[79.344,23.1495],[79.314,23.2105],[79.192,23.2205],[79.189,23.197],[79.141,23.1705],[79.1095,23.199],[79.03,23.194],[78.99,23.2145],[78.8115,23.2335],[78.8195,23.2115],[78.794,23.1225],[78.805,23.1025],[78.732,23.041],[78.4755,23.004],[78.4465,22.9845]]]},"properties":{"shapeName":"Narsimhapur"}},
{"type":"Feature","geometry":{"type":"Polygon","coordinates":[[[80.3565,23.967],[80.3895,23.996],[80.3955,24.0385],[80.439,24.0295],[80.447,24.0675],[80.51,24.0745],[80.5795,24.1265],[80.6425,24.193],[80.5995,24.207],[80.5645,24.2675],[80.56,24.3015],[80.434,24.4205],[80.4245,24.4405],[80.4685,24.5975],[80.4175,24.6095],[80.4225,24.635],[80.369,24.687],[80.396,24.7405],[80.438,24.744],[80.5205,24.7935],[80.5685,24.864],[80.578,24.8985],[80.479,24.9105],[80.4765,24.9705],[80.394,25.061],[80.376,25.0215],[80.3225,24.9995],[80.2755,25.0235],[80.2415,25.0095],[80.1485,24.931],[80.055,24.937],[80.0095,24.9305],[80.0935,24.8285],[80.075,24.789],[79.9945,24.7215],[79.9565,24.651],[79.926,24.6855],[79.8845,24.686],[79.8435,24.5925],[79.878,24.57],[79.884,24.473],[79.8685,24.459],[79.8815,24.381],[79.797,24.3715],[79.844,24.312],[79.8365,24.2],[79.785,24.1105],[79.7435,24.073],[79.741,24.044],[79.8455,24.0205],[79.86,23.986],[79.84,23.9275],[79.8705,23.89],[79.8655,23.8265],[79.898,23.8195],[79.9605,23.8355],[80.0175,23.974],[80.0535,23.9885],[80.1665,23.955],[80.218,23.9565],[80.309,23.9095],[80.364,23.9405],[80.3565,23.967]]]},"properties":{"shapeName":"Panna"}},
{"type":"Feature","geometry":{"type":"Polygon","coordinates":[[[75.8995,23],[75.91,23.025],[75.9665,23.021],[75.9915,23.0855],[75.935,23.1295],[75.956,23.1765],[75.935,23.22],[75.9345,23.295],[75.9645,23.32],[75.9935,23.277],[76.0195,23.1975],[76.0435,23.1785],[76.0625,23.074],[76.112,23.046],[76.1195,23.0845],[76.059,23.1445],[76.0965,23.1725],[76.1435,23.179],[76.1225,23.2405],[76.1355,23.279],[76.1745,23.2645],[76.2055,23.339],[76.2675,23.35],[76.264,23.3885],[76.2155,23.3825],[76.2135,23.5085],[76.1625,23.505],[76.1795,23.5555],[76.1465,23.5655],[76.1115,23.542],[75.995,23.57],[75.956,23.5505],[75.8805,23.556],[75.8435,23.6005],[75.819,23.669],[75.849,23.6855],[75.757,23.7205],[75.7325,23.7545],[75.6925,23.745],[75.693,23.7135],[75.6465,23.708],[75.624,23.6575],[75.5245,23.6635],[75.506,23.616],[75.501,23.5505],[75.4735,23.529],[75.4,23.599],[75.2805,23.581],[75.277,23.538],[75.191,23.5235],[75.1575,23.429],[75.194,23.366],[75.197,23.3245],[75.2975,23.2975],[75.265,23.243],[75.228,23.208],[75.2445,23.133],[75.303,23.1245],[75.338,23.0565],[75.3095,23.0275],[75.329,22.9835],[75.3095,22.929],[75.329,22.912],[75.333,22.8375],[75.394,22.845],[75.4395,22.8655],[75.4415,22.905],[75.466,22.967],[75.489,22.9655],[75.5095,23.019],[75.548,23.06],[75.674,23.0115],[75.7355,23.031],[75.8695,23.0345],[75.8995,23]]]},"properties":{"shapeName":"Ujjain"}},
{"type":"Feature","geometry":{"type":"Polygon","coordinates":[[[81.3125,24.3075],[81.35,24.3445],[81.4625,24.389],[81.504,24.42],[81.6275,24.4615],[81.7055,24.4995],[81.75,24.493],[81.9,24.53],[81.8945,24.551],[81.951,24.569],[81.993,24.551],[82.124,24.587],[82.234,24.6075],[82.308,24.5905],[82.3015,24.604],[82.3055,24.6515],[82.2525,24.708],[82.2135,24.784],[82.1085,24.8075],[82.013,24.848],[81.946,24.8385],[81.9095,24.8785],[81.92,24.917],[81.9095,24.9775],[81.8365,25.0145],[81.793,25.002],[81.7475,25.031],[81.709,25.032],[81.656,25.067],[81.6005,25.133],[81.572,25.189],[81.5435,25.183],[81.493,25.0695],[81.458,25.087],[81.4375,25.1265],[81.3795,25.132],[81.358,25.161],[81.291,25.159],[81.2545,25.1015],[81.2705,25.065],[81.221,24.9785],[81.1625,24.911],[81.125,24.8965],[81.097,24.8285],[81.072,24.7985],[81.1775,24.6855],[81.1665,24.6355],[81.1585,24.5195],[81.1725,24.483],[81.225,24.4645],[81.2375,24.417],[81.266,24.3885],[81.3105,24.384],[81.3125,24.3075]]]},"properties":{"shapeName":"Rewa"}},
{"type":"Feature","geometry":{"type":"Polygon","coordinates":[[[80.53,23.084],[80.56,23.0645],[80.5685,22.9795],[80.5275,22.977],[80.548,22.8985],[80.594,22.8645],[80.6805,22.8375],[80.734,22.851],[80.7605,22.806],[80.8625,22.8395],[80.8525,22.7965],[80.8695,22.745],[80.936,22.724],[80.917,22.698],[80.9395,22.6575],[80.912,22.611],[80.9785,22.5235],[81.025,22.527],[81.043,22.57],[81.0905,22.585],[81.11,22.555],[81.1345,22.4685],[81.16,22.4645],[81.2345,22.45],[81.322,22.5145],[81.3865,22.5025],[81.3945,22.4485],[81.4535,22.496],[81.4815,22.493],[81.523,22.537],[81.5705,22.551],[81.6165,22.5365],[81.6475,22.563],[81.651,22.6145],[81.686,22.649],[81.726,22.666],[81.6905,22.674],[81.679,22.7505],[81.65,22.757],[81.5635,22.726],[81.4385,22.751],[81.4155,22.812],[81.3105,22.832],[81.24,22.8745],[81.183,22.8945],[81.2005,22.9705],[81.223,22.995],[81.2525,23.0675],[81.1935,23.097],[81.1855,23.143],[81.1455,23.158],[81.132,23.2035],[81.0675,23.185],[81.032,23.193],[80.965,23.2445],[80.946,23.274],[80.851,23.2075],[80.7955,23.2405],[80.7625,23.2195],[80.7275,23.254],[80.7295,23.295],[80.7615,23.318],[80.711,23.3665],[80.578,23.3495],[80.5865,23.287],[80.5445,23.268],[80.5025,23.183],[80.584,23.1355],[80.53,23.084]]]},"properties":{"shapeName":"Dindori"}},
{"type":"Feature","geometry":{"type":"Polygon","coordinates":[[[81.0455,22.2395],[81.028,22.2675],[80.9155,22.2785],[80.9185,22.327],[80.883,22.3315],[80.8675,22.377],[80.815,22.3965],[80.796,22.373],[80.79,22.3115],[80.706,22.268],[80.7305,22.218],[80.7015,22.201],[80.6475,22.225],[80.582,22.224],[80.534,22.238],[80.5095,22.2735],[80.462,22.2745],[80.4485,22.2435],[80.3865,22.307],[80.3205,22.3435],[80.2745,22.305],[80.237,22.299],[80.1515,22.344],[80.1,22.336],[80.083,22.2945],[80.1005,22.2435],[80.0355,22.18],[80.0495,22.118],[79.901,22.0585],[79.901,22.0255],[79.872,21.9685],[79.8365,21.9735],[79.8385,21.928],[79.7935,21.8755],[79.796,21.8425],[79.76,21.806],[79.6925,21.798],[79.675,21.7015],[79.6105,21.6775],[79.5445,21.6035],[79.5125,21.594],[79.543,21.544],[79.651,21.556],[79.6645,21.577],[79.7395,21.6025],[79.7985,21.5815],[79.8635,21.531],[79.9225,21.5245],[79.934,21.554],[80.0705,21.555],[80.1245,21.6085],[80.151,21.605],[80.1965,21.6345],[80.267,21.6205],[80.299,21.5785],[80.3275,21.574],[80.373,21.527],[80.4185,21.439],[80.397,21.4095],[80.4115,21.3765],[80.4555,21.403],[80.5255,21.391],[80.6005,21.326],[80.6635,21.332],[80.6915,21.3735],[80.706,21.431],[80.728,21.447],[80.738,21.5395],[80.7165,21.6045],[80.7145,21.672],[80.749,21.753],[80.8175,21.754],[80.8455,21.8305],[80.8505,21.869],[80.832,21.909],[80.86,21.967],[80.886,22.061],[80.9105,22.1075],[80.958,22.113],[80.986,22.0485],[81.0065,22.062],[81.032,22.2],[81.0455,22.2395]]]},"properties":{"shapeName":"Balaghat"}},
{"type":"Feature","geometry":{"type":"Polygon","coordinates":[[[74.773,21.614],[74.8285,21.609],[74.8625,21.632],[75.0565,21.5635],[75.1055,21.468],[75.2065,21.414],[75.384,21.384],[75.4685,21.3925],[75.548,21.371],[75.6215,21.386],[75.5855,21.4735],[75.4855,21.4925],[75.462,21.531],[75.5015,21.6155],[75.467,21.6265],[75.4415,21.6735],[75.3955,21.679],[75.2735,21.6535],[75.27,21.6845],[75.22,21.6935],[75.211,21.728],[75.267,21.7425],[75.275,21.799],[75.3115,21.8315],[75.29,21.89],[75.335,21.9065],[75.353,21.98],[75.401,21.9825],[75.417,22.0575],[75.3835,22.1],[75.3185,22.1315],[75.2535,22.123],[75.1905,22.102],[75.007,22.081],[74.9175,22.0815],[74.84,22.06],[74.7825,22.0765],[74.675,22.032],[74.5695,22.02],[74.5435,22.046],[74.505,22.0425],[74.435,22.0275],[74.4465,21.9695],[74.491,21.953],[74.5255,21.9075],[74.501,21.8055],[74.515,21.7185],[74.5885,21.6625],[74.661,21.6515],[74.7005,21.6285],[74.773,21.614]]]},"properties":{"shapeName":"Barwani"}},
{"type":"Feature","geometry":{"type":"Polygon","coordinates":[[[80.3565,23.967],[80.4705,23.9885],[80.556,24.046],[80.74,24.128],[80.727,24.0695],[80.782,24.0645],[80.7595,23.9975],[80.796,23.9675],[80.8575,24.056],[80.948,24.0635],[80.995,24.0885],[81.111,24.1265],[81.2045,24.107],[81.225,24.147],[81.2825,24.188],[81.346,24.1845],[81.376,24.2155],[81.39,24.2615],[81.352,24.2465],[81.3125,24.3075],[81.3105,24.384],[81.266,24.3885],[81.2375,24.417],[81.225,24.4645],[81.1725,24.483],[81.1585,24.5195],[81.1665,24.6355],[81.1775,24.6855],[81.072,24.7985],[81.097,24.8285],[81.125,24.8965],[81.085,24.949],[81.0355,24.95],[81.0165,24.9265],[80.9495,24.9385],[80.9505,24.9625],[80.84,24.9165],[80.811,24.9505],[80.8535,24.9855],[80.8335,25.03],[80.879,25.0675],[80.8735,25.12],[80.914,25.161],[80.8815,25.188],[80.8405,25.1375],[80.7595,25.138],[80.7275,25.1005],[80.723,25.064],[80.6125,25.092],[80.5545,25.06],[80.5515,24.999],[80.501,25.0035],[80.4765,24.9705],[80.479,24.9105],[80.578,24.8985],[80.5685,24.864],[80.5205,24.7935],[80.438,24.744],[80.396,24.7405],[80.369,24.687],[80.4225,24.635],[80.4175,24.6095],[80.4685,24.5975],[80.4245,24.4405],[80.434,24.4205],[80.56,24.3015],[80.5645,24.2675],[80.5995,24.207],[80.6425,24.193],[80.5795,24.1265],[80.51,24.0745],[80.447,24.0675],[80.439,24.0295],[80.3955,24.0385],[80.3895,23.996],[80.3565,23.967]]]},"properties":{"shapeName":"Satna"}},
{"type":"Feature","geometry":{"type":"Polygon","coordinates":[[[80.2755,25.0235],[80.3535,25.0545],[80.357,25.136],[80.4335,25.175],[80.406,25.241],[80.3855,25.2345],[80.323,25.308],[80.3175,25.385],[80.28,25.418],[80.256,25.398],[80.1995,25.4015],[80.1355,25.3365],[80.1045,25.347],[80.036,25.3395],[80.005,25.2645],[79.9425,25.2605],[79.925,25.2395],[79.88,25.2485],[79.8685,25.138],[79.826,25.1055],[79.7595,25.1335],[79.675,25.118],[79.6015,25.141],[79.562,25.167],[79.49,25.0765],[79.4535,25.1045],[79.394,25.114],[79.3915,25.162],[79.442,25.237],[79.372,25.257],[79.338,25.2855],[79.3495,25.321],[79.2855,25.3205],[79.27,25.263],[79.284,25.2065],[79.3255,25.147],[79.343,25.08],[79.3305,25.033],[79.3485,24.904],[79.307,24.796],[79.322,24.734],[79.305,24.6835],[79.275,24.662],[79.223,24.662],[79.209,24.6195],[79.1785,24.6075],[79.093,24.6305],[79.0435,24.552],[79.0255,24.5435],[78.988,24.443],[78.9925,24.418],[79.007,24.3685],[79.065,24.375],[79.182,24.43],[79.2365,24.4165],[79.2535,24.3625],[79.169,24.3385],[79.1745,24.2735],[79.073,24.241],[79.056,24.169],[79.1485,24.099],[79.23,24.1415],[79.2675,24.1375],[79.305,24.1785],[79.3845,24.1925],[79.39,24.2765],[79.4155,24.348],[79.3995,24.386],[79.568,24.388],[79.5715,24.443],[79.6235,24.4155],[79.6385,24.379],[79.7055,24.375],[79.7505,24.4125],[79.797,24.3715],[79.8815,24.381],[79.8685,24.459],[79.884,24.473],[79.878,24.57],[79.8435,24.5925],[79.8845,24.686],[79.926,24.6855],[79.9565,24.651],[79.9945,24.7215],[80.075,24.789],[80.0935,24.8285],[80.0095,24.9305],[80.055,24.937],[80.1485,24.931],[80.2415,25.0095],[80.2755,25.0235]]]},"properties":{"shapeName":"Chhatarpur"}},
{"type":"Feature","geometry":{"type":"Polygon","coordinates":[[[75.4395,22.8655],[75.4275,22.807],[75.4405,22.771],[75.4925,22.7615],[75.531,22.6285],[75.6575,22.636],[75.708,22.6285],[75.698,22.593],[75.618,22.556],[75.601,22.5175],[75.56,22.513],[75.577,22.4505],[75.5455,22.409],[75.567,22.3735],[75.649,22.339],[75.724,22.367],[75.7385,22.356],[75.802,22.378],[75.837,22.4065],[75.867,22.3775],[75.912,22.3855],[75.9165,22.418],[75.963,22.4285],[75.996,22.4115],[76.0575,22.459],[76.026,22.4925],[76.0305,22.527],[76.0895,22.5375],[76.0855,22.5855],[76.121,22.602],[76.2345,22.6145],[76.2445,22.6405],[76.1595,22.687],[76.1055,22.699],[76.0655,22.8],[76.016,22.8605],[75.9865,22.8705],[75.98,22.9195],[75.8995,23],[75.8695,23.0345],[75.7355,23.031],[75.674,23.0115],[75.548,23.06],[75.5095,23.019],[75.489,22.9655],[75.466,22.967],[75.4415,22.905],[75.4395,22.8655]]]},"properties":{"shapeName":"Indore"}},
{"type":"Feature","geometry":{"type":"Polygon","coordinates":[[[75.6925,23.745],[75.687,23.757],[75.6545,23.7985],[75.56,23.818],[75.563,23.8565],[75.4895,23.9075],[75.4625,23.9145],[75.3705,23.857],[75.2575,23.8355],[75.2195,23.8555],[75.2025,23.827],[75.055,23.8235],[75.0295,23.781],[74.97,23.7965],[74.941,23.763],[74.9415,23.732],[74.911,23.685],[74.9065,23.622],[74.852,23.555],[74.803,23.5315],[74.7745,23.541],[74.7425,23.517],[74.613,23.459],[74.5735,23.4205],[74.572,23.381],[74.5455,23.3615],[74.535,23.3075],[74.6315,23.261],[74.701,23.27],[74.739,23.2255],[74.769,23.2335],[74.7845,23.148],[74.892,23.135],[74.9135,23.156],[74.9945,23.141],[75.009,23.107],[75.172,23.1015],[75.2405,23.0835],[75.2445,23.133],[75.228,23.208],[75.265,23.243],[75.2975,23.2975],[75.197,23.3245],[75.194,23.366],[75.1575,23.429],[75.191,23.5235],[75.277,23.538],[75.2805,23.581],[75.4,23.599],[75.4735,23.529],[75.501,23.5505],[75.506,23.616],[75.5245,23.6635],[75.624,23.6575],[75.6465,23.708],[75.693,23.7135],[75.6925,23.745]]]},"properties":{"shapeName":"Ratlam"}},
{"type":"Feature","geometry":{"type":"Polygon","coordinates":[[[77.366,22.245],[77.3625,22.308],[77.3165,22.35],[77.316,22.3995],[77.288,22.4335],[77.2845,22.4975],[77.2635,22.5485],[77.215,22.563],[77.1535,22.573],[77.1305,22.552],[77.092,22.5145],[77.0375,22.492],[76.9465,22.4895],[76.9,22.479],[76.791,22.419],[76.7835,22.342],[76.8715,22.32],[76.8915,22.297],[76.8505,22.2275],[76.83,22.1535],[76.8675,22.1215],[76.843,22.055],[76.9075,21.9595],[76.959,21.961],[77.027,21.989],[77.076,21.979],[77.14,21.992],[77.21,21.932],[77.221,21.904],[77.249,21.9115],[77.2745,21.9585],[77.326,21.967],[77.398,21.997],[77.411,22.0235],[77.472,22.017],[77.508,22.0275],[77.5105,22.0725],[77.4635,22.079],[77.475,22.162],[77.426,22.1685],[77.366,22.245]]]},"properties":{"shapeName":"Harda"}},
{"type":"Feature","geometry":{"type":"Polygon","coordinates":[[[78.0825,24.253],[78.086,24.2115],[78.1405,24.209],[78.1225,24.1255],[78.139,24.119],[78.1195,24.044],[78.1855,24.008],[78.217,24.068],[78.2805,24.0255],[78.292,23.985],[78.264,23.941],[78.2975,23.822],[78.256,23.7795],[78.241,23.712],[78.296,23.672],[78.393,23.632],[78.436,23.743],[78.449,23.689],[78.478,23.6375],[78.5145,23.644],[78.5205,23.55],[78.572,23.5645],[78.603,23.5435],[78.7415,23.5775],[78.739,23.5275],[78.631,23.449],[78.6335,23.359],[78.665,23.3325],[78.718,23.35],[78.7645,23.297],[78.762,23.2455],[78.8115,23.2335],[78.99,23.2145],[79.03,23.194],[79.1095,23.199],[79.141,23.1705],[79.189,23.197],[79.192,23.2205],[79.2405,23.337],[79.194,23.3635],[79.187,23.4315],[79.285,23.475],[79.3265,23.531],[79.301,23.5595],[79.305,23.639],[79.354,23.653],[79.2855,23.6925],[79.2925,23.7385],[79.2215,23.785],[79.2495,23.8235],[79.195,23.8305],[79.141,23.853],[79.095,23.917],[79.1165,23.968],[79.19,24.0085],[79.1485,24.099],[79.056,24.169],[79.073,24.241],[79.1745,24.2735],[79.169,24.3385],[79.2535,24.3625],[79.2365,24.4165],[79.182,24.43],[79.065,24.375],[79.007,24.3685],[78.9925,24.418],[78.974,24.3495],[78.9195,24.315],[78.917,24.269],[78.865,24.2095],[78.8175,24.2045],[78.7915,24.181],[78.7595,24.2395],[78.7055,24.2305],[78.624,24.292],[78.5855,24.353],[78.5065,24.39],[78.4415,24.2935],[78.3925,24.269],[78.3325,24.3255],[78.369,24.374],[78.2675,24.4495],[78.0945,24.3185],[78.0825,24.253]]]},"properties":{"shapeName":"Sagar"}},
{"type":"Feature","geometry":{"type":"Polygon","coordinates":[[[74.715,24.5065],[74.759,24.486],[74.824,24.485],[74.859,24.4485],[74.7885,24.369],[74.774,24.269],[74.877,24.275],[74.909,24.238],[74.897,24.187],[74.9665,24.265],[74.9545,24.2935],[74.9765,24.3345],[75.0155,24.3635],[75.115,24.355],[75.135,24.328],[75.208,24.306],[75.368,24.3125],[75.4325,24.337],[75.5205,24.457],[75.5925,24.5175],[75.5995,24.6525],[75.531,24.714],[75.455,24.6895],[75.227,24.732],[75.195,24.7855],[75.2445,24.8575],[75.287,24.8465],[75.3035,24.812],[75.4205,24.8605],[75.329,24.8835],[75.2645,24.886],[75.27,24.9105],[75.341,24.9595],[75.3225,25.003],[75.354,25.0215],[75.314,25.0425],[75.1975,25.0345],[75.1575,25.0255],[75.1675,24.9885],[75.1225,24.9725],[75.1215,24.8855],[75.076,24.884],[75.046,24.856],[75.015,24.871],[74.947,24.875],[74.915,24.896],[74.903,24.9365],[74.8695,24.934],[74.8295,24.896],[74.858,24.85],[74.861,24.81],[74.9075,24.7945],[75.0155,24.7905],[74.996,24.7495],[75.002,24.7055],[74.946,24.659],[74.8755,24.6665],[74.8205,24.7625],[74.782,24.74],[74.777,24.685],[74.819,24.669],[74.7495,24.594],[74.7585,24.552],[74.715,24.5065]]]},"properties":{"shapeName":"Neemuch"}},
{"type":"Feature","geometry":{"type":"Polygon","coordinates":[[[79.3255,25.147],[79.285,25.1145],[79.146,25.112],[79.0745,25.1675],[78.956,25.2165],[78.8865,25.155],[78.8285,25.0865],[78.796,25.0735],[78.7335,25.0895],[78.647,25.0615],[78.6555,25.0285],[78.6385,24.9565],[78.6785,24.8965],[78.772,24.857],[78.79,24.8005],[78.7725,24.786],[78.7795,24.6995],[78.7475,24.6555],[78.7565,24.6005],[78.7775,24.587],[78.8375,24.604],[78.889,24.6355],[78.9165,24.582],[78.9515,24.547],[78.9515,24.439],[78.988,24.443],[79.0255,24.5435],[79.0435,24.552],[79.093,24.6305],[79.1785,24.6075],[79.209,24.6195],[79.223,24.662],[79.275,24.662],[79.305,24.6835],[79.322,24.734],[79.307,24.796],[79.3485,24.904],[79.3305,25.033],[79.343,25.08],[79.3255,25.147]]]},"properties":{"shapeName":"Tikamgarh"}},
{"type":"Feature","geometry":{"type":"Polygon","coordinates":[[[77.5665,24.869],[77.481,24.874],[77.4665,24.928],[77.42,24.9475],[77.373,24.923],[77.339,24.9895],[77.3095,25.0795],[77.2685,25.1145],[77.1755,25.109],[77.164,25.0835],[77.083,25.0535],[76.9895,25.073],[76.9745,25.0515],[76.907,25.0295],[76.875,25.0065],[76.8775,24.95],[76.93,24.906],[76.9545,24.8685],[76.9005,24.835],[76.837,24.8355],[76.8065,24.815],[76.852,24.7655],[76.9115,24.7405],[76.9575,24.761],[76.9775,24.727],[77.025,24.7105],[77.065,24.638],[77.067,24.5505],[77.0555,24.522],[76.998,24.469],[76.9655,24.456],[76.92,24.4835],[76.9235,24.531],[76.851,24.5465],[76.8195,24.53],[76.8565,24.465],[76.846,24.4385],[76.8565,24.366],[76.842,24.3565],[76.875,24.2725],[76.949,24.1945],[76.921,24.1845],[76.9045,24.127],[76.882,24.132],[76.966,24.0595],[77.01,24.0585],[77.028,24.0805],[77.1125,24.0855],[77.185,24.0765],[77.187,23.9975],[77.168,23.945],[77.192,23.8905],[77.2285,23.8905],[77.3185,23.889],[77.31,23.914],[77.3145,24.005],[77.262,24.0405],[77.2995,24.085],[77.292,24.119],[77.345,24.177],[77.3555,24.2125],[77.3235,24.285],[77.356,24.339],[77.3995,24.336],[77.4025,24.2695],[77.4545,24.2355],[77.493,24.257],[77.539,24.2425],[77.5975,24.265],[77.6005,24.2955],[77.652,24.3115],[77.6205,24.339],[77.6645,24.363],[77.659,24.404],[77.6235,24.4225],[77.6055,24.384],[77.5135,24.4145],[77.49,24.493],[77.483,24.589],[77.4715,24.6],[77.4975,24.6705],[77.53,24.6895],[77.55,24.7605],[77.52,24.787],[77.5165,24.8225],[77.5665,24.869]]]},"properties":{"shapeName":"Guna"}},
{"type":"Feature","geometry":{"type":"Polygon","coordinates":[[[76.5425,23.1285],[76.5135,23.178],[76.4245,23.194],[76.416,23.2165],[76.2785,23.227],[76.1655,23.222],[76.1225,23.2405],[76.1435,23.179],[76.0965,23.1725],[76.059,23.1445],[76.1195,23.0845],[76.112,23.046],[76.0625,23.074],[76.0435,23.1785],[76.0195,23.1975],[75.9935,23.277],[75.9645,23.32],[75.9345,23.295],[75.935,23.22],[75.956,23.1765],[75.935,23.1295],[75.9915,23.0855],[75.9665,23.021],[75.91,23.025],[75.8995,23],[75.98,22.9195],[75.9865,22.8705],[76.016,22.8605],[76.0655,22.8],[76.1055,22.699],[76.1595,22.687],[76.2445,22.6405],[76.2345,22.6145],[76.121,22.602],[76.0855,22.5855],[76.0895,22.5375],[76.1035,22.468],[76.1935,22.4185],[76.237,22.3845],[76.2115,22.327],[76.254,22.2875],[76.3485,22.304],[76.4005,22.335],[76.447,22.3405],[76.446,22.3805],[76.4995,22.4095],[76.606,22.403],[76.667,22.3435],[76.6855,22.294],[76.7445,22.2895],[76.7835,22.342],[76.791,22.419],[76.9,22.479],[76.9465,22.4895],[77.0375,22.492],[77.092,22.5145],[77.1305,22.552],[77.1245,22.596],[77.089,22.617],[77.09,22.6505],[77.0485,22.6695],[77.0315,22.7685],[77.0155,22.7975],[77.002,22.875],[76.9265,22.854],[76.818,22.8585],[76.798,22.829],[76.706,22.8175],[76.678,22.782],[76.645,22.7975],[76.5845,22.767],[76.536,22.7915],[76.5375,22.8395],[76.458,22.9185],[76.472,22.999],[76.4695,23.0735],[76.5425,23.1285]]]},"properties":{"shapeName":"Dewas"}},
{"type":"Feature","geometry":{"type":"Polygon","coordinates":[[[75.4625,23.9145],[75.467,23.9775],[75.517,24.0455],[75.574,24.014],[75.6375,23.9965],[75.672,24.03],[75.703,23.9655],[75.765,23.9945],[75.7825,24.0585],[75.8325,24.0685],[75.8335,24.1045],[75.7925,24.106],[75.7465,24.136],[75.7765,24.217],[75.8085,24.226],[75.8165,24.297],[75.7685,24.307],[75.741,24.3445],[75.739,24.3995],[75.7895,24.4545],[75.8325,24.4185],[75.907,24.4425],[75.9245,24.54],[75.8565,24.6105],[75.8425,24.726],[75.79,24.7615],[75.7455,24.7565],[75.6835,24.724],[75.6625,24.698],[75.6165,24.6845],[75.5855,24.719],[75.531,24.714],[75.5995,24.6525],[75.5925,24.5175],[75.5205,24.457],[75.4325,24.337],[75.368,24.3125],[75.208,24.306],[75.135,24.328],[75.115,24.355],[75.0155,24.3635],[74.9765,24.3345],[74.9545,24.2935],[74.9665,24.265],[74.897,24.187],[74.922,24.078],[74.9945,24.027],[74.9425,23.9575],[74.9065,23.871],[74.9115,23.798],[74.941,23.763],[74.97,23.7965],[75.0295,23.781],[75.055,23.8235],[75.2025,23.827],[75.2195,23.8555],[75.2575,23.8355],[75.3705,23.857],[75.4625,23.9145]]]},"properties":{"shapeName":"Mandsaur"}},
{"type":"Feature","geometry":{"type":"Polygon","coordinates":[[[75.6215,21.386],[75.685,21.3805],[75.7445,21.3915],[75.8335,21.3815],[75.889,21.398],[75.97,21.392],[75.9925,21.3745],[76.0105,21.4155],[76.0095,21.4705],[75.95,21.487],[75.9515,21.5465],[76.02,21.551],[76.079,21.5695],[76.0625,21.6485],[76.11,21.689],[76.175,21.6815],[76.172,21.719],[76.1265,21.7475],[76.1085,21.787],[76.103,21.8525],[76.172,21.8835],[76.151,21.986],[76.19,22.0045],[76.2025,22.065],[76.1925,22.113],[76.157,22.1145],[76.141,22.053],[76.0985,22.051],[76.098,22.0905],[76.138,22.103],[76.124,22.1685],[76.0275,22.1945],[76.101,22.247],[76.164,22.256],[76.2115,22.327],[76.237,22.3845],[76.1935,22.4185],[76.1035,22.468],[76.0895,22.5375],[76.0305,22.527],[76.026,22.4925],[76.0575,22.459],[75.996,22.4115],[75.963,22.4285],[75.9165,22.418],[75.912,22.3855],[75.867,22.3775],[75.837,22.4065],[75.802,22.378],[75.7385,22.356],[75.724,22.367],[75.649,22.339],[75.567,22.3735],[75.506,22.365],[75.5175,22.2915],[75.5355,22.2605],[75.5235,22.1715],[75.503,22.1535],[75.3925,22.1345],[75.3185,22.1315],[75.3835,22.1],[75.417,22.0575],[75.401,21.9825],[75.353,21.98],[75.335,21.9065],[75.29,21.89],[75.3115,21.8315],[75.275,21.799],[75.267,21.7425],[75.211,21.728],[75.22,21.6935],[75.27,21.6845],[75.2735,21.6535],[75.3955,21.679],[75.4415,21.6735],[75.467,21.6265],[75.5015,21.6155],[75.462,21.531],[75.4855,21.4925],[75.5855,21.4735],[75.6215,21.386]]]},"properties":{"shapeName":"Khargone (West Nimar)"}},
{"type":"Feature","geometry":{"type":"Polygon","coordinates":[[[76.58,25.432],[76.608,25.3845],[76.687,25.341],[76.7785,25.311],[76.849,25.326],[76.965,25.2925],[77.031,25.297],[77.0825,25.249],[77.1665,25.1985],[77.198,25.219],[77.163,25.3085],[77.122,25.33],[77.048,25.3385],[77.019,25.381],[77.116,25.3895],[77.1555,25.4175],[77.141,25.4505],[77.1785,25.478],[77.181,25.509],[77.29,25.5285],[77.2595,25.5805],[77.286,25.6265],[77.279,25.717],[77.318,25.7255],[77.3415,25.7815],[77.4205,25.7805],[77.413,25.8595],[77.431,25.8905],[77.4825,25.8515],[77.507,25.852],[77.557,25.8095],[77.58,25.8135],[77.593,25.865],[77.6025,25.9525],[77.651,25.959],[77.6465,26.01],[77.594,26.0125],[77.522,26.0425],[77.468,26.1005],[77.4055,26.15],[77.277,26.12],[77.2535,26.082],[77.212,26.1015],[77.195,26.1505],[77.1145,26.2165],[77.092,26.182],[77.054,26.18],[77.0015,26.1325],[76.9455,26.101],[76.902,26.093],[76.8475,26.033],[76.847,26.0065],[76.8015,25.939],[76.74,25.8975],[76.648,25.9015],[76.573,25.835],[76.5355,25.793],[76.5325,25.7265],[76.4885,25.7135],[76.5165,25.668],[76.5155,25.575],[76.526,25.5255],[76.58,25.432]]]},"properties":{"shapeName":"Sheopur"}},
{"type":"Feature","geometry":{"type":"Polygon","coordinates":[[[77.593,25.865],[77.6395,25.863],[77.6465,25.8975],[77.683,25.91],[77.6705,25.966],[77.731,26.0435],[77.778,26.051],[77.743,26.1195],[77.7455,26.158],[77.7835,26.2165],[77.8225,26.25],[77.866,26.2095],[77.9145,26.249],[77.988,26.2475],[78.004,26.32],[78.055,26.308],[78.0835,26.328],[78.1525,26.3385],[78.1835,26.3215],[78.2425,26.317],[78.2665,26.334],[78.293,26.436],[78.257,26.4395],[78.2125,26.517],[78.262,26.532],[78.2965,26.5755],[78.3175,26.5465],[78.425,26.607],[78.437,26.6355],[78.524,26.6725],[78.515,26.718],[78.5485,26.7645],[78.46,26.7925],[78.435,26.8265],[78.392,26.821],[78.3715,26.8655],[78.3035,26.8625],[78.2645,26.8145],[78.219,26.8305],[78.17,26.8215],[78.1545,26.786],[78.1125,26.795],[78.0965,26.681],[78.001,26.697],[77.9485,26.657],[77.91,26.66],[77.888,26.6145],[77.839,26.607],[77.8325,26.561],[77.7475,26.537],[77.735,26.51],[77.679,26.504],[77.607,26.4485],[77.514,26.4075],[77.4385,26.4035],[77.44,26.3595],[77.374,26.366],[77.326,26.3405],[77.3155,26.3095],[77.2705,26.2675],[77.2015,26.23],[77.137,26.2345],[77.1145,26.2165],[77.195,26.1505],[77.212,26.1015],[77.2535,26.082],[77.277,26.12],[77.4055,26.15],[77.468,26.1005],[77.522,26.0425],[77.594,26.0125],[77.6465,26.01],[77.651,25.959],[77.6025,25.9525],[77.593,25.865]]]},"properties":{"shapeName":"Morena"}},
{"type":"Feature","geometry":{"type":"Polygon","coordinates":[[[78.2665,26.334],[78.332,26.3445],[78.4235,26.328],[78.4155,26.2925],[78.469,26.2535],[78.501,26.262],[78.5195,26.2245],[78.5675,26.1895],[78.584,26.2135],[78.627,26.195],[78.629,26.1545],[78.6965,26.1605],[78.698,26.2125],[78.758,26.241],[78.7925,26.2875],[78.8295,26.259],[78.8035,26.23],[78.8105,26.1805],[78.8415,26.0925],[78.829,26.06],[78.775,26.0155],[78.8005,25.9585],[78.8845,25.9105],[78.936,25.95],[78.953,26.0315],[79.0115,26.0765],[78.9515,26.134],[79.0095,26.1495],[79.011,26.1915],[79.0495,26.224],[79.0555,26.265],[79.107,26.309],[79.1255,26.348],[79.0895,26.4],[79.136,26.4395],[79.056,26.456],[79.0735,26.4815],[79.042,26.5305],[79.007,26.5455],[78.991,26.5885],[79.0095,26.671],[78.913,26.7075],[78.8745,26.698],[78.8205,26.76],[78.78,26.7585],[78.7495,26.7875],[78.685,26.788],[78.5775,26.749],[78.5485,26.7645],[78.515,26.718],[78.524,26.6725],[78.437,26.6355],[78.425,26.607],[78.3175,26.5465],[78.2965,26.5755],[78.262,26.532],[78.2125,26.517],[78.257,26.4395],[78.293,26.436],[78.2665,26.334]]]},"properties":{"shapeName":"Bhind"}},
{"type":"Feature","geometry":{"type":"Polygon","coordinates":[[[74.739,23.2255],[74.715,23.1925],[74.669,23.199],[74.608,23.143],[74.545,23.13],[74.5345,23.0995],[74.466,23.083],[74.39,23.11],[74.3215,23.061],[74.3695,22.978],[74.34,22.963],[74.38,22.908],[74.4615,22.9115],[74.4775,22.8565],[74.4635,22.813],[74.4015,22.729],[74.3795,22.637],[74.429,22.5825],[74.4255,22.5405],[74.449,22.526],[74.4845,22.5645],[74.531,22.5655],[74.5995,22.533],[74.6445,22.5555],[74.67,22.596],[74.7365,22.588],[74.751,22.5585],[74.785,22.578],[74.785,22.69],[74.765,22.7475],[74.7925,22.7575],[74.8545,22.744],[74.94,22.7895],[74.9545,22.833],[74.9845,22.86],[75.0055,22.9105],[75.018,23.0345],[75.009,23.107],[74.9945,23.141],[74.9135,23.156],[74.892,23.135],[74.7845,23.148],[74.769,23.2335],[74.739,23.2255]]]},"properties":{"shapeName":"Jhabua"}},
{"type":"Feature","geometry":{"type":"Polygon","coordinates":[[[79.2395,21.7125],[79.291,21.693],[79.4035,21.675],[79.418,21.6905],[79.495,21.673],[79.5125,21.594],[79.5445,21.6035],[79.6105,21.6775],[79.675,21.7015],[79.6925,21.798],[79.76,21.806],[79.796,21.8425],[79.7935,21.8755],[79.8385,21.928],[79.8365,21.9735],[79.872,21.9685],[79.901,22.0255],[79.901,22.0585],[80.0495,22.118],[80.0355,22.18],[80.1005,22.2435],[80.083,22.2945],[80.1,22.336],[80.071,22.374],[80.094,22.405],[80.052,22.454],[80.032,22.5445],[79.956,22.5535],[80.037,22.606],[80.0745,22.6],[80.115,22.624],[80.156,22.597],[80.2035,22.601],[80.238,22.672],[80.247,22.7185],[80.291,22.724],[80.272,22.79],[80.225,22.798],[80.1805,22.7605],[80.1025,22.767],[80.0725,22.756],[80.0185,22.793],[80.0315,22.8295],[79.967,22.8505],[79.866,22.8495],[79.8365,22.83],[79.8025,22.861],[79.761,22.858],[79.7505,22.918],[79.651,22.924],[79.6245,22.953],[79.5925,22.936],[79.627,22.894],[79.614,22.8575],[79.543,22.815],[79.49,22.7285],[79.4115,22.7185],[79.4035,22.6825],[79.327,22.614],[79.37,22.6025],[79.3225,22.537],[79.343,22.4795],[79.237,22.467],[79.325,22.431],[79.295,22.375],[79.349,22.3825],[79.354,22.351],[79.289,22.3235],[79.2975,22.2925],[79.366,22.264],[79.334,22.2395],[79.3415,22.162],[79.375,22.0855],[79.4085,22.039],[79.402,21.995],[79.342,21.9525],[79.332,21.92],[79.2765,21.832],[79.295,21.8105],[79.2745,21.772],[79.2315,21.7545],[79.2395,21.7125]]]},"properties":{"shapeName":"Seoni"}},
{"type":"Feature","geometry":{"type":"Polygon","coordinates":[[[77.221,21.904],[77.21,21.932],[77.14,21.992],[77.076,21.979],[77.027,21.989],[76.959,21.961],[76.9075,21.9595],[76.843,22.055],[76.8675,22.1215],[76.83,22.1535],[76.8505,22.2275],[76.8915,22.297],[76.8715,22.32],[76.7835,22.342],[76.7445,22.2895],[76.6855,22.294],[76.667,22.3435],[76.606,22.403],[76.4995,22.4095],[76.446,22.3805],[76.447,22.3405],[76.4005,22.335],[76.3485,22.304],[76.254,22.2875],[76.2115,22.327],[76.164,22.256],[76.101,22.247],[76.0275,22.1945],[76.124,22.1685],[76.138,22.103],[76.098,22.0905],[76.0985,22.051],[76.141,22.053],[76.157,22.1145],[76.1925,22.113],[76.2025,22.065],[76.19,22.0045],[76.151,21.986],[76.172,21.8835],[76.103,21.8525],[76.1085,21.787],[76.1265,21.7475],[76.172,21.719],[76.175,21.6815],[76.11,21.689],[76.0625,21.6485],[76.079,21.5695],[76.108,21.5245],[76.147,21.5125],[76.1945,21.5465],[76.245,21.563],[76.346,21.548],[76.3705,21.5785],[76.4345,21.5815],[76.5105,21.545],[76.6145,21.5605],[76.7065,21.5545],[76.7275,21.5695],[76.7845,21.5535],[76.798,21.5955],[76.855,21.613],[76.895,21.599],[77.0005,21.6795],[77.0655,21.713],[77.0875,21.77],[77.189,21.783],[77.1645,21.8555],[77.1925,21.8615],[77.221,21.904]]]},"properties":{"shapeName":"Khandwa (East Nimar)"}},
{"type":"Feature","geometry":{"type":"Polygon","coordinates":[[[80.578,23.3495],[80.711,23.3665],[80.7615,23.318],[80.7295,23.295],[80.7275,23.254],[80.7625,23.2195],[80.7955,23.2405],[80.851,23.2075],[80.946,23.274],[80.965,23.2445],[81.032,23.193],[81.0675,23.185],[81.132,23.2035],[81.1425,23.227],[81.134,23.3065],[81.198,23.2705],[81.265,23.2005],[81.316,23.2365],[81.3495,23.328],[81.334,23.3745],[81.3055,23.405],[81.2885,23.4685],[81.292,23.5495],[81.258,23.5595],[81.2275,23.642],[81.2395,23.695],[81.17,23.8135],[81.253,23.8385],[81.1695,23.884],[81.1315,23.9315],[81.119,23.9765],[81.0625,23.971],[81.0475,24.0035],[80.992,24.0685],[80.995,24.0885],[80.948,24.0635],[80.913,24.016],[80.8425,23.946],[80.865,23.874],[80.9025,23.86],[80.9175,23.767],[80.894,23.766],[80.9075,23.676],[80.824,23.6675],[80.7375,23.7225],[80.6955,23.734],[80.6795,23.6715],[80.6265,23.5915],[80.5635,23.5645],[80.5435,23.4925],[80.568,23.4645],[80.533,23.4155],[80.546,23.3895],[80.578,23.3495]]]},"properties":{"shapeName":"Umaria"}},
{"type":"Feature","geometry":{"type":"Polygon","coordinates":[[[77.683,25.91],[77.7055,25.876],[77.7975,25.8515],[77.825,25.811],[77.8685,25.805],[77.8765,25.7355],[77.924,25.7515],[77.9995,25.7365],[78.0255,25.714],[78.1625,25.717],[78.2165,25.735],[78.279,25.779],[78.329,25.7955],[78.3385,25.8335],[78.3915,25.835],[78.423,25.876],[78.4715,25.905],[78.4865,25.961],[78.5445,25.9705],[78.5875,26.004],[78.6055,26.044],[78.647,26.059],[78.6125,26.094],[78.629,26.1545],[78.627,26.195],[78.584,26.2135],[78.5675,26.1895],[78.5195,26.2245],[78.501,26.262],[78.469,26.2535],[78.4155,26.2925],[78.4235,26.328],[78.332,26.3445],[78.2665,26.334],[78.2425,26.317],[78.1835,26.3215],[78.1525,26.3385],[78.0835,26.328],[78.055,26.308],[78.004,26.32],[77.988,26.2475],[77.9145,26.249],[77.866,26.2095],[77.8225,26.25],[77.7835,26.2165],[77.7455,26.158],[77.743,26.1195],[77.778,26.051],[77.731,26.0435],[77.6705,25.966],[77.683,25.91]]]},"properties":{"shapeName":"Gwalior"}},
{"type":"Feature","geometry":{"type":"Polygon","coordinates":[[[79.962,23.604],[79.9885,23.628],[79.983,23.68],[79.9055,23.693],[79.83,23.693],[79.82,23.739],[79.8655,23.8265],[79.8705,23.89],[79.84,23.9275],[79.86,23.986],[79.8455,24.0205],[79.741,24.044],[79.7435,24.073],[79.785,24.1105],[79.8365,24.2],[79.844,24.312],[79.797,24.3715],[79.7505,24.4125],[79.7055,24.375],[79.6385,24.379],[79.6235,24.4155],[79.5715,24.443],[79.568,24.388],[79.3995,24.386],[79.4155,24.348],[79.39,24.2765],[79.3845,24.1925],[79.305,24.1785],[79.2675,24.1375],[79.23,24.1415],[79.1485,24.099],[79.19,24.0085],[79.1165,23.968],[79.095,23.917],[79.141,23.853],[79.195,23.8305],[79.2495,23.8235],[79.2215,23.785],[79.2925,23.7385],[79.2855,23.6925],[79.354,23.653],[79.305,23.639],[79.301,23.5595],[79.3265,23.531],[79.285,23.475],[79.187,23.4315],[79.194,23.3635],[79.2405,23.337],[79.192,23.2205],[79.314,23.2105],[79.344,23.1495],[79.3725,23.165],[79.425,23.192],[79.5,23.259],[79.5575,23.268],[79.6895,23.3475],[79.7145,23.369],[79.743,23.4315],[79.784,23.4385],[79.823,23.508],[79.85,23.5015],[79.8765,23.5475],[79.9305,23.594],[79.962,23.604]]]},"properties":{"shapeName":"Damoh"}},
{"type":"Feature","geometry":{"type":"Polygon","coordinates":[[[75.2445,23.133],[75.2405,23.0835],[75.172,23.1015],[75.009,23.107],[75.018,23.0345],[75.0055,22.9105],[74.9845,22.86],[74.9545,22.833],[74.94,22.7895],[74.8545,22.744],[74.7925,22.7575],[74.765,22.7475],[74.785,22.69],[74.785,22.578],[74.751,22.5585],[74.731,22.5505],[74.7085,22.4745],[74.745,22.432],[74.702,22.4225],[74.684,22.3585],[74.634,22.364],[74.6255,22.3265],[74.6515,22.272],[74.6015,22.266],[74.592,22.2405],[74.5295,22.234],[74.5015,22.1795],[74.5195,22.1165],[74.474,22.111],[74.505,22.0425],[74.5435,22.046],[74.5695,22.02],[74.675,22.032],[74.7825,22.0765],[74.84,22.06],[74.9175,22.0815],[75.007,22.081],[75.1905,22.102],[75.2535,22.123],[75.3185,22.1315],[75.3925,22.1345],[75.503,22.1535],[75.5235,22.1715],[75.5355,22.2605],[75.5175,22.2915],[75.506,22.365],[75.567,22.3735],[75.5455,22.409],[75.577,22.4505],[75.56,22.513],[75.601,22.5175],[75.618,22.556],[75.698,22.593],[75.708,22.6285],[75.6575,22.636],[75.531,22.6285],[75.4925,22.7615],[75.4405,22.771],[75.4275,22.807],[75.4395,22.8655],[75.394,22.845],[75.333,22.8375],[75.329,22.912],[75.3095,22.929],[75.329,22.9835],[75.3095,23.0275],[75.338,23.0565],[75.303,23.1245],[75.2445,23.133]]]},"properties":{"shapeName":"Dhar"}},
{"type":"Feature","geometry":{"type":"Polygon","coordinates":[[[80.546,23.3895],[80.533,23.4155],[80.568,23.4645],[80.5435,23.4925],[80.5635,23.5645],[80.6265,23.5915],[80.6795,23.6715],[80.6955,23.734],[80.7375,23.7225],[80.824,23.6675],[80.9075,23.676],[80.894,23.766],[80.9175,23.767],[80.9025,23.86],[80.865,23.874],[80.8425,23.946],[80.913,24.016],[80.948,24.0635],[80.8575,24.056],[80.796,23.9675],[80.7595,23.9975],[80.782,24.0645],[80.727,24.0695],[80.74,24.128],[80.556,24.046],[80.4705,23.9885],[80.3565,23.967],[80.364,23.9405],[80.309,23.9095],[80.218,23.9565],[80.1665,23.955],[80.0535,23.9885],[80.0175,23.974],[79.9605,23.8355],[79.898,23.8195],[79.8655,23.8265],[79.82,23.739],[79.83,23.693],[79.9055,23.693],[79.983,23.68],[79.9885,23.628],[79.962,23.604],[80.0665,23.5635],[80.12,23.583],[80.255,23.5665],[80.257,23.5395],[80.2095,23.4965],[80.242,23.4795],[80.277,23.4235],[80.3145,23.403],[80.3,23.361],[80.32,23.305],[80.426,23.3435],[80.4595,23.3405],[80.4875,23.389],[80.546,23.3895]]]},"properties":{"shapeName":"Katni"}},
{"type":"Feature","geometry":{"type":"Polygon","coordinates":[[[81.3125,24.3075],[81.352,24.2465],[81.39,24.2615],[81.457,24.258],[81.494,24.2415],[81.474,24.1775],[81.528,24.086],[81.5055,24.0605],[81.4985,24.0035],[81.548,23.968],[81.544,23.9125],[81.607,23.883],[81.6695,23.924],[81.7105,23.862],[81.775,23.814],[81.825,23.8055],[81.908,23.8435],[82.0085,23.862],[82.053,23.8195],[82.182,23.8185],[82.2125,23.847],[82.2295,23.906],[82.1785,23.962],[82.1885,23.985],[82.131,24.008],[82.1165,23.99],[82.049,24.024],[82.008,24.0195],[81.9775,24.0405],[81.9325,24.0305],[81.906,24.081],[81.875,24.092],[81.8395,24.1365],[81.8835,24.225],[81.9215,24.247],[81.9655,24.2435],[82,24.3055],[82.076,24.3255],[82.0765,24.36],[82.1285,24.367],[82.1655,24.425],[82.214,24.442],[82.2845,24.5005],[82.3125,24.502],[82.3715,24.551],[82.308,24.5905],[82.234,24.6075],[82.124,24.587],[81.993,24.551],[81.951,24.569],[81.8945,24.551],[81.9,24.53],[81.75,24.493],[81.7055,24.4995],[81.6275,24.4615],[81.504,24.42],[81.4625,24.389],[81.35,24.3445],[81.3125,24.3075]]]},"properties":{"shapeName":"Sidhi"}},
{"type":"Feature","geometry":{"type":"Polygon","coordinates":[[[74.505,22.0425],[74.474,22.111],[74.5195,22.1165],[74.5015,22.1795],[74.5295,22.234],[74.592,22.2405],[74.6015,22.266],[74.6515,22.272],[74.6255,22.3265],[74.634,22.364],[74.684,22.3585],[74.702,22.4225],[74.745,22.432],[74.7085,22.4745],[74.731,22.5505],[74.751,22.5585],[74.7365,22.588],[74.67,22.596],[74.6445,22.5555],[74.5995,22.533],[74.531,22.5655],[74.4845,22.5645],[74.449,22.526],[74.4255,22.5405],[74.429,22.5825],[74.3795,22.637],[74.276,22.646],[74.2345,22.6125],[74.2115,22.566],[74.125,22.523],[74.064,22.5495],[74.102,22.432],[74.235,22.438],[74.2715,22.3915],[74.211,22.358],[74.1885,22.3205],[74.1325,22.332],[74.107,22.371],[74.069,22.359],[74.0565,22.2855],[74.07,22.2285],[74.1195,22.2115],[74.1295,22.095],[74.16,22.0595],[74.1025,21.9985],[74.153,21.9845],[74.145,21.953],[74.1975,21.9245],[74.287,21.9345],[74.312,21.9715],[74.344,21.974],[74.386,22.0185],[74.435,22.0275],[74.505,22.0425]]]},"properties":{"shapeName":"Alirajpur"}},
{"type":"Feature","geometry":{"type":"Polygon","coordinates":[[[82.308,24.5905],[82.3715,24.551],[82.3125,24.502],[82.2845,24.5005],[82.214,24.442],[82.1655,24.425],[82.1285,24.367],[82.0765,24.36],[82.076,24.3255],[82,24.3055],[81.9655,24.2435],[81.9215,24.247],[81.8835,24.225],[81.8395,24.1365],[81.875,24.092],[81.906,24.081],[81.9325,24.0305],[81.9775,24.0405],[82.008,24.0195],[82.049,24.024],[82.1165,23.99],[82.131,24.008],[82.1885,23.985],[82.1785,23.962],[82.2295,23.906],[82.2125,23.847],[82.2395,23.8065],[82.396,23.8005],[82.4775,23.807],[82.4995,23.783],[82.553,23.788],[82.556,23.826],[82.6375,23.835],[82.67,23.8685],[82.663,23.905],[82.7535,23.917],[82.8055,23.961],[82.7685,24.0475],[82.667,24.121],[82.673,24.15],[82.7295,24.1325],[82.746,24.163],[82.735,24.222],[82.757,24.2345],[82.7725,24.3465],[82.715,24.384],[82.7345,24.4255],[82.7235,24.5525],[82.757,24.535],[82.809,24.5465],[82.805,24.5945],[82.7715,24.5965],[82.776,24.639],[82.73,24.6325],[82.666,24.6985],[82.542,24.6455],[82.525,24.6735],[82.491,24.669],[82.43,24.7],[82.408,24.6785],[82.4195,24.6385],[82.394,24.5955],[82.3405,24.6215],[82.3015,24.604],[82.308,24.5905]]]},"properties":{"shapeName":"Singrauli"}},
{"type":"Feature","geometry":{"type":"Polygon","coordinates":[[[77.5205,23.505],[77.5085,23.566],[77.5645,23.6015],[77.576,23.645],[77.632,23.6555],[77.6505,23.6905],[77.565,23.763],[77.477,23.754],[77.412,23.8055],[77.3795,23.8815],[77.3185,23.889],[77.2285,23.8905],[77.226,23.8105],[77.169,23.672],[77.228,23.651],[77.298,23.5715],[77.286,23.4855],[77.2905,23.424],[77.227,23.353],[77.179,23.3475],[77.172,23.2995],[77.2155,23.288],[77.186,23.2095],[77.2735,23.122],[77.2835,23.0915],[77.3815,23.07],[77.491,23.093],[77.5635,23.135],[77.594,23.2245],[77.5915,23.291],[77.63,23.316],[77.6255,23.3425],[77.5495,23.376],[77.557,23.4135],[77.504,23.4105],[77.5035,23.481],[77.5205,23.505]]]},"properties":{"shapeName":"Bhopal"}},
{"type":"Feature","geometry":{"type":"Polygon","coordinates":[[[77.169,23.672],[77.226,23.8105],[77.2285,23.8905],[77.192,23.8905],[77.168,23.945],[77.187,23.9975],[77.185,24.0765],[77.1125,24.0855],[77.028,24.0805],[77.01,24.0585],[76.966,24.0595],[76.882,24.132],[76.7955,24.1215],[76.7735,24.1605],[76.7255,24.1575],[76.6785,24.1895],[76.707,24.2445],[76.6835,24.2665],[76.621,24.2585],[76.576,24.2095],[76.584,24.1765],[76.5215,24.1625],[76.5125,24.196],[76.4675,24.225],[76.4185,24.2035],[76.357,24.245],[76.322,24.247],[76.2805,24.2125],[76.2195,24.213],[76.2175,24.1465],[76.239,24.127],[76.1925,24.0725],[76.206,24.0355],[76.2555,24.0385],[76.258,23.9795],[76.3035,23.9615],[76.2995,23.902],[76.3585,23.8465],[76.385,23.803],[76.408,23.7035],[76.4315,23.652],[76.4435,23.564],[76.506,23.512],[76.5285,23.5735],[76.5885,23.5455],[76.602,23.5615],[76.664,23.53],[76.656,23.4985],[76.6955,23.4835],[76.762,23.4945],[76.7875,23.469],[76.9175,23.5115],[76.9695,23.504],[77.052,23.4645],[77.103,23.496],[77.141,23.5455],[77.129,23.614],[77.169,23.672]]]},"properties":{"shapeName":"Rajgarh"}},
{"type":"Feature","geometry":{"type":"Polygon","coordinates":[[[79.967,22.8505],[80.0315,22.8295],[80.0185,22.793],[80.0725,22.756],[80.1025,22.767],[80.1805,22.7605],[80.225,22.798],[80.272,22.79],[80.291,22.724],[80.247,22.7185],[80.238,22.672],[80.2035,22.601],[80.156,22.597],[80.115,22.624],[80.0745,22.6],[80.037,22.606],[79.956,22.5535],[80.032,22.5445],[80.052,22.454],[80.094,22.405],[80.071,22.374],[80.1,22.336],[80.1515,22.344],[80.237,22.299],[80.2745,22.305],[80.3205,22.3435],[80.3865,22.307],[80.4485,22.2435],[80.462,22.2745],[80.5095,22.2735],[80.534,22.238],[80.582,22.224],[80.6475,22.225],[80.7015,22.201],[80.7305,22.218],[80.706,22.268],[80.79,22.3115],[80.796,22.373],[80.815,22.3965],[80.8675,22.377],[80.883,22.3315],[80.9185,22.327],[80.9155,22.2785],[81.028,22.2675],[81.0455,22.2395],[81.092,22.247],[81.12,22.2935],[81.122,22.342],[81.1055,22.381],[81.1175,22.441],[81.16,22.4645],[81.1345,22.4685],[81.11,22.555],[81.0905,22.585],[81.043,22.57],[81.025,22.527],[80.9785,22.5235],[80.912,22.611],[80.9395,22.6575],[80.917,22.698],[80.936,22.724],[80.8695,22.745],[80.8525,22.7965],[80.8625,22.8395],[80.7605,22.806],[80.734,22.851],[80.6805,22.8375],[80.594,22.8645],[80.548,22.8985],[80.5275,22.977],[80.5685,22.9795],[80.56,23.0645],[80.53,23.084],[80.4635,23.1395],[80.361,23.1365],[80.331,23.0945],[80.2865,23.109],[80.25,23.1485],[80.1815,23.1195],[80.2045,23.084],[80.151,23.0435],[80.0835,23.0745],[80.039,23.036],[79.9945,23.026],[80.0075,22.977],[79.955,22.946],[79.9725,22.9215],[79.967,22.8505]]]},"properties":{"shapeName":"Mandla"}},
{"type":"Feature","geometry":{"type":"Polygon","coordinates":[[[77.052,23.4645],[76.9695,23.504],[76.9175,23.5115],[76.7875,23.469],[76.762,23.4945],[76.6955,23.4835],[76.656,23.4985],[76.664,23.53],[76.602,23.5615],[76.5885,23.5455],[76.5285,23.5735],[76.506,23.512],[76.4435,23.564],[76.4315,23.652],[76.408,23.7035],[76.2935,23.6955],[76.2025,23.706],[76.2365,23.5735],[76.174,23.582],[76.1465,23.5655],[76.1795,23.5555],[76.1625,23.505],[76.2135,23.5085],[76.2155,23.3825],[76.264,23.3885],[76.2675,23.35],[76.2055,23.339],[76.1745,23.2645],[76.1355,23.279],[76.1225,23.2405],[76.1655,23.222],[76.2785,23.227],[76.416,23.2165],[76.4245,23.194],[76.5135,23.178],[76.5425,23.1285],[76.576,23.112],[76.6305,23.1365],[76.6325,23.195],[76.6875,23.1915],[76.7005,23.1555],[76.7765,23.1695],[76.824,23.1125],[76.8645,23.1065],[76.898,23.134],[76.891,23.2035],[76.942,23.234],[76.99,23.2835],[76.9905,23.3945],[77.0215,23.4455],[77.052,23.4645]]]},"properties":{"shapeName":"Shajapur"}},
{"type":"Feature","geometry":{"type":"Polygon","coordinates":[[[78.175,24.8425],[78.1715,24.8665],[78.221,24.911],[78.3345,24.995],[78.348,25.032],[78.34,25.0885],[78.4065,25.131],[78.4505,25.124],[78.4495,25.1525],[78.3925,25.1905],[78.403,25.2165],[78.362,25.241],[78.3385,25.332],[78.3035,25.36],[78.34,25.3995],[78.355,25.45],[78.3835,25.445],[78.427,25.4855],[78.4165,25.528],[78.4445,25.5595],[78.398,25.576],[78.3805,25.651],[78.3435,25.6565],[78.286,25.698],[78.219,25.6915],[78.2305,25.7255],[78.266,25.743],[78.279,25.779],[78.2165,25.735],[78.1625,25.717],[78.0255,25.714],[77.9995,25.7365],[77.924,25.7515],[77.8765,25.7355],[77.8685,25.805],[77.825,25.811],[77.7975,25.8515],[77.7055,25.876],[77.683,25.91],[77.6465,25.8975],[77.6395,25.863],[77.593,25.865],[77.58,25.8135],[77.557,25.8095],[77.507,25.852],[77.4825,25.8515],[77.431,25.8905],[77.413,25.8595],[77.4205,25.7805],[77.3415,25.7815],[77.318,25.7255],[77.279,25.717],[77.286,25.6265],[77.2595,25.5805],[77.29,25.5285],[77.181,25.509],[77.1785,25.478],[77.141,25.4505],[77.1555,25.4175],[77.116,25.3895],[77.019,25.381],[77.048,25.3385],[77.122,25.33],[77.163,25.3085],[77.224,25.333],[77.232,25.3745],[77.2765,25.404],[77.356,25.267],[77.413,25.2215],[77.397,25.1835],[77.393,25.117],[77.3095,25.0795],[77.339,24.9895],[77.373,24.923],[77.42,24.9475],[77.4665,24.928],[77.481,24.874],[77.5665,24.869],[77.558,24.932],[77.5995,24.9575],[77.615,24.9245],[77.6785,24.8605],[77.741,24.8545],[77.7545,24.8885],[77.817,24.956],[77.8335,24.9985],[77.9065,24.998],[77.914,24.9785],[78.0175,24.9555],[77.9715,24.8695],[78.0085,24.837],[78.051,24.856],[78.1165,24.833],[78.175,24.8425]]]},"properties":{"shapeName":"Shivpuri"}},
{"type":"Feature","geometry":{"type":"Polygon","coordinates":[[[78.629,26.1545],[78.6125,26.094],[78.647,26.059],[78.6055,26.044],[78.5875,26.004],[78.5445,25.9705],[78.4865,25.961],[78.4715,25.905],[78.423,25.876],[78.3915,25.835],[78.3385,25.8335],[78.329,25.7955],[78.279,25.779],[78.266,25.743],[78.2305,25.7255],[78.219,25.6915],[78.286,25.698],[78.3435,25.6565],[78.3805,25.651],[78.398,25.576],[78.4445,25.5595],[78.488,25.575],[78.555,25.5595],[78.598,25.57],[78.6565,25.5605],[78.685,25.589],[78.8025,25.6125],[78.8195,25.6695],[78.769,25.7155],[78.808,25.794],[78.849,25.8155],[78.8845,25.9105],[78.8005,25.9585],[78.775,26.0155],[78.829,26.06],[78.8415,26.0925],[78.8105,26.1805],[78.8035,26.23],[78.8295,26.259],[78.7925,26.2875],[78.758,26.241],[78.698,26.2125],[78.6965,26.1605],[78.629,26.1545]]]},"properties":{"shapeName":"Datia"}},
{"type":"Feature","geometry":{"type":"Polygon","coordinates":[[[75.9925,21.3745],[76.0535,21.351],[76.1,21.372],[76.1305,21.296],[76.1605,21.2575],[76.168,21.169],[76.1285,21.1765],[76.137,21.1245],[76.185,21.0885],[76.271,21.0915],[76.2835,21.074],[76.3845,21.078],[76.4135,21.1055],[76.4545,21.1135],[76.493,21.196],[76.5615,21.204],[76.6255,21.191],[76.6635,21.2805],[76.6285,21.328],[76.671,21.3675],[76.735,21.407],[76.746,21.4415],[76.7945,21.488],[76.7655,21.521],[76.7845,21.5535],[76.7275,21.5695],[76.7065,21.5545],[76.6145,21.5605],[76.5105,21.545],[76.4345,21.5815],[76.3705,21.5785],[76.346,21.548],[76.245,21.563],[76.1945,21.5465],[76.147,21.5125],[76.108,21.5245],[76.079,21.5695],[76.02,21.551],[75.9515,21.5465],[75.95,21.487],[76.0095,21.4705],[76.0105,21.4155],[75.9925,21.3745]]]},"properties":{"shapeName":"Burhanpur"}},
{"type":"Feature","geometry":{"type":"Polygon","coordinates":[[[81.726,22.666],[81.733,22.6725],[81.774,22.666],[81.754,22.7265],[81.796,22.7645],[81.769,22.833],[81.777,22.8735],[81.864,22.888],[81.9215,22.948],[81.949,22.958],[81.946,23.0005],[81.923,23.0385],[81.96,23.0725],[82.029,23.069],[82.0765,23.1145],[82.1235,23.1035],[82.1585,23.1415],[82.145,23.1645],[82.1505,23.225],[82.2005,23.3115],[82.1025,23.398],[82.06,23.3765],[82.034,23.4075],[81.979,23.421],[81.966,23.3515],[81.9195,23.3615],[81.9215,23.321],[81.898,23.277],[81.8155,23.293],[81.8425,23.2335],[81.7775,23.2285],[81.7405,23.185],[81.6105,23.175],[81.566,23.1185],[81.596,23.0325],[81.545,23.002],[81.4935,23.05],[81.39,23.0515],[81.319,23.086],[81.326,23.1305],[81.27,23.1695],[81.265,23.2005],[81.198,23.2705],[81.134,23.3065],[81.1425,23.227],[81.132,23.2035],[81.1455,23.158],[81.1855,23.143],[81.1935,23.097],[81.2525,23.0675],[81.223,22.995],[81.2005,22.9705],[81.183,22.8945],[81.24,22.8745],[81.3105,22.832],[81.4155,22.812],[81.4385,22.751],[81.5635,22.726],[81.65,22.757],[81.679,22.7505],[81.6905,22.674],[81.726,22.666]]]},"properties":{"shapeName":"Anuppur"}},
{"type":"Feature","geometry":{"type":"Polygon","coordinates":[[[80.995,24.0885],[80.992,24.0685],[81.0475,24.0035],[81.0625,23.971],[81.119,23.9765],[81.1315,23.9315],[81.1695,23.884],[81.253,23.8385],[81.17,23.8135],[81.2395,23.695],[81.2275,23.642],[81.258,23.5595],[81.292,23.5495],[81.2885,23.4685],[81.3055,23.405],[81.334,23.3745],[81.3495,23.328],[81.316,23.2365],[81.265,23.2005],[81.27,23.1695],[81.326,23.1305],[81.319,23.086],[81.39,23.0515],[81.4935,23.05],[81.545,23.002],[81.596,23.0325],[81.566,23.1185],[81.6105,23.175],[81.7405,23.185],[81.7775,23.2285],[81.8425,23.2335],[81.8155,23.293],[81.898,23.277],[81.9215,23.321],[81.9195,23.3615],[81.966,23.3515],[81.979,23.421],[81.9585,23.4945],[81.924,23.531],[81.838,23.5085],[81.811,23.547],[81.727,23.555],[81.701,23.522],[81.6555,23.5015],[81.614,23.5075],[81.61,23.594],[81.621,23.6595],[81.656,23.66],[81.6975,23.719],[81.653,23.7975],[81.615,23.8345],[81.607,23.883],[81.544,23.9125],[81.548,23.968],[81.4985,24.0035],[81.5055,24.0605],[81.528,24.086],[81.474,24.1775],[81.494,24.2415],[81.457,24.258],[81.39,24.2615],[81.376,24.2155],[81.346,24.1845],[81.2825,24.188],[81.225,24.147],[81.2045,24.107],[81.111,24.1265],[80.995,24.0885]]]},"properties":{"shapeName":"Shahdol"}},
{"type":"Feature","geometry":{"type":"Polygon","coordinates":[[[77.652,24.3115],[77.6005,24.2955],[77.5975,24.265],[77.539,24.2425],[77.493,24.257],[77.4545,24.2355],[77.4025,24.2695],[77.3995,24.336],[77.356,24.339],[77.3235,24.285],[77.3555,24.2125],[77.345,24.177],[77.292,24.119],[77.2995,24.085],[77.262,24.0405],[77.3145,24.005],[77.31,23.914],[77.3185,23.889],[77.3795,23.8815],[77.412,23.8055],[77.477,23.754],[77.565,23.763],[77.6505,23.6905],[77.632,23.6555],[77.576,23.645],[77.5645,23.6015],[77.5085,23.566],[77.5205,23.505],[77.6025,23.4805],[77.6525,23.482],[77.664,23.522],[77.738,23.5345],[77.7675,23.5175],[77.8115,23.458],[77.871,23.4335],[77.9155,23.4465],[77.96,23.42],[77.9655,23.3725],[78.027,23.348],[78.0545,23.3615],[78.0505,23.4],[77.9995,23.411],[78.0025,23.4645],[78.046,23.4665],[78.087,23.448],[78.1375,23.48],[78.132,23.5245],[78.1685,23.536],[78.229,23.531],[78.244,23.5805],[78.268,23.5915],[78.296,23.672],[78.241,23.712],[78.256,23.7795],[78.2975,23.822],[78.264,23.941],[78.292,23.985],[78.2805,24.0255],[78.217,24.068],[78.1855,24.008],[78.1195,24.044],[78.139,24.119],[78.1225,24.1255],[78.1405,24.209],[78.086,24.2115],[78.0825,24.253],[78.017,24.275],[78.017,24.234],[77.8865,24.2745],[77.878,24.3115],[77.7215,24.297],[77.652,24.3115]]]},"properties":{"shapeName":"Vidisha"}},
{"type":"Feature","geometry":{"type":"Polygon","coordinates":[[[76.292,31.307],[76.345,31.3425],[76.331,31.3995],[76.3965,31.4075],[76.436,31.411],[76.4885,31.44],[76.46,31.4855],[76.395,31.62],[76.3685,31.6405],[76.3145,31.7215],[76.2905,31.6865],[76.2025,31.7725],[76.116,31.805],[76.0485,31.861],[75.96,31.856],[75.9485,31.8135],[76.0185,31.644],[76.099,31.535],[76.143,31.4415],[76.1715,31.402],[76.149,31.38],[76.1875,31.304],[76.292,31.307]]]},"properties":{"shapeName":"Una"}},
{"type":"Feature","geometry":{"type":"Polygon","coordinates":[[[77.0195,30.748],[77.085,30.7945],[77.12,30.8535],[77.167,30.8445],[77.2155,30.876],[77.247,30.9185],[77.2355,30.96],[77.2035,30.9695],[77.187,31.009],[77.1065,31.031],[77.0875,31.0655],[77.0265,31.109],[77.0065,31.181],[77.0205,31.218],[77.004,31.2975],[76.944,31.334],[76.9215,31.3665],[76.8765,31.3535],[76.882,31.326],[76.929,31.302],[76.9,31.268],[76.8385,31.2315],[76.78,31.22],[76.7335,31.24],[76.65,31.2095],[76.605,31.1795],[76.604,31.124],[76.6385,31.1145],[76.6135,31.05],[76.6245,31.0005],[76.7395,30.94],[76.778,30.907],[76.823,30.9285],[76.87,30.873],[76.9345,30.883],[76.971,30.8245],[77.0125,30.8],[77.0195,30.748]]]},"properties":{"shapeName":"Solan"}},
{"type":"Feature","geometry":{"type":"Polygon","coordinates":[[[77.0195,30.748],[77.094,30.742],[77.165,30.6855],[77.1625,30.586],[77.1225,30.5625],[77.1955,30.5225],[77.213,30.4965],[77.322,30.448],[77.391,30.4415],[77.455,30.4005],[77.4935,30.4115],[77.5155,30.445],[77.557,30.388],[77.5885,30.3775],[77.5805,30.395],[77.5955,30.4235],[77.6925,30.4445],[77.789,30.4975],[77.821,30.505],[77.82,30.5575],[77.7755,30.5545],[77.7445,30.592],[77.788,30.6215],[77.758,30.7035],[77.709,30.7595],[77.665,30.801],[77.625,30.808],[77.588,30.776],[77.4935,30.794],[77.478,30.8645],[77.4525,30.8625],[77.412,30.926],[77.4415,30.9755],[77.3745,31.022],[77.247,30.9185],[77.2155,30.876],[77.167,30.8445],[77.12,30.8535],[77.085,30.7945],[77.0195,30.748]]]},"properties":{"shapeName":"Sirmaur"}},
{"type":"Feature","geometry":{"type":"Polygon","coordinates":[[[78.674,32.079],[78.606,32.052],[78.543,32.063],[78.491,32.0465],[78.4445,32.0525],[78.4205,31.989],[78.461,31.959],[78.4225,31.9375],[78.372,31.96],[78.355,31.9405],[78.202,31.9325],[78.1735,31.8625],[78.1245,31.867],[78.0965,31.8375],[78.084,31.787],[78.034,31.7605],[77.946,31.7845],[77.937,31.7485],[77.8675,31.783],[77.829,31.76],[77.7535,31.751],[77.7515,31.7135],[77.8255,31.638],[77.846,31.527],[77.9035,31.4425],[77.9645,31.402],[78.025,31.4005],[78.0895,31.422],[78.1665,31.378],[78.172,31.344],[78.2205,31.3255],[78.2925,31.3235],[78.3135,31.2795],[78.372,31.2825],[78.4385,31.2505],[78.501,31.1945],[78.5885,31.2185],[78.7495,31.184],[78.7985,31.193],[78.832,31.137],[78.8915,31.093],[78.999,31.106],[78.985,31.172],[78.923,31.221],[78.9225,31.2535],[78.8955,31.2655],[78.856,31.3225],[78.8435,31.376],[78.7925,31.396],[78.8115,31.4475],[78.765,31.4855],[78.7375,31.536],[78.8135,31.571],[78.8475,31.61],[78.812,31.644],[78.7965,31.685],[78.751,31.687],[78.7075,31.802],[78.7375,31.8305],[78.75,31.908],[78.788,31.995],[78.7545,31.9995],[78.674,32.079]]]},"properties":{"shapeName":"Kinnaur"}},
{"type":"Feature","geometry":{"type":"Polygon","coordinates":[[[77.8675,31.783],[77.84,31.8485],[77.86,31.8835],[77.8075,31.8955],[77.7705,31.943],[77.802,31.981],[77.7925,32.018],[77.7455,32.091],[77.6885,32.1055],[77.6525,32.1475],[77.567,32.1955],[77.515,32.2015],[77.4235,32.194],[77.3705,32.2225],[77.3455,32.2535],[77.3365,32.308],[77.309,32.3355],[77.197,32.401],[77.1515,32.4155],[77.0755,32.3965],[77.0315,32.3065],[77.039,32.2065],[77.006,32.1995],[76.9895,32.1105],[76.947,32.112],[76.94,32.0625],[76.978,32.0235],[76.9795,31.983],[77.062,31.8555],[77.06,31.8345],[77.168,31.838],[77.1885,31.821],[77.2135,31.731],[77.2745,31.701],[77.3065,31.6615],[77.3025,31.557],[77.3355,31.451],[77.3815,31.4175],[77.3875,31.361],[77.4305,31.341],[77.5325,31.353],[77.5485,31.3815],[77.6345,31.397],[77.633,31.45],[77.6715,31.4625],[77.709,31.501],[77.7,31.5415],[77.657,31.578],[77.6495,31.66],[77.6865,31.703],[77.7515,31.7135],[77.7535,31.751],[77.829,31.76],[77.8675,31.783]]]},"properties":{"shapeName":"Kullu"}},
{"type":"Feature","geometry":{"type":"Polygon","coordinates":[[[75.928,32.4085],[75.9755,32.3905],[76.0205,32.3375],[76.018,32.2905],[76.048,32.264],[76.0875,32.2705],[76.1445,32.225],[76.185,32.232],[76.1875,32.2725],[76.1615,32.3175],[76.1705,32.3505],[76.224,32.395],[76.2605,32.3925],[76.2955,32.3395],[76.3565,32.3265],[76.4255,32.264],[76.505,32.233],[76.591,32.2205],[76.674,32.1785],[76.738,32.1875],[76.774,32.227],[76.774,32.359],[76.7875,32.406],[76.866,32.4605],[76.884,32.5195],[76.7965,32.5365],[76.7825,32.552],[76.65,32.58],[76.6095,32.606],[76.5945,32.642],[76.5175,32.6665],[76.465,32.6525],[76.427,32.688],[76.3765,32.7965],[76.378,32.8195],[76.4565,32.8515],[76.474,32.805],[76.5475,32.8125],[76.613,32.854],[76.6855,32.8535],[76.7185,32.89],[76.72,32.9225],[76.764,32.9295],[76.7805,32.961],[76.774,33.0095],[76.7385,33.075],[76.7485,33.178],[76.6455,33.1615],[76.6005,33.206],[76.566,33.2085],[76.4875,33.179],[76.41,33.186],[76.2935,33.1035],[76.2555,33.032],[76.2185,33.0275],[76.1115,33.0045],[76.1,32.9685],[76.035,32.9175],[75.9515,32.884],[75.885,32.93],[75.8255,32.93],[75.805,32.8935],[75.8385,32.8425],[75.891,32.8135],[75.93,32.7565],[75.9075,32.676],[75.938,32.6475],[75.853,32.516],[75.921,32.455],[75.928,32.4085]]]},"properties":{"shapeName":"Chamba"}},
{"type":"Feature","geometry":{"type":"Polygon","coordinates":[[[77.247,30.9185],[77.3745,31.022],[77.4415,30.9755],[77.412,30.926],[77.4525,30.8625],[77.478,30.8645],[77.4935,30.794],[77.588,30.776],[77.625,30.808],[77.665,30.801],[77.709,30.7595],[77.763,30.8225],[77.758,30.869],[77.8035,30.89],[77.751,30.948],[77.809,30.9545],[77.844,30.991],[77.818,31.047],[77.912,31.1505],[77.97,31.169],[78.022,31.147],[78.0435,31.175],[78.105,31.1815],[78.161,31.2215],[78.2435,31.2255],[78.3135,31.2795],[78.2925,31.3235],[78.2205,31.3255],[78.172,31.344],[78.1665,31.378],[78.0895,31.422],[78.025,31.4005],[77.9645,31.402],[77.9035,31.4425],[77.846,31.527],[77.8255,31.638],[77.7515,31.7135],[77.6865,31.703],[77.6495,31.66],[77.657,31.578],[77.7,31.5415],[77.709,31.501],[77.6715,31.4625],[77.633,31.45],[77.6345,31.397],[77.5485,31.3815],[77.5325,31.353],[77.4305,31.341],[77.3875,31.361],[77.365,31.356],[77.3375,31.298],[77.306,31.271],[77.249,31.254],[77.191,31.255],[77.1335,31.2285],[77.0325,31.275],[77.004,31.2975],[77.0205,31.218],[77.0065,31.181],[77.0265,31.109],[77.0875,31.0655],[77.1065,31.031],[77.187,31.009],[77.2035,30.9695],[77.2355,30.96],[77.247,30.9185]]]},"properties":{"shapeName":"Shimla"}},
{"type":"Feature","geometry":{"type":"Polygon","coordinates":[[[76.3965,31.4075],[76.443,31.322],[76.4815,31.307],[76.5605,31.2525],[76.5825,31.2745],[76.65,31.2095],[76.7335,31.24],[76.78,31.22],[76.8385,31.2315],[76.9,31.268],[76.929,31.302],[76.882,31.326],[76.8765,31.3535],[76.8815,31.4115],[76.805,31.4225],[76.792,31.4985],[76.741,31.5185],[76.7305,31.586],[76.706,31.5985],[76.6225,31.573],[76.611,31.4695],[76.615,31.4185],[76.5185,31.4675],[76.46,31.4855],[76.4885,31.44],[76.436,31.411],[76.3965,31.4075]]]},"properties":{"shapeName":"Bilaspur"}},
{"type":"Feature","geometry":{"type":"Polygon","coordinates":[[[76.3145,31.7215],[76.309,31.7575],[76.3535,31.793],[76.462,31.805],[76.471,31.829],[76.5205,31.8435],[76.569,31.8895],[76.6415,31.8745],[76.695,31.932],[76.6635,32.0305],[76.6805,32.048],[76.739,32.0295],[76.771,32.065],[76.818,32.0475],[76.898,32.066],[76.94,32.0625],[76.947,32.112],[76.9895,32.1105],[77.006,32.1995],[77.039,32.2065],[77.0315,32.3065],[77.0755,32.3965],[77.0595,32.429],[76.9535,32.403],[76.866,32.4605],[76.7875,32.406],[76.774,32.359],[76.774,32.227],[76.738,32.1875],[76.674,32.1785],[76.591,32.2205],[76.505,32.233],[76.4255,32.264],[76.3565,32.3265],[76.2955,32.3395],[76.2605,32.3925],[76.224,32.395],[76.1705,32.3505],[76.1615,32.3175],[76.1875,32.2725],[76.185,32.232],[76.1445,32.225],[76.0875,32.2705],[76.048,32.264],[76.018,32.2905],[76.0205,32.3375],[75.9755,32.3905],[75.928,32.4085],[75.8605,32.3785],[75.7525,32.273],[75.692,32.2635],[75.6405,32.236],[75.6345,32.1965],[75.672,32.176],[75.6715,32.1455],[75.6165,32.0935],[75.5945,32.081],[75.665,32.0765],[75.75,32.0365],[75.811,31.9875],[75.852,31.9805],[75.9465,31.9295],[75.9285,31.915],[75.96,31.856],[76.0485,31.861],[76.116,31.805],[76.2025,31.7725],[76.2905,31.6865],[76.3145,31.7215]]]},"properties":{"shapeName":"Kangra"}},
{"type":"Feature","geometry":{"type":"Polygon","coordinates":[[[78.674,32.079],[78.665,32.1025],[78.6135,32.119],[78.6125,32.212],[78.557,32.2455],[78.457,32.242],[78.482,32.2735],[78.4785,32.333],[78.5365,32.414],[78.496,32.4215],[78.456,32.452],[78.45,32.506],[78.4005,32.5255],[78.3285,32.472],[78.2965,32.504],[78.317,32.525],[78.315,32.5735],[78.35,32.581],[78.407,32.619],[78.3815,32.668],[78.3965,32.7155],[78.39,32.758],[78.306,32.734],[78.314,32.709],[78.202,32.66],[78.1115,32.6585],[78.054,32.588],[77.9945,32.5885],[77.9215,32.6895],[77.9365,32.7535],[77.8855,32.787],[77.8795,32.813],[77.78,32.8615],[77.8085,32.9025],[77.731,32.969],[77.605,32.937],[77.538,32.8845],[77.4735,32.859],[77.444,32.881],[77.3975,32.878],[77.3745,32.8225],[77.2765,32.874],[77.169,32.918],[77.155,32.978],[77.0935,32.971],[77.0535,32.9975],[77.017,32.9875],[76.936,33.032],[76.896,33.1125],[76.871,33.11],[76.822,33.154],[76.83,33.214],[76.781,33.238],[76.7485,33.178],[76.7385,33.075],[76.774,33.0095],[76.7805,32.961],[76.764,32.9295],[76.72,32.9225],[76.7185,32.89],[76.6855,32.8535],[76.613,32.854],[76.5475,32.8125],[76.474,32.805],[76.4565,32.8515],[76.378,32.8195],[76.3765,32.7965],[76.427,32.688],[76.465,32.6525],[76.5175,32.6665],[76.5945,32.642],[76.6095,32.606],[76.65,32.58],[76.7825,32.552],[76.7965,32.5365],[76.884,32.5195],[76.866,32.4605],[76.9535,32.403],[77.0595,32.429],[77.0755,32.3965],[77.1515,32.4155],[77.197,32.401],[77.309,32.3355],[77.3365,32.308],[77.3455,32.2535],[77.3705,32.2225],[77.4235,32.194],[77.515,32.2015],[77.567,32.1955],[77.6525,32.1475],[77.6885,32.1055],[77.7455,32.091],[77.7925,32.018],[77.802,31.981],[77.7705,31.943],[77.8075,31.8955],[77.86,31.8835],[77.84,31.8485],[77.8675,31.783],[77.937,31.7485],[77.946,31.7845],[78.034,31.7605],[78.084,31.787],[78.0965,31.8375],[78.1245,31.867],[78.1735,31.8625],[78.202,31.9325],[78.355,31.9405],[78.372,31.96],[78.4225,31.9375],[78.461,31.959],[78.4205,31.989],[78.4445,32.0525],[78.491,32.0465],[78.543,32.063],[78.606,32.052],[78.674,32.079]]]},"properties":{"shapeName":"Lahul & Spiti"}},
{"type":"Feature","geometry":{"type":"Polygon","coordinates":[[[77.004,31.2975],[77.0325,31.275],[77.1335,31.2285],[77.191,31.255],[77.249,31.254],[77.306,31.271],[77.3375,31.298],[77.365,31.356],[77.3875,31.361],[77.3815,31.4175],[77.3355,31.451],[77.3025,31.557],[77.3065,31.6615],[77.2745,31.701],[77.2135,31.731],[77.1885,31.821],[77.168,31.838],[77.06,31.8345],[77.062,31.8555],[76.9795,31.983],[76.978,32.0235],[76.94,32.0625],[76.898,32.066],[76.818,32.0475],[76.771,32.065],[76.739,32.0295],[76.6805,32.048],[76.6635,32.0305],[76.695,31.932],[76.6415,31.8745],[76.622,31.7895],[76.6375,31.7495],[76.6745,31.732],[76.6945,31.682],[76.7285,31.6645],[76.7165,31.6305],[76.7305,31.586],[76.741,31.5185],[76.792,31.4985],[76.805,31.4225],[76.8815,31.4115],[76.8765,31.3535],[76.9215,31.3665],[76.944,31.334],[77.004,31.2975]]]},"properties":{"shapeName":"Mandi"}},
{"type":"Feature","geometry":{"type":"Polygon","coordinates":[[[76.46,31.4855],[76.5185,31.4675],[76.615,31.4185],[76.611,31.4695],[76.6225,31.573],[76.706,31.5985],[76.7305,31.586],[76.7165,31.6305],[76.7285,31.6645],[76.6945,31.682],[76.6745,31.732],[76.6375,31.7495],[76.622,31.7895],[76.6415,31.8745],[76.569,31.8895],[76.5205,31.8435],[76.471,31.829],[76.462,31.805],[76.3535,31.793],[76.309,31.7575],[76.3145,31.7215],[76.3685,31.6405],[76.395,31.62],[76.46,31.4855]]]},"properties":{"shapeName":"Hamirpur"}},
{"type":"Feature","geometry":{"type":"Polygon","coordinates":[[[77.837,35.502],[77.7925,35.4965],[77.725,35.5145],[77.7235,35.475],[77.6145,35.469],[77.513,35.488],[77.4455,35.4605],[77.3825,35.476],[77.321,35.5335],[77.3845,35.5485],[77.436,35.5165],[77.473,35.5205],[77.4385,35.6405],[77.4025,35.662],[77.359,35.717],[77.2255,35.7145],[77.164,35.74],[77.12,35.7955],[77.081,35.797],[77.0215,35.774],[76.936,35.7835],[76.8585,35.8305],[76.8125,35.844],[76.7865,35.889],[76.7235,35.9525],[76.8025,36.047],[76.727,36.0775],[76.698,36.135],[76.638,36.184],[76.602,36.165],[76.4825,36.2105],[76.433,36.3075],[76.353,36.359],[76.2555,36.347],[76.174,36.3895],[76.078,36.4735],[75.924,36.5015],[75.85,36.5435],[75.7495,36.5875],[75.676,36.695],[75.6175,36.761],[75.475,36.81],[75.449,36.8795],[75.4095,36.916],[75.422,36.962],[75.377,36.9595],[75.346,37.002],[75.346,37.0505],[75.266,37.051],[75.2035,37.0205],[75.137,36.9565],[75.088,36.942],[75.0195,36.9755],[74.912,36.9115],[74.847,36.989],[74.835,37.024],[74.7295,37.025],[74.7095,37.077],[74.5905,37.0275],[74.58,36.948],[74.5335,36.986],[74.4725,36.9905],[74.4335,37.0095],[74.3885,36.9715],[74.3455,36.9575],[74.311,36.9205],[74.2455,36.896],[74.177,36.9145],[74.1335,36.847],[74.039,36.825],[73.962,36.8425],[73.884,36.912],[73.8175,36.8915],[73.748,36.911],[73.728,36.889],[73.9015,36.859],[73.924,36.827],[73.895,36.775],[73.808,36.7955],[73.743,36.79],[73.712,36.7635],[73.6695,36.7665],[73.623,36.793],[73.443,36.808],[73.3915,36.805],[73.259,36.7675],[73.0885,36.7615],[73.0665,36.7305],[73.0805,36.6585],[73.051,36.597],[72.987,36.5725],[72.947,36.511],[72.8685,36.497],[72.8665,36.4305],[72.8025,36.4095],[72.774,36.356],[72.704,36.3385],[72.655,36.293],[72.573,36.291],[72.5215,36.2345],[72.527,36.08],[72.5595,36.0555],[72.566,36.019],[72.5235,35.965],[72.534,35.933],[72.645,35.879],[72.781,35.8765],[72.812,35.9045],[72.8725,35.904],[72.9075,35.8805],[72.9845,35.8975],[73.0955,35.906],[73.153,35.8685],[73.135,35.813],[73.1605,35.7515],[73.2585,35.6765],[73.349,35.6535],[73.424,35.5955],[73.477,35.5775],[73.6965,35.565],[73.7715,35.551],[73.7965,35.495],[73.7175,35.4195],[73.7205,35.3455],[73.7535,35.2635],[73.821,35.276],[73.8875,35.2505],[73.9335,35.25],[73.975,35.226],[74.109,35.173],[74.118,35.145],[74.097,35.0855],[74.106,35.047],[74.075,35.0305],[74.0415,34.921],[73.9935,34.884],[73.982,34.848],[73.889,34.838],[73.829,34.809],[73.7515,34.809],[73.724,34.756],[73.672,34.707],[73.6555,34.6065],[73.5785,34.622],[73.466,34.599],[73.447,34.5805],[73.4035,34.4435],[73.4295,34.392],[73.425,34.3475],[73.485,34.275],[73.501,34.0585],[73.511,34.0025],[73.556,33.9085],[73.551,33.8435],[73.556,33.6995],[73.584,33.625],[73.5895,33.5585],[73.558,33.4385],[73.5575,33.3935],[73.6,33.167],[73.633,33.107],[73.753,33.0595],[73.808,33.023],[73.817,32.9895],[73.8805,33.019],[73.9865,32.989],[74.0315,32.9415],[74.078,32.9365],[74.139,32.889],[74.1855,32.8895],[74.288,32.8455],[74.3725,32.765],[74.4605,32.7875],[74.419,32.8395],[74.416,32.897],[74.313,32.932],[74.3355,32.9745],[74.301,33.0315],[74.195,33.071],[74.156,33.1365],[74.069,33.1965],[74.023,33.2005],[74.002,33.24],[74.018,33.2695],[74.131,33.3055],[74.1725,33.354],[74.197,33.3985],[74.1795,33.4165],[74.188,33.4795],[74.157,33.5125],[74.1575,33.544],[74.0835,33.5845],[74.029,33.586],[73.993,33.655],[73.9795,33.738],[74.035,33.804],[74.068,33.8245],[74.157,33.8315],[74.244,33.8875],[74.2655,33.9465],[74.25,34.015],[74.1975,34.043],[74.135,34.047],[74.0015,34.0215],[73.9215,34.0355],[73.8955,34.0665],[73.9045,34.106],[73.9615,34.168],[74.0045,34.196],[74.004,34.248],[73.976,34.265],[73.9075,34.3555],[73.8565,34.3315],[73.771,34.332],[73.7685,34.386],[73.8055,34.4275],[73.8545,34.4325],[73.902,34.547],[73.941,34.5625],[73.9575,34.6195],[73.937,34.6415],[73.986,34.711],[74.0845,34.692],[74.114,34.6645],[74.152,34.6895],[74.247,34.724],[74.248,34.75],[74.292,34.781],[74.3485,34.7655],[74.491,34.7665],[74.5155,34.7825],[74.605,34.7675],[74.648,34.7085],[74.728,34.692],[74.9405,34.6735],[75.027,34.631],[75.0925,34.66],[75.161,34.659],[75.177,34.642],[75.2645,34.636],[75.3045,34.5875],[75.367,34.544],[75.5375,34.531],[75.675,34.5355],[75.7115,34.5145],[75.761,34.513],[75.8615,34.569],[75.9675,34.595],[76.028,34.683],[76.06,34.689],[76.103,34.6485],[76.162,34.6335],[76.192,34.66],[76.2525,34.678],[76.2965,34.7215],[76.331,34.7195],[76.4255,34.7425],[76.437,34.7645],[76.492,34.792],[76.5945,34.751],[76.688,34.752],[76.7015,34.796],[76.7495,34.8355],[76.7635,34.8985],[76.7505,34.9265],[76.8935,34.965],[76.985,34.946],[77.0175,35.036],[77.075,35.0585],[77.089,35.0855],[77.1965,35.1105],[77.2905,35.144],[77.5045,35.279],[77.614,35.3425],[77.837,35.502]]]},"properties":{"shapeName":"DATA NOT AVAILABLE"}},
{"type":"Feature","geometry":{"type":"Polygon","coordinates":[[[75.1565,34.0705],[75.209,34.047],[75.241,34.006],[75.237,33.9325],[75.206,33.883],[75.157,33.852],[75.119,33.8475],[75.081,33.81],[75.115,33.767],[75.109,33.732],[75.138,33.6835],[75.1415,33.6415],[75.119,33.614],[75.1885,33.5665],[75.1595,33.53],[75.1515,33.507],[75.2165,33.4855],[75.289,33.4325],[75.3635,33.3655],[75.3985,33.3535],[75.453,33.3675],[75.4885,33.398],[75.4975,33.4385],[75.4805,33.4855],[75.522,33.5285],[75.543,33.5925],[75.5115,33.6205],[75.523,33.71],[75.479,33.747],[75.4915,33.7745],[75.443,33.8265],[75.4065,33.895],[75.403,33.9295],[75.4485,33.989],[75.455,34.0325],[75.529,34.047],[75.5435,34.124],[75.6035,34.196],[75.5265,34.2265],[75.492,34.2275],[75.469,34.2045],[75.412,34.226],[75.3825,34.1945],[75.338,34.197],[75.264,34.24],[75.1955,34.1945],[75.1385,34.1705],[75.1165,34.1325],[75.1485,34.1135],[75.1565,34.0705]]]},"properties":{"shapeName":"Anantnag"}},
{"type":"Feature","geometry":{"type":"Polygon","coordinates":[[[74.2655,33.9465],[74.3205,33.961],[74.3685,33.9035],[74.4405,33.892],[74.476,33.861],[74.5335,33.908],[74.5225,33.9475],[74.552,33.9855],[74.6325,34.0525],[74.7195,34.076],[74.727,34.109],[74.7065,34.124],[74.653,34.14],[74.5195,34.235],[74.524,34.3265],[74.4825,34.3645],[74.414,34.349],[74.377,34.348],[74.341,34.2745],[74.2625,34.2675],[74.1955,34.2445],[74.169,34.1905],[74.0875,34.212],[74.0045,34.196],[73.9615,34.168],[73.9045,34.106],[73.8955,34.0665],[73.9215,34.0355],[74.0015,34.0215],[74.135,34.047],[74.1975,34.043],[74.25,34.015],[74.2655,33.9465]]]},"properties":{"shapeName":"Baramula"}},
{"type":"Feature","geometry":{"type":"Polygon","coordinates":[[[75.081,33.81],[75.0595,33.7865],[75.037,33.727],[74.969,33.719],[74.971,33.67],[74.879,33.6085],[74.7535,33.6515],[74.7015,33.66],[74.628,33.639],[74.5935,33.6465],[74.5615,33.6655],[74.5735,33.613],[74.545,33.546],[74.5535,33.4945],[74.5875,33.4715],[74.639,33.464],[74.7135,33.4925],[74.8105,33.4365],[74.963,33.471],[75.0275,33.4515],[75.09,33.472],[75.0815,33.522],[75.114,33.5475],[75.1595,33.53],[75.1885,33.5665],[75.119,33.614],[75.1415,33.6415],[75.138,33.6835],[75.109,33.732],[75.115,33.767],[75.081,33.81]]]},"properties":{"shapeName":"Kulgam"}},
{"type":"Feature","geometry":{"type":"Polygon","coordinates":[[[75.0595,33.7865],[74.9505,33.762],[74.842,33.75],[74.782,33.7685],[74.737,33.7645],[74.714,33.7625],[74.5935,33.6465],[74.628,33.639],[74.7015,33.66],[74.7535,33.6515],[74.879,33.6085],[74.971,33.67],[74.969,33.719],[75.037,33.727],[75.0595,33.7865]]]},"properties":{"shapeName":"Shupiyan"}},
{"type":"Feature","geometry":{"type":"Polygon","coordinates":[[[74.639,33.464],[74.628,33.3995],[74.677,33.386],[74.689,33.3245],[74.6545,33.287],[74.6605,33.2395],[74.69,33.2175],[74.682,33.169],[74.5745,33.1745],[74.528,33.1405],[74.614,33.1195],[74.631,33.0665],[74.5655,33.044],[74.577,33.003],[74.6245,32.9785],[74.6805,33.032],[74.761,33.031],[74.8,32.9915],[74.88,32.943],[74.8985,32.9165],[74.9395,32.982],[75.0085,33.0045],[75.001,33.0325],[75.051,33.051],[75.0145,33.0835],[75.0355,33.137],[75.106,33.184],[75.14,33.2165],[75.1275,33.3],[75.049,33.3535],[75.0205,33.3995],[75.0275,33.4515],[74.963,33.471],[74.8105,33.4365],[74.7135,33.4925],[74.639,33.464]]]},"properties":{"shapeName":"Reasi"}},
{"type":"Feature","geometry":{"type":"Polygon","coordinates":[[[74.3355,32.9745],[74.368,32.9415],[74.4305,32.9475],[74.4625,32.982],[74.577,33.003],[74.5655,33.044],[74.631,33.0665],[74.614,33.1195],[74.528,33.1405],[74.5745,33.1745],[74.682,33.169],[74.69,33.2175],[74.6605,33.2395],[74.6545,33.287],[74.689,33.3245],[74.677,33.386],[74.628,33.3995],[74.639,33.464],[74.5875,33.4715],[74.532,33.4385],[74.509,33.477],[74.4505,33.523],[74.408,33.5365],[74.354,33.5305],[74.323,33.5085],[74.241,33.4945],[74.2605,33.4475],[74.2185,33.379],[74.1725,33.354],[74.131,33.3055],[74.018,33.2695],[74.002,33.24],[74.023,33.2005],[74.069,33.1965],[74.156,33.1365],[74.195,33.071],[74.301,33.0315],[74.3355,32.9745]]]},"properties":{"shapeName":"Rajouri"}},
{"type":"Feature","geometry":{"type":"Polygon","coordinates":[[[74.4605,32.7875],[74.535,32.746],[74.6305,32.7675],[74.633,32.809],[74.6585,32.83],[74.7045,32.817],[74.66,32.7345],[74.6545,32.696],[74.6965,32.666],[74.6415,32.5995],[74.683,32.513],[74.7295,32.481],[74.8125,32.48],[74.8795,32.493],[74.9005,32.535],[74.953,32.5685],[74.9215,32.594],[74.9025,32.6515],[74.9405,32.649],[74.962,32.6995],[74.9135,32.7645],[74.961,32.7765],[74.987,32.8035],[75.043,32.7415],[75.087,32.7255],[75.153,32.7675],[75.1085,32.8155],[75.0015,32.8835],[74.9575,32.9225],[74.9355,32.884],[74.8985,32.9165],[74.88,32.943],[74.8,32.9915],[74.761,33.031],[74.6805,33.032],[74.6245,32.9785],[74.577,33.003],[74.4625,32.982],[74.4305,32.9475],[74.368,32.9415],[74.3355,32.9745],[74.313,32.932],[74.416,32.897],[74.419,32.8395],[74.4605,32.7875]]]},"properties":{"shapeName":"Jammu"}},
{"type":"Feature","geometry":{"type":"Polygon","coordinates":[[[78.4005,32.5255],[78.437,32.561],[78.5,32.5815],[78.536,32.608],[78.5885,32.6155],[78.6215,32.5965],[78.663,32.6535],[78.763,32.6545],[78.793,32.618],[78.777,32.5725],[78.8275,32.4385],[78.8595,32.44],[78.904,32.3925],[78.994,32.345],[79.015,32.377],[79.061,32.39],[79.1155,32.384],[79.1475,32.4365],[79.1325,32.4705],[79.1955,32.4825],[79.2775,32.5335],[79.321,32.5925],[79.395,32.572],[79.4,32.5365],[79.4485,32.532],[79.47,32.576],[79.516,32.6075],[79.6275,32.737],[79.6035,32.7765],[79.5735,32.782],[79.4645,32.9195],[79.416,32.967],[79.384,32.972],[79.3415,33.018],[79.3825,33.0275],[79.3785,33.0785],[79.406,33.1435],[79.447,33.2055],[79.448,33.2645],[79.3705,33.282],[79.316,33.2725],[79.235,33.2975],[79.098,33.294],[79.018,33.335],[78.9905,33.3325],[78.934,33.4325],[78.941,33.526],[78.9155,33.574],[78.9175,33.622],[78.9905,33.6105],[79.066,33.6265],[79.1075,33.6165],[79.0925,33.679],[79.0545,33.6775],[79.021,33.705],[79.0435,33.749],[78.9625,33.8695],[78.95,33.916],[78.9055,33.9715],[78.941,34.0235],[79.023,34.0505],[79.0845,34.0215],[79.144,34.0345],[79.152,34.0675],[79.399,34.0265],[79.433,34.092],[79.495,34.1355],[79.495,34.1795],[79.5845,34.238],[79.5925,34.281],[79.56,34.332],[79.56,34.4105],[79.5285,34.4175],[79.509,34.4735],[79.5805,34.4895],[79.7335,34.4775],[79.7945,34.4845],[79.8105,34.5305],[79.759,34.554],[79.7935,34.589],[79.776,34.627],[79.8205,34.6465],[79.861,34.688],[79.945,34.6805],[80.0715,34.719],[80.0675,34.79],[80.0845,34.848],[80.123,34.8915],[80.171,34.988],[80.186,35.0635],[80.184,35.166],[80.229,35.2275],[80.24,35.287],[80.284,35.387],[80.2815,35.44],[80.329,35.472],[80.292,35.6065],[80.2375,35.641],[80.1245,35.6735],[80.0585,35.749],[80.0385,35.799],[79.9995,35.837],[79.956,35.837],[79.8715,35.7825],[79.7255,35.8055],[79.666,35.8345],[79.56,35.861],[79.5185,35.883],[79.4225,35.896],[79.4035,35.918],[79.387,35.9895],[79.242,35.986],[79.19,35.9465],[79.198,35.898],[79.1455,35.841],[79.0285,35.8465],[78.961,35.892],[78.9405,35.879],[78.805,35.855],[78.769,35.869],[78.6585,35.853],[78.6315,35.824],[78.581,35.8075],[78.522,35.763],[78.4235,35.7845],[78.3865,35.735],[78.3395,35.72],[78.274,35.721],[78.2555,35.645],[78.2075,35.666],[78.152,35.5775],[78.157,35.5515],[78.0785,35.5485],[78.047,35.5845],[77.967,35.5705],[77.9065,35.4685],[77.837,35.502],[77.614,35.3425],[77.5045,35.279],[77.2905,35.144],[77.1965,35.1105],[77.089,35.0855],[77.075,35.0585],[77.0175,35.036],[76.985,34.946],[76.8935,34.965],[76.7505,34.9265],[76.7635,34.8985],[76.7495,34.8355],[76.7015,34.796],[76.688,34.752],[76.5945,34.751],[76.492,34.792],[76.437,34.7645],[76.4935,34.661],[76.4755,34.6135],[76.5455,34.6165],[76.571,34.5695],[76.5925,34.4765],[76.586,34.439],[76.639,34.399],[76.739,34.3445],[76.68,34.156],[76.7015,34.082],[76.6075,34.062],[76.5965,34.007],[76.5665,34.0025],[76.535,33.9615],[76.5485,33.9245],[76.518,33.889],[76.536,33.8395],[76.604,33.826],[76.655,33.862],[76.7395,33.7935],[76.7855,33.8065],[76.872,33.776],[76.902,33.783],[76.9505,33.718],[77.0025,33.726],[77.0655,33.715],[77.105,33.6795],[77.153,33.6895],[77.2145,33.634],[77.264,33.538],[77.3155,33.5],[77.3695,33.491],[77.4425,33.5135],[77.4715,33.4465],[77.522,33.424],[77.5095,33.387],[77.558,33.35],[77.498,33.3305],[77.47,33.2815],[77.5085,33.2275],[77.507,33.174],[77.4435,33.21],[77.4085,33.199],[77.395,33.0815],[77.3465,33.0735],[77.278,32.994],[77.3275,32.896],[77.2765,32.874],[77.3745,32.8225],[77.3975,32.878],[77.444,32.881],[77.4735,32.859],[77.538,32.8845],[77.605,32.937],[77.731,32.969],[77.8085,32.9025],[77.78,32.8615],[77.8795,32.813],[77.8855,32.787],[77.9365,32.7535],[77.9215,32.6895],[77.9945,32.5885],[78.054,32.588],[78.1115,32.6585],[78.202,32.66],[78.314,32.709],[78.306,32.734],[78.39,32.758],[78.3965,32.7155],[78.3815,32.668],[78.407,32.619],[78.35,32.581],[78.315,32.5735],[78.317,32.525],[78.2965,32.504],[78.3285,32.472],[78.4005,32.5255]]]},"properties":{"shapeName":"Leh(Ladakh)"}},
{"type":"Feature","geometry":{"type":"Polygon","coordinates":[[[75.1165,34.1325],[75.025,34.132],[74.9815,34.1565],[74.8745,34.176],[74.803,34.1635],[74.727,34.109],[74.7195,34.076],[74.781,34.041],[74.745,34.005],[74.795,33.9715],[74.811,34.0125],[74.877,34.022],[74.929,33.99],[74.9695,33.99],[75.08,34.077],[75.1565,34.0705],[75.1485,34.1135],[75.1165,34.1325]]]},"properties":{"shapeName":"Srinagar"}},
{"type":"Feature","geometry":{"type":"Polygon","coordinates":[[[76.2185,33.0275],[76.2375,33.0595],[76.169,33.1475],[76.118,33.172],[76.093,33.123],[76.0165,33.103],[75.946,33.1295],[75.8485,33.1385],[75.736,33.206],[75.7025,33.2435],[75.607,33.2685],[75.527,33.3855],[75.4885,33.398],[75.453,33.3675],[75.3985,33.3535],[75.396,33.284],[75.35,33.1835],[75.376,33.0695],[75.4175,33.0525],[75.429,32.997],[75.481,32.953],[75.5675,32.967],[75.661,32.9155],[75.6875,32.8715],[75.699,32.885],[75.805,32.8935],[75.8255,32.93],[75.885,32.93],[75.9515,32.884],[76.035,32.9175],[76.1,32.9685],[76.1115,33.0045],[76.2185,33.0275]]]},"properties":{"shapeName":"Doda"}},
{"type":"Feature","geometry":{"type":"Polygon","coordinates":[[[75.1565,34.0705],[75.08,34.077],[74.9695,33.99],[74.929,33.99],[74.8715,33.879],[74.8125,33.7835],[74.737,33.7645],[74.782,33.7685],[74.842,33.75],[74.9505,33.762],[75.0595,33.7865],[75.081,33.81],[75.119,33.8475],[75.157,33.852],[75.206,33.883],[75.237,33.9325],[75.241,34.006],[75.209,34.047],[75.1565,34.0705]]]},"properties":{"shapeName":"Pulwama"}},
{"type":"Feature","geometry":{"type":"Polygon","coordinates":[[[75.1595,33.53],[75.114,33.5475],[75.0815,33.522],[75.09,33.472],[75.0275,33.4515],[75.0205,33.3995],[75.049,33.3535],[75.1275,33.3],[75.14,33.2165],[75.106,33.184],[75.221,33.146],[75.2525,33.1125],[75.376,33.0695],[75.35,33.1835],[75.396,33.284],[75.3985,33.3535],[75.3635,33.3655],[75.289,33.4325],[75.2165,33.4855],[75.1515,33.507],[75.1595,33.53]]]},"properties":{"shapeName":"Ramban"}},
{"type":"Feature","geometry":{"type":"Polygon","coordinates":[[[75.492,34.2275],[75.466,34.271],[75.4045,34.2735],[75.361,34.3255],[75.3535,34.383],[75.2615,34.35],[75.1945,34.3665],[75.1455,34.329],[75.1165,34.3345],[74.986,34.4205],[74.915,34.443],[74.8715,34.412],[74.8795,34.3505],[74.783,34.307],[74.7585,34.2785],[74.6925,34.3155],[74.6635,34.2545],[74.656,34.182],[74.7065,34.124],[74.727,34.109],[74.803,34.1635],[74.8745,34.176],[74.9815,34.1565],[75.025,34.132],[75.1165,34.1325],[75.1385,34.1705],[75.1955,34.1945],[75.264,34.24],[75.338,34.197],[75.3825,34.1945],[75.412,34.226],[75.469,34.2045],[75.492,34.2275]]]},"properties":{"shapeName":"Ganderbal"}},
{"type":"Feature","geometry":{"type":"Polygon","coordinates":[[[74.8985,32.9165],[74.9355,32.884],[74.9575,32.9225],[75.0015,32.8835],[75.1085,32.8155],[75.153,32.7675],[75.087,32.7255],[75.159,32.6725],[75.2875,32.6445],[75.3395,32.6685],[75.4795,32.6885],[75.482,32.733],[75.5085,32.7755],[75.558,32.7835],[75.584,32.7655],[75.692,32.807],[75.6875,32.8715],[75.661,32.9155],[75.5675,32.967],[75.481,32.953],[75.429,32.997],[75.4175,33.0525],[75.376,33.0695],[75.2525,33.1125],[75.221,33.146],[75.106,33.184],[75.0355,33.137],[75.0145,33.0835],[75.051,33.051],[75.001,33.0325],[75.0085,33.0045],[74.9395,32.982],[74.8985,32.9165]]]},"properties":{"shapeName":"Udhampur"}},
{"type":"Feature","geometry":{"type":"Polygon","coordinates":[[[74.476,33.861],[74.4715,33.795],[74.521,33.7435],[74.5135,33.71],[74.5615,33.6655],[74.5935,33.6465],[74.714,33.7625],[74.737,33.7645],[74.8125,33.7835],[74.8715,33.879],[74.929,33.99],[74.877,34.022],[74.811,34.0125],[74.795,33.9715],[74.745,34.005],[74.781,34.041],[74.7195,34.076],[74.6325,34.0525],[74.552,33.9855],[74.5225,33.9475],[74.5335,33.908],[74.476,33.861]]]},"properties":{"shapeName":"Badgam"}},
{"type":"Feature","geometry":{"type":"Polygon","coordinates":[[[74.1725,33.354],[74.2185,33.379],[74.2605,33.4475],[74.241,33.4945],[74.323,33.5085],[74.354,33.5305],[74.408,33.5365],[74.4505,33.523],[74.509,33.477],[74.532,33.4385],[74.5875,33.4715],[74.5535,33.4945],[74.545,33.546],[74.5735,33.613],[74.5615,33.6655],[74.5135,33.71],[74.521,33.7435],[74.4715,33.795],[74.476,33.861],[74.4405,33.892],[74.3685,33.9035],[74.3205,33.961],[74.2655,33.9465],[74.244,33.8875],[74.157,33.8315],[74.068,33.8245],[74.035,33.804],[73.9795,33.738],[73.993,33.655],[74.029,33.586],[74.0835,33.5845],[74.1575,33.544],[74.157,33.5125],[74.188,33.4795],[74.1795,33.4165],[74.197,33.3985],[74.1725,33.354]]]},"properties":{"shapeName":"Punch"}},
{"type":"Feature","geometry":{"type":"Polygon","coordinates":[[[74.0045,34.196],[74.0875,34.212],[74.169,34.1905],[74.1955,34.2445],[74.2625,34.2675],[74.341,34.2745],[74.377,34.348],[74.414,34.349],[74.465,34.4405],[74.5015,34.464],[74.4915,34.529],[74.519,34.596],[74.5155,34.7825],[74.491,34.7665],[74.3485,34.7655],[74.292,34.781],[74.248,34.75],[74.247,34.724],[74.152,34.6895],[74.114,34.6645],[74.0845,34.692],[73.986,34.711],[73.937,34.6415],[73.9575,34.6195],[73.941,34.5625],[73.902,34.547],[73.8545,34.4325],[73.8055,34.4275],[73.7685,34.386],[73.771,34.332],[73.8565,34.3315],[73.9075,34.3555],[73.976,34.265],[74.004,34.248],[74.0045,34.196]]]},"properties":{"shapeName":"Kupwara"}},
{"type":"Feature","geometry":{"type":"Polygon","coordinates":[[[74.8795,32.493],[74.952,32.4465],[75.0055,32.4575],[75.0235,32.4945],[75.1135,32.4585],[75.208,32.5645],[75.3435,32.593],[75.2875,32.6445],[75.159,32.6725],[75.087,32.7255],[75.043,32.7415],[74.987,32.8035],[74.961,32.7765],[74.9135,32.7645],[74.962,32.6995],[74.9405,32.649],[74.9025,32.6515],[74.9215,32.594],[74.953,32.5685],[74.9005,32.535],[74.8795,32.493]]]},"properties":{"shapeName":"Samba"}},
{"type":"Feature","geometry":{"type":"Polygon","coordinates":[[[74.5155,34.7825],[74.519,34.596],[74.4915,34.529],[74.5015,34.464],[74.465,34.4405],[74.414,34.349],[74.4825,34.3645],[74.524,34.3265],[74.5195,34.235],[74.653,34.14],[74.7065,34.124],[74.656,34.182],[74.6635,34.2545],[74.6925,34.3155],[74.7585,34.2785],[74.783,34.307],[74.8795,34.3505],[74.8715,34.412],[74.915,34.443],[74.986,34.4205],[75.1165,34.3345],[75.1455,34.329],[75.1945,34.3665],[75.2615,34.35],[75.3535,34.383],[75.313,34.422],[75.3165,34.4765],[75.3385,34.516],[75.305,34.5555],[75.223,34.5875],[75.177,34.642],[75.161,34.659],[75.0925,34.66],[75.027,34.631],[74.9405,34.6735],[74.728,34.692],[74.648,34.7085],[74.605,34.7675],[74.5155,34.7825]]]},"properties":{"shapeName":"Bandipore"}},
{"type":"Feature","geometry":{"type":"Polygon","coordinates":[[[75.805,32.8935],[75.699,32.885],[75.6875,32.8715],[75.692,32.807],[75.584,32.7655],[75.558,32.7835],[75.5085,32.7755],[75.482,32.733],[75.4795,32.6885],[75.3395,32.6685],[75.2875,32.6445],[75.3435,32.593],[75.208,32.5645],[75.1135,32.4585],[75.152,32.419],[75.2585,32.3725],[75.29,32.37],[75.3255,32.335],[75.348,32.345],[75.484,32.3175],[75.532,32.298],[75.5405,32.34],[75.609,32.3815],[75.6645,32.3885],[75.728,32.4175],[75.7625,32.476],[75.7955,32.4745],[75.853,32.516],[75.938,32.6475],[75.9075,32.676],[75.93,32.7565],[75.891,32.8135],[75.8385,32.8425],[75.805,32.8935]]]},"properties":{"shapeName":"Kathua"}},
{"type":"Feature","geometry":{"type":"Polygon","coordinates":[[[77.2765,32.874],[77.3275,32.896],[77.278,32.994],[77.3465,33.0735],[77.395,33.0815],[77.4085,33.199],[77.4435,33.21],[77.507,33.174],[77.5085,33.2275],[77.47,33.2815],[77.498,33.3305],[77.558,33.35],[77.5095,33.387],[77.522,33.424],[77.4715,33.4465],[77.4425,33.5135],[77.3695,33.491],[77.3155,33.5],[77.264,33.538],[77.2145,33.634],[77.153,33.6895],[77.105,33.6795],[77.0655,33.715],[77.0025,33.726],[76.9505,33.718],[76.902,33.783],[76.872,33.776],[76.7855,33.8065],[76.7395,33.7935],[76.655,33.862],[76.604,33.826],[76.536,33.8395],[76.518,33.889],[76.5485,33.9245],[76.535,33.9615],[76.5665,34.0025],[76.5965,34.007],[76.6075,34.062],[76.7015,34.082],[76.68,34.156],[76.739,34.3445],[76.639,34.399],[76.586,34.439],[76.5925,34.4765],[76.571,34.5695],[76.5455,34.6165],[76.4755,34.6135],[76.4935,34.661],[76.437,34.7645],[76.4255,34.7425],[76.331,34.7195],[76.2965,34.7215],[76.2525,34.678],[76.192,34.66],[76.162,34.6335],[76.103,34.6485],[76.06,34.689],[76.028,34.683],[75.9675,34.595],[75.8615,34.569],[75.761,34.513],[75.7115,34.5145],[75.675,34.5355],[75.5375,34.531],[75.367,34.544],[75.3045,34.5875],[75.2645,34.636],[75.177,34.642],[75.223,34.5875],[75.305,34.5555],[75.3385,34.516],[75.3165,34.4765],[75.313,34.422],[75.3535,34.383],[75.361,34.3255],[75.4045,34.2735],[75.466,34.271],[75.492,34.2275],[75.5265,34.2265],[75.6035,34.196],[75.6655,34.2125],[75.7045,34.1995],[75.6865,34.1385],[75.7315,34.096],[75.748,34.05],[75.836,34.0025],[75.853,33.9645],[75.9115,33.9705],[75.9675,33.953],[76.021,33.9755],[76.042,33.908],[76.1325,33.872],[76.1565,33.7905],[76.206,33.751],[76.2635,33.7315],[76.2625,33.659],[76.278,33.638],[76.224,33.6095],[76.2315,33.5785],[76.194,33.543],[76.2115,33.52],[76.299,33.545],[76.2955,33.579],[76.348,33.5825],[76.376,33.5265],[76.4995,33.4895],[76.581,33.397],[76.621,33.4135],[76.656,33.33],[76.7185,33.3045],[76.737,33.2445],[76.781,33.238],[76.83,33.214],[76.822,33.154],[76.871,33.11],[76.896,33.1125],[76.936,33.032],[77.017,32.9875],[77.0535,32.9975],[77.0935,32.971],[77.155,32.978],[77.169,32.918],[77.2765,32.874]]]},"properties":{"shapeName":"Kargil"}},
{"type":"Feature","geometry":{"type":"Polygon","coordinates":[[[76.7485,33.178],[76.781,33.238],[76.737,33.2445],[76.7185,33.3045],[76.656,33.33],[76.621,33.4135],[76.581,33.397],[76.4995,33.4895],[76.376,33.5265],[76.348,33.5825],[76.2955,33.579],[76.299,33.545],[76.2115,33.52],[76.194,33.543],[76.2315,33.5785],[76.224,33.6095],[76.278,33.638],[76.2625,33.659],[76.2635,33.7315],[76.206,33.751],[76.1565,33.7905],[76.1325,33.872],[76.042,33.908],[76.021,33.9755],[75.9675,33.953],[75.9115,33.9705],[75.853,33.9645],[75.836,34.0025],[75.748,34.05],[75.7315,34.096],[75.6865,34.1385],[75.7045,34.1995],[75.6655,34.2125],[75.6035,34.196],[75.5435,34.124],[75.529,34.047],[75.455,34.0325],[75.4485,33.989],[75.403,33.9295],[75.4065,33.895],[75.443,33.8265],[75.4915,33.7745],[75.479,33.747],[75.523,33.71],[75.5115,33.6205],[75.543,33.5925],[75.522,33.5285],[75.4805,33.4855],[75.4975,33.4385],[75.4885,33.398],[75.527,33.3855],[75.607,33.2685],[75.7025,33.2435],[75.736,33.206],[75.8485,33.1385],[75.946,33.1295],[76.0165,33.103],[76.093,33.123],[76.118,33.172],[76.169,33.1475],[76.2375,33.0595],[76.2185,33.0275],[76.2555,33.032],[76.2935,33.1035],[76.41,33.186],[76.4875,33.179],[76.566,33.2085],[76.6005,33.206],[76.6455,33.1615],[76.7485,33.178]]]},"properties":{"shapeName":"Kishtwar"}},
{"type":"Feature","geometry":{"type":"Polygon","coordinates":[[[72.778,20.3375],[72.8845,20.3655],[72.918,20.423],[72.8945,20.468],[72.852,20.4645],[72.83,20.4445],[72.821,20.3675],[72.778,20.3375]]]},"properties":{"shapeName":"Daman"}},
{"type":"Feature","geometry":{"type":"Polygon","coordinates":[[[71.008,20.738],[70.92,20.7445],[70.871,20.708],[70.994,20.711],[71.008,20.738]]]},"properties":{"shapeName":"Diu"}},
{"type":"Feature","geometry":{"type":"Polygon","coordinates":[[[71.6795,21.0005],[71.76,21.0225],[71.8045,21.0615],[71.8795,21.0905],[71.899,21.1095],[71.9655,21.124],[72.1225,21.2005],[72.139,21.3455],[72.214,21.4245],[72.2545,21.5005],[72.273,21.578],[72.3035,21.619],[72.27,21.7095],[72.277,21.7205],[72.249,21.8925],[72.2215,21.9455],[72.166,21.959],[72.178,21.994],[72.126,22.058],[72.0785,22.0615],[72.0605,22.101],[71.9825,22.1055],[71.9075,22.125],[71.858,22.055],[71.8675,22.0115],[71.805,22.0245],[71.7485,22.019],[71.6765,21.9435],[71.691,21.9095],[71.667,21.852],[71.6025,21.8145],[71.6125,21.745],[71.6405,21.7045],[71.5915,21.6995],[71.59,21.6595],[71.553,21.616],[71.5385,21.5535],[71.501,21.5435],[71.4795,21.484],[71.5315,21.445],[71.6145,21.44],[71.631,21.3905],[71.6215,21.326],[71.5715,21.292],[71.5355,21.2935],[71.518,21.221],[71.5195,21.1755],[71.5515,21.171],[71.626,21.108],[71.6415,21.032],[71.6795,21.0005]]]},"properties":{"shapeName":"Bhavnagar"}},
{"type":"Feature","geometry":{"type":"MultiPolygon","coordinates":[[[[72.2215,21.9455],[72.2395,22.0605],[72.285,22.08],[72.312,22.1685],[72.357,22.2055],[72.3715,22.2575],[72.3515,22.291],[72.3965,22.3645],[72.369,22.4065],[72.3785,22.4725],[72.4415,22.505],[72.426,22.561],[72.5085,22.6135],[72.551,22.672],[72.525,22.711],[72.5355,22.7685],[72.525,22.798],[72.573,22.825],[72.6105,22.8265],[72.602,22.8675],[72.6515,22.8975],[72.7055,22.885],[72.734,22.9135],[72.7925,22.908],[72.8445,22.9655],[72.842,22.9935],[72.7955,23.043],[72.767,23.094],[72.703,23.11],[72.6175,23.118],[72.558,23.1355],[72.5175,23.1675],[72.4745,23.127],[72.486,23.0875],[72.469,23.06],[72.407,23.0675],[72.336,23.1075],[72.287,23.075],[72.261,23.1045],[72.1885,23.144],[72.171,23.1955],[72.1855,23.2155],[72.177,23.2675],[72.2095,23.3085],[72.2655,23.3465],[72.2625,23.37],[72.2995,23.4135],[72.246,23.439],[72.1865,23.413],[72.1685,23.441],[72.0995,23.459],[72.038,23.458],[72.034,23.5085],[72.001,23.504],[71.969,23.46],[71.9605,23.3935],[71.876,23.384],[71.897,23.3335],[71.8765,23.279],[71.9345,23.2675],[71.944,23.2455],[72.0005,23.25],[71.9915,23.216],[71.9115,23.1815],[71.902,23.111],[71.916,23.0795],[72.017,23.0565],[72.0215,22.9925],[71.9905,22.9495],[72.004,22.924],[71.9845,22.87],[71.9835,22.8175],[72.004,22.7895],[72.002,22.706],[72.1075,22.721],[72.091,22.676],[72.0575,22.694],[72.0665,22.5945],[72.0975,22.6055],[72.17,22.57],[72.188,22.542],[72.144,22.5145],[72.1625,22.48],[72.0855,22.4375],[72.0515,22.445],[72.0325,22.507],[71.923,22.5215],[71.9095,22.4805],[71.9245,22.45],[71.852,22.3895],[71.85,22.3685],[71.857,22.261],[72.055,22.25],[72.1285,22.1995],[72.1085,22.168],[72.161,22.1475],[72.122,22.11],[72.0605,22.101],[72.0785,22.0615],[72.126,22.058],[72.178,21.994],[72.166,21.959],[72.2215,21.9455]]],[[[72.3465,21.8035],[72.403,21.9295],[72.3985,21.989],[72.337,21.9965],[72.3095,21.979],[72.294,21.915],[72.318,21.82],[72.3465,21.8035]]]]},"properties":{"shapeName":"Ahmadabad"}},
{"type":"Feature","geometry":{"type":"Polygon","coordinates":[[[74.064,22.5495],[74.038,22.5705],[73.9095,22.508],[73.8535,22.5115],[73.811,22.548],[73.7595,22.5465],[73.7335,22.5155],[73.7305,22.455],[73.755,22.3455],[73.7305,22.335],[73.732,22.2905],[73.6635,22.2855],[73.66,22.335],[73.7055,22.3575],[73.645,22.385],[73.62,22.3595],[73.6315,22.323],[73.567,22.327],[73.547,22.2735],[73.493,22.2235],[73.5125,22.141],[73.503,22.0765],[73.527,22.051],[73.5485,22.046],[73.6105,22.076],[73.657,22.0605],[73.687,21.9855],[73.736,21.979],[73.8095,21.9275],[73.8605,21.9505],[73.945,21.8695],[74.043,21.922],[74.145,21.953],[74.153,21.9845],[74.1025,21.9985],[74.16,22.0595],[74.1295,22.095],[74.1195,22.2115],[74.07,22.2285],[74.0565,22.2855],[74.069,22.359],[74.107,22.371],[74.1325,22.332],[74.1885,22.3205],[74.211,22.358],[74.2715,22.3915],[74.235,22.438],[74.102,22.432],[74.064,22.5495]]]},"properties":{"shapeName":"Chhota Udaipur"}},
{"type":"Feature","geometry":{"type":"Polygon","coordinates":[[[72.0605,22.101],[72.122,22.11],[72.161,22.1475],[72.1085,22.168],[72.1285,22.1995],[72.055,22.25],[71.857,22.261],[71.85,22.3685],[71.8285,22.3935],[71.7355,22.361],[71.704,22.3965],[71.644,22.4],[71.5965,22.3505],[71.531,22.3435],[71.497,22.3085],[71.441,22.2895],[71.435,22.2615],[71.48,22.1845],[71.471,22.1375],[71.5015,22.1115],[71.5055,22.0535],[71.4555,22.0305],[71.461,22.007],[71.3935,21.9785],[71.4655,21.9245],[71.454,21.866],[71.47,21.799],[71.493,21.8025],[71.5645,21.74],[71.5915,21.6995],[71.6405,21.7045],[71.6125,21.745],[71.6025,21.8145],[71.667,21.852],[71.691,21.9095],[71.6765,21.9435],[71.7485,22.019],[71.805,22.0245],[71.8675,22.0115],[71.858,22.055],[71.9075,22.125],[71.9825,22.1055],[72.0605,22.101]]]},"properties":{"shapeName":"Batod"}},
{"type":"Feature","geometry":{"type":"Polygon","coordinates":[[[73.567,22.327],[73.4865,22.3465],[73.4235,22.427],[73.4325,22.457],[73.408,22.504],[73.4215,22.548],[73.3745,22.5535],[73.3875,22.623],[73.417,22.6595],[73.394,22.684],[73.3875,22.739],[73.4285,22.7585],[73.3875,22.807],[73.3525,22.7895],[73.262,22.7675],[73.2545,22.716],[73.27,22.675],[73.231,22.6345],[73.1585,22.5835],[73.1405,22.5275],[73.0905,22.499],[73.095,22.455],[73.069,22.4265],[73.051,22.365],[73.064,22.314],[73.0015,22.2585],[72.8925,22.26],[72.8425,22.2735],[72.7715,22.2385],[72.7795,22.207],[72.759,22.1735],[72.797,22.154],[72.843,22.178],[72.8695,22.156],[72.9085,22.067],[72.937,22.0395],[72.992,22.027],[73.053,21.9765],[73.001,21.913],[73.0675,21.9125],[73.0645,21.881],[73.1295,21.876],[73.2115,21.8205],[73.2535,21.863],[73.228,21.9165],[73.269,21.9305],[73.301,21.89],[73.3545,21.8825],[73.368,21.928],[73.4345,21.9145],[73.453,21.9765],[73.499,21.9685],[73.527,22.051],[73.503,22.0765],[73.5125,22.141],[73.493,22.2235],[73.547,22.2735],[73.567,22.327]]]},"properties":{"shapeName":"Vadodara"}},
{"type":"Feature","geometry":{"type":"Polygon","coordinates":[[[73.2745,23.0605],[73.3305,23.0825],[73.342,23.1295],[73.375,23.139],[73.3775,23.173],[73.345,23.201],[73.3765,23.2375],[73.459,23.285],[73.5275,23.286],[73.568,23.3475],[73.6155,23.3905],[73.63,23.4515],[73.655,23.515],[73.6345,23.53],[73.6585,23.622],[73.6165,23.6505],[73.568,23.6525],[73.524,23.61],[73.4985,23.633],[73.5075,23.696],[73.4765,23.7085],[73.448,23.752],[73.3675,23.814],[73.357,23.854],[73.384,23.9055],[73.3585,23.9085],[73.2705,23.849],[73.2465,23.886],[73.204,23.8225],[73.1835,23.8215],[73.139,23.7695],[73.128,23.7215],[73.1605,23.649],[73.21,23.6145],[73.208,23.588],[73.1605,23.5385],[73.155,23.476],[73.1195,23.463],[73.1335,23.3785],[73.0875,23.3665],[73.1045,23.3235],[73.092,23.275],[73.0605,23.2545],[73.0155,23.278],[72.998,23.2585],[72.975,23.1675],[73.0165,23.161],[73.07,23.1615],[73.1585,23.19],[73.175,23.1425],[73.2745,23.0605]]]},"properties":{"shapeName":"Aravali"}},
{"type":"Feature","geometry":{"type":"Polygon","coordinates":[[[73.384,23.9055],[73.4175,23.923],[73.4115,24.0505],[73.3325,24.1145],[73.324,24.062],[73.2885,24.027],[73.243,24.0105],[73.198,24.0575],[73.221,24.098],[73.169,24.111],[73.1205,24.1405],[73.0795,24.185],[73.1135,24.2625],[73.171,24.301],[73.1845,24.335],[73.0825,24.3945],[73.104,24.4205],[73.092,24.495],[73.0485,24.4655],[73.01,24.4825],[72.978,24.4515],[72.988,24.4215],[72.9615,24.3925],[72.9625,24.3515],[72.97,24.3035],[73.031,24.281],[72.9815,24.166],[72.9495,24.128],[72.9185,24.0375],[72.8665,24.0165],[72.8495,23.971],[72.817,23.945],[72.7895,23.8335],[72.81,23.793],[72.799,23.74],[72.8345,23.67],[72.819,23.634],[72.842,23.603],[72.808,23.583],[72.8315,23.5405],[72.803,23.5025],[72.818,23.4575],[72.7975,23.4235],[72.733,23.3985],[72.7645,23.353],[72.8085,23.352],[72.8625,23.313],[72.9135,23.3195],[72.936,23.2425],[73.0155,23.278],[73.0605,23.2545],[73.092,23.275],[73.1045,23.3235],[73.0875,23.3665],[73.1335,23.3785],[73.1195,23.463],[73.155,23.476],[73.1605,23.5385],[73.208,23.588],[73.21,23.6145],[73.1605,23.649],[73.128,23.7215],[73.139,23.7695],[73.1835,23.8215],[73.204,23.8225],[73.2465,23.886],[73.2705,23.849],[73.3585,23.9085],[73.384,23.9055]]]},"properties":{"shapeName":"Sabar Kantha"}},
{"type":"Feature","geometry":{"type":"Polygon","coordinates":[[[72.9625,24.3515],[72.921,24.327],[72.865,24.3665],[72.729,24.362],[72.655,24.4575],[72.5845,24.474],[72.5405,24.5085],[72.4965,24.452],[72.506,24.42],[72.4605,24.409],[72.4325,24.4625],[72.444,24.495],[72.382,24.5025],[72.3535,24.5545],[72.2905,24.5405],[72.2465,24.5825],[72.275,24.602],[72.3095,24.5875],[72.336,24.625],[72.311,24.611],[72.2255,24.6355],[72.181,24.612],[72.146,24.6365],[72.08,24.6555],[72.0805,24.7],[72.0475,24.709],[71.989,24.6805],[71.988,24.6565],[71.929,24.63],[71.9205,24.6655],[71.8655,24.6755],[71.863,24.627],[71.806,24.6255],[71.779,24.6725],[71.6555,24.6375],[71.6105,24.675],[71.4815,24.6785],[71.376,24.627],[71.3495,24.6595],[71.2905,24.613],[71.313,24.559],[71.268,24.546],[71.261,24.5125],[71.3505,24.518],[71.33,24.4435],[71.332,24.3955],[71.38,24.3915],[71.3785,24.332],[71.3075,24.304],[71.326,24.203],[71.2805,24.138],[71.338,24.1335],[71.318,24.07],[71.329,24.05],[71.2875,23.999],[71.3175,23.982],[71.446,23.9415],[71.4445,23.983],[71.589,23.977],[71.6025,23.9435],[71.6705,23.971],[71.718,23.9265],[71.7105,23.882],[71.7545,23.842],[71.9735,23.8925],[71.9305,23.953],[71.9165,23.995],[72.0375,23.983],[72.021,24.019],[72.0995,24.048],[72.127,24.0405],[72.1655,24.075],[72.155,24.1145],[72.218,24.1045],[72.232,24.0655],[72.3555,24.0255],[72.3685,23.9675],[72.4285,23.979],[72.473,23.9605],[72.4795,23.9305],[72.567,23.9325],[72.593,23.977],[72.646,23.9895],[72.624,24.041],[72.7365,24.0845],[72.7935,24.082],[72.823,24.0355],[72.8665,24.0165],[72.9185,24.0375],[72.9495,24.128],[72.9815,24.166],[73.031,24.281],[72.97,24.3035],[72.9625,24.3515]]]},"properties":{"shapeName":"Banas Kantha"}},
{"type":"Feature","geometry":{"type":"Polygon","coordinates":[[[72.001,23.504],[71.971,23.532],[71.9435,23.5075],[71.865,23.4755],[71.8505,23.439],[71.808,23.403],[71.7645,23.4095],[71.769,23.471],[71.6155,23.504],[71.5375,23.484],[71.5985,23.432],[71.586,23.3635],[71.619,23.3625],[71.646,23.3325],[71.65,23.2915],[71.6195,23.23],[71.647,23.184],[71.6265,23.1455],[71.595,23.138],[71.535,23.1665],[71.47,23.1465],[71.306,23.172],[71.3585,23.122],[71.297,23.077],[71.2945,23.021],[71.3155,22.9895],[71.2615,22.875],[71.254,22.8395],[71.2245,22.8245],[71.1315,22.835],[71.125,22.7565],[71.1635,22.681],[71.1115,22.64],[71.077,22.557],[71.1025,22.513],[71.136,22.5425],[71.1645,22.5015],[71.1325,22.4785],[71.1235,22.436],[71.078,22.4045],[71.0255,22.4385],[70.9835,22.4125],[71.013,22.4105],[71.0235,22.33],[71.063,22.304],[71.062,22.278],[71.106,22.2485],[71.157,22.167],[71.1895,22.174],[71.291,22.164],[71.284,22.211],[71.22,22.2215],[71.2335,22.277],[71.308,22.2815],[71.3435,22.2595],[71.389,22.276],[71.435,22.2615],[71.441,22.2895],[71.497,22.3085],[71.531,22.3435],[71.5965,22.3505],[71.644,22.4],[71.704,22.3965],[71.7355,22.361],[71.8285,22.3935],[71.85,22.3685],[71.852,22.3895],[71.9245,22.45],[71.9095,22.4805],[71.923,22.5215],[72.0325,22.507],[72.0515,22.445],[72.0855,22.4375],[72.1625,22.48],[72.144,22.5145],[72.188,22.542],[72.17,22.57],[72.0975,22.6055],[72.0665,22.5945],[72.0575,22.694],[72.091,22.676],[72.1075,22.721],[72.002,22.706],[72.004,22.7895],[71.9835,22.8175],[71.9845,22.87],[72.004,22.924],[71.9905,22.9495],[72.0215,22.9925],[72.017,23.0565],[71.916,23.0795],[71.902,23.111],[71.9115,23.1815],[71.9915,23.216],[72.0005,23.25],[71.944,23.2455],[71.9345,23.2675],[71.8765,23.279],[71.897,23.3335],[71.876,23.384],[71.9605,23.3935],[71.969,23.46],[72.001,23.504]]]},"properties":{"shapeName":"Surendranagar"}},
{"type":"Feature","geometry":{"type":"Polygon","coordinates":[[[72.3965,22.3645],[72.389,22.3155],[72.432,22.303],[72.4675,22.2585],[72.4995,22.2535],[72.541,22.281],[72.6565,22.2805],[72.678,22.2525],[72.7155,22.2585],[72.7715,22.2385],[72.8425,22.2735],[72.8925,22.26],[73.0015,22.2585],[73.064,22.314],[73.051,22.365],[73.069,22.4265],[73.095,22.455],[73.0905,22.499],[73.1405,22.5275],[73.1585,22.5835],[73.231,22.6345],[73.2055,22.682],[73.163,22.6815],[73.1325,22.722],[73.006,22.7155],[72.9715,22.635],[72.9345,22.6255],[72.9225,22.5945],[72.875,22.5815],[72.7975,22.6395],[72.6855,22.6285],[72.6915,22.59],[72.6195,22.513],[72.577,22.504],[72.554,22.568],[72.5085,22.6135],[72.426,22.561],[72.4415,22.505],[72.3785,22.4725],[72.369,22.4065],[72.3965,22.3645]]]},"properties":{"shapeName":"Anand"}},
{"type":"Feature","geometry":{"type":"Polygon","coordinates":[[[73.527,22.051],[73.499,21.9685],[73.453,21.9765],[73.4345,21.9145],[73.368,21.928],[73.3545,21.8825],[73.301,21.89],[73.313,21.8265],[73.369,21.801],[73.41,21.747],[73.412,21.71],[73.468,21.7195],[73.49,21.7035],[73.4855,21.6105],[73.4525,21.5695],[73.4525,21.523],[73.4805,21.4935],[73.563,21.4725],[73.6805,21.471],[73.701,21.3955],[73.7835,21.412],[73.819,21.4005],[73.886,21.451],[73.9725,21.461],[73.9835,21.5215],[73.933,21.52],[73.856,21.495],[73.8185,21.6],[73.8245,21.639],[73.881,21.6445],[73.886,21.71],[73.842,21.7415],[73.8285,21.8065],[73.837,21.8375],[73.8755,21.838],[73.945,21.8695],[73.8605,21.9505],[73.8095,21.9275],[73.736,21.979],[73.687,21.9855],[73.657,22.0605],[73.6105,22.076],[73.5485,22.046],[73.527,22.051]]]},"properties":{"shapeName":"Narmada"}},
{"type":"Feature","geometry":{"type":"Polygon","coordinates":[[[71.5915,21.6995],[71.5645,21.74],[71.493,21.8025],[71.47,21.799],[71.454,21.866],[71.4655,21.9245],[71.3935,21.9785],[71.3455,21.985],[71.3085,22.0425],[71.276,22.017],[71.298,21.9745],[71.266,21.9575],[71.249,22.0095],[71.2,22.0005],[71.202,21.974],[71.06,21.9035],[71.048,21.7565],[70.993,21.732],[70.8955,21.764],[70.8865,21.735],[70.827,21.7435],[70.8025,21.713],[70.7945,21.666],[70.8635,21.601],[70.895,21.5355],[70.852,21.532],[70.833,21.4925],[70.888,21.442],[70.925,21.4625],[70.9495,21.3975],[70.871,21.375],[70.8925,21.2695],[70.827,21.2625],[70.805,21.2325],[70.8355,21.189],[70.8935,21.187],[70.975,21.1655],[71.0055,21.169],[71.127,21.077],[71.149,21.0325],[71.128,20.9645],[71.144,20.9515],[71.199,20.979],[71.2255,20.9575],[71.1965,20.9005],[71.2245,20.8245],[71.2095,20.8015],[71.3215,20.8465],[71.4625,20.8815],[71.5195,20.951],[71.538,20.946],[71.626,20.969],[71.6795,21.0005],[71.6415,21.032],[71.626,21.108],[71.5515,21.171],[71.5195,21.1755],[71.518,21.221],[71.5355,21.2935],[71.5715,21.292],[71.6215,21.326],[71.631,21.3905],[71.6145,21.44],[71.5315,21.445],[71.4795,21.484],[71.501,21.5435],[71.5385,21.5535],[71.553,21.616],[71.59,21.6595],[71.5915,21.6995]]]},"properties":{"shapeName":"Amreli"}},
{"type":"Feature","geometry":{"type":"Polygon","coordinates":[[[74.3215,23.061],[74.281,23.093],[74.2865,23.117],[74.2485,23.1765],[74.206,23.1905],[74.1815,23.1505],[74.125,23.177],[74.1345,23.263],[74.105,23.2925],[74.047,23.2935],[74.001,23.335],[73.962,23.2215],[73.9675,23.1755],[73.99,23.1605],[74.0025,23.0795],[73.9605,23.1105],[73.908,23.0775],[73.9075,23.0475],[73.9085,22.983],[73.891,22.9485],[73.8825,22.8675],[73.8415,22.8235],[73.8225,22.779],[73.8505,22.753],[73.8295,22.6565],[73.856,22.5645],[73.811,22.548],[73.8535,22.5115],[73.9095,22.508],[74.038,22.5705],[74.064,22.5495],[74.125,22.523],[74.2115,22.566],[74.2345,22.6125],[74.276,22.646],[74.3795,22.637],[74.4015,22.729],[74.4635,22.813],[74.4775,22.8565],[74.4615,22.9115],[74.38,22.908],[74.34,22.963],[74.3695,22.978],[74.3215,23.061]]]},"properties":{"shapeName":"Dohad"}},
{"type":"Feature","geometry":{"type":"Polygon","coordinates":[[[71.435,22.2615],[71.389,22.276],[71.3435,22.2595],[71.308,22.2815],[71.2335,22.277],[71.22,22.2215],[71.284,22.211],[71.291,22.164],[71.1895,22.174],[71.157,22.167],[71.106,22.2485],[71.062,22.278],[71.063,22.304],[71.0235,22.33],[71.013,22.4105],[70.9835,22.4125],[70.8675,22.465],[70.8535,22.51],[70.7925,22.474],[70.7935,22.426],[70.742,22.3845],[70.704,22.413],[70.671,22.4835],[70.6245,22.5515],[70.639,22.579],[70.564,22.598],[70.538,22.5295],[70.5875,22.4865],[70.497,22.475],[70.4725,22.4255],[70.4755,22.376],[70.5185,22.3595],[70.4935,22.297],[70.523,22.246],[70.5765,22.2385],[70.586,22.168],[70.563,22.1435],[70.5575,22.0955],[70.523,22.0485],[70.458,22.053],[70.4165,22.029],[70.3305,22.049],[70.328,22.018],[70.2655,22.003],[70.253,21.968],[70.217,21.9655],[70.217,21.908],[70.1795,21.8945],[70.146,21.941],[70.129,21.8655],[70.099,21.848],[70.091,21.8005],[70.0315,21.7915],[70.0765,21.733],[70.1205,21.706],[70.1495,21.662],[70.1285,21.638],[70.164,21.6125],[70.23,21.636],[70.2635,21.6135],[70.2465,21.566],[70.26,21.5265],[70.2955,21.5465],[70.303,21.5875],[70.3675,21.598],[70.369,21.6375],[70.438,21.659],[70.5455,21.645],[70.6125,21.625],[70.6425,21.651],[70.722,21.611],[70.7335,21.6415],[70.7945,21.666],[70.8025,21.713],[70.827,21.7435],[70.8865,21.735],[70.8955,21.764],[70.993,21.732],[71.048,21.7565],[71.06,21.9035],[71.202,21.974],[71.2,22.0005],[71.249,22.0095],[71.266,21.9575],[71.298,21.9745],[71.276,22.017],[71.3085,22.0425],[71.3455,21.985],[71.3935,21.9785],[71.461,22.007],[71.4555,22.0305],[71.5055,22.0535],[71.5015,22.1115],[71.471,22.1375],[71.48,22.1845],[71.435,22.2615]]]},"properties":{"shapeName":"Rajkot"}},
{"type":"Feature","geometry":{"type":"MultiPolygon","coordinates":[[[[71.2905,24.613],[71.1895,24.649],[71.113,24.6705],[71.0975,24.689],[71.0245,24.6395],[70.988,24.596],[71.008,24.5285],[71,24.4485],[71.0365,24.4345],[71.1035,24.437],[71.085,24.393],[71.042,24.3495],[70.985,24.3635],[70.876,24.2945],[70.909,24.259],[70.806,24.2195],[70.716,24.2135],[70.644,24.223],[70.5705,24.2505],[70.583,24.278],[70.56,24.354],[70.593,24.4095],[70.573,24.4195],[70.4055,24.37],[70.367,24.3485],[70.3025,24.3445],[70.168,24.3025],[70.11,24.291],[70.068,24.198],[70.0255,24.1695],[69.731,24.1695],[69.5935,24.291],[69.512,24.2685],[69.446,24.279],[69.3665,24.2685],[69.313,24.28],[69.194,24.235],[69.0965,24.272],[69.0135,24.223],[68.9835,24.227],[68.945,24.3005],[68.8945,24.2625],[68.8565,24.214],[68.829,24.314],[68.7725,24.299],[68.7535,23.971],[68.6475,23.971],[68.5965,23.963],[68.595,23.925],[68.559,23.9235],[68.505,23.963],[68.4845,23.9995],[68.432,23.996],[68.3985,23.969],[68.375,23.991],[68.3405,23.964],[68.3215,23.9225],[68.283,23.9315],[68.2095,23.877],[68.2025,23.781],[68.1795,23.741],[68.273,23.656],[68.2185,23.652],[68.1925,23.6285],[68.1995,23.595],[68.2715,23.571],[68.3215,23.58],[68.3655,23.622],[68.4135,23.713],[68.436,23.7285],[68.489,23.7225],[68.5425,23.7655],[68.5895,23.8415],[68.63,23.8395],[68.678,23.8655],[68.7865,23.883],[68.7525,23.8325],[68.6505,23.805],[68.6275,23.7435],[68.552,23.723],[68.5245,23.642],[68.486,23.5845],[68.487,23.533],[68.5485,23.3895],[68.587,23.345],[68.634,23.3345],[68.636,23.2425],[68.588,23.219],[68.663,23.145],[68.7625,23.078],[68.8235,23.0515],[68.962,22.97],[69.023,22.9425],[69.1965,22.839],[69.2725,22.826],[69.3145,22.8325],[69.412,22.806],[69.484,22.773],[69.5475,22.7865],[69.6035,22.7575],[69.7145,22.735],[69.7485,22.812],[69.8665,22.8675],[69.909,22.863],[69.957,22.893],[70.106,22.91],[70.1515,22.942],[70.2205,22.956],[70.235,22.984],[70.282,22.945],[70.3335,22.9305],[70.3845,22.945],[70.4005,23.0285],[70.4455,23.065],[70.4945,23.0785],[70.472,23.012],[70.433,22.9785],[70.542,22.9595],[70.5555,23.0185],[70.596,23.0565],[70.687,23.1145],[70.7795,23.1595],[70.8325,23.126],[70.9845,23.1735],[71.046,23.1715],[71.14,23.2095],[71.1945,23.191],[71.216,23.1495],[71.306,23.172],[71.47,23.1465],[71.535,23.1665],[71.595,23.138],[71.6265,23.1455],[71.647,23.184],[71.6195,23.23],[71.65,23.2915],[71.646,23.3325],[71.619,23.3625],[71.586,23.3635],[71.5985,23.432],[71.5375,23.484],[71.498,23.5055],[71.4475,23.481],[71.4575,23.5625],[71.423,23.5675],[71.378,23.645],[71.305,23.647],[71.25,23.694],[71.2935,23.7315],[71.277,23.756],[71.213,23.754],[71.1255,23.7165],[71.1145,23.6835],[71.1265,23.636],[71.044,23.647],[71.093,23.6845],[71.061,23.702],[71.0705,23.734],[71.056,23.779],[71.0635,23.836],[71.1015,23.901],[71.213,23.931],[71.266,23.922],[71.3175,23.982],[71.2875,23.999],[71.329,24.05],[71.318,24.07],[71.338,24.1335],[71.2805,24.138],[71.326,24.203],[71.3075,24.304],[71.3785,24.332],[71.38,24.3915],[71.332,24.3955],[71.33,24.4435],[71.3505,24.518],[71.261,24.5125],[71.268,24.546],[71.313,24.559],[71.2905,24.613]]],[[[70.5375,22.924],[70.433,22.96],[70.424,22.9325],[70.381,22.906],[70.2765,22.7365],[70.3185,22.7455],[70.3255,22.7125],[70.3715,22.696],[70.3665,22.7725],[70.387,22.8065],[70.471,22.838],[70.494,22.898],[70.5375,22.924]]]]},"properties":{"shapeName":"Kachchh"}},
{"type":"Feature","geometry":{"type":"Polygon","coordinates":[[[73.5005,20.819],[73.494,20.7605],[73.4685,20.722],[73.4805,20.6755],[73.5425,20.6625],[73.6195,20.621],[73.6305,20.5795],[73.6595,20.563],[73.695,20.5785],[73.742,20.5675],[73.79,20.605],[73.8405,20.6235],[73.837,20.702],[73.8835,20.731],[73.9155,20.723],[73.9355,20.7685],[73.94,20.8395],[73.926,20.8855],[73.891,20.9325],[73.797,20.958],[73.789,20.987],[73.7515,21.0045],[73.6545,21.001],[73.636,20.972],[73.571,21.012],[73.5475,21.006],[73.5325,20.9365],[73.4965,20.9175],[73.5005,20.819]]]},"properties":{"shapeName":"The Dangs"}},
{"type":"Feature","geometry":{"type":"Polygon","coordinates":[[[72.336,23.1075],[72.3695,23.103],[72.4285,23.1435],[72.3865,23.1745],[72.439,23.2155],[72.4135,23.2755],[72.426,23.3045],[72.475,23.3015],[72.504,23.383],[72.565,23.45],[72.59,23.459],[72.5975,23.521],[72.633,23.5525],[72.6905,23.554],[72.734,23.5235],[72.782,23.539],[72.803,23.5025],[72.8315,23.5405],[72.808,23.583],[72.842,23.603],[72.819,23.634],[72.8345,23.67],[72.799,23.74],[72.81,23.793],[72.7895,23.8335],[72.817,23.945],[72.8495,23.971],[72.8665,24.0165],[72.823,24.0355],[72.7935,24.082],[72.7365,24.0845],[72.624,24.041],[72.646,23.9895],[72.593,23.977],[72.567,23.9325],[72.4795,23.9305],[72.4145,23.904],[72.4,23.8775],[72.3535,23.8845],[72.2995,23.8545],[72.3155,23.815],[72.297,23.7955],[72.317,23.754],[72.2815,23.7265],[72.2755,23.676],[72.3075,23.673],[72.2925,23.622],[72.2385,23.643],[72.1545,23.606],[72.115,23.602],[72.1005,23.5715],[72.014,23.632],[71.958,23.5915],[71.971,23.532],[72.001,23.504],[72.034,23.5085],[72.038,23.458],[72.0995,23.459],[72.1685,23.441],[72.1865,23.413],[72.246,23.439],[72.2995,23.4135],[72.2625,23.37],[72.2655,23.3465],[72.2095,23.3085],[72.177,23.2675],[72.1855,23.2155],[72.171,23.1955],[72.1885,23.144],[72.261,23.1045],[72.287,23.075],[72.336,23.1075]]]},"properties":{"shapeName":"Mahesana"}},
{"type":"Feature","geometry":{"type":"Polygon","coordinates":[[[71.3175,23.982],[71.266,23.922],[71.213,23.931],[71.1015,23.901],[71.0635,23.836],[71.056,23.779],[71.0705,23.734],[71.061,23.702],[71.093,23.6845],[71.044,23.647],[71.1265,23.636],[71.1145,23.6835],[71.1255,23.7165],[71.213,23.754],[71.277,23.756],[71.2935,23.7315],[71.25,23.694],[71.305,23.647],[71.378,23.645],[71.423,23.5675],[71.4575,23.5625],[71.4475,23.481],[71.498,23.5055],[71.5375,23.484],[71.6155,23.504],[71.769,23.471],[71.7645,23.4095],[71.808,23.403],[71.8505,23.439],[71.865,23.4755],[71.9435,23.5075],[71.971,23.532],[71.958,23.5915],[72.014,23.632],[72.1005,23.5715],[72.115,23.602],[72.1545,23.606],[72.2385,23.643],[72.2925,23.622],[72.3075,23.673],[72.2755,23.676],[72.2815,23.7265],[72.317,23.754],[72.297,23.7955],[72.3155,23.815],[72.2995,23.8545],[72.3535,23.8845],[72.4,23.8775],[72.4145,23.904],[72.4795,23.9305],[72.473,23.9605],[72.4285,23.979],[72.3685,23.9675],[72.3555,24.0255],[72.232,24.0655],[72.218,24.1045],[72.155,24.1145],[72.1655,24.075],[72.127,24.0405],[72.0995,24.048],[72.021,24.019],[72.0375,23.983],[71.9165,23.995],[71.9305,23.953],[71.9735,23.8925],[71.7545,23.842],[71.7105,23.882],[71.718,23.9265],[71.6705,23.971],[71.6025,23.9435],[71.589,23.977],[71.4445,23.983],[71.446,23.9415],[71.3175,23.982]]]},"properties":{"shapeName":"Patan"}},
{"type":"Feature","geometry":{"type":"Polygon","coordinates":[[[72.759,22.1735],[72.7025,22.185],[72.6515,22.216],[72.6,22.2165],[72.548,22.154],[72.5125,22.0445],[72.5,21.905],[72.5145,21.841],[72.586,21.8945],[72.618,21.8695],[72.5365,21.7845],[72.5365,21.739],[72.508,21.6755],[72.5585,21.6575],[72.5985,21.681],[72.711,21.679],[72.7065,21.6495],[72.6385,21.6185],[72.61,21.5825],[72.6165,21.551],[72.667,21.514],[72.6455,21.437],[72.667,21.428],[72.7115,21.432],[72.7305,21.467],[72.788,21.424],[72.842,21.404],[72.8705,21.4355],[72.926,21.4215],[72.9555,21.4845],[72.944,21.511],[73.0405,21.5245],[73.122,21.4825],[73.2155,21.5025],[73.2565,21.4935],[73.308,21.505],[73.4025,21.507],[73.4525,21.523],[73.4525,21.5695],[73.4855,21.6105],[73.49,21.7035],[73.468,21.7195],[73.412,21.71],[73.41,21.747],[73.369,21.801],[73.313,21.8265],[73.301,21.89],[73.269,21.9305],[73.228,21.9165],[73.2535,21.863],[73.2115,21.8205],[73.1295,21.876],[73.0645,21.881],[73.0675,21.9125],[73.001,21.913],[73.053,21.9765],[72.992,22.027],[72.937,22.0395],[72.9085,22.067],[72.8695,22.156],[72.843,22.178],[72.797,22.154],[72.759,22.1735]]]},"properties":{"shapeName":"Bharuch"}},
{"type":"Feature","geometry":{"type":"Polygon","coordinates":[[[71.008,20.738],[71.0775,20.737],[71.089,20.757],[71.148,20.758],[71.2095,20.8015],[71.2245,20.8245],[71.1965,20.9005],[71.2255,20.9575],[71.199,20.979],[71.144,20.9515],[71.128,20.9645],[71.149,21.0325],[71.127,21.077],[71.0055,21.169],[70.975,21.1655],[70.8935,21.187],[70.8355,21.189],[70.812,21.1505],[70.779,21.1645],[70.7265,21.2195],[70.6875,21.2005],[70.662,21.222],[70.658,21.2675],[70.5705,21.2855],[70.5505,21.2305],[70.5755,21.203],[70.55,21.1795],[70.5025,21.1915],[70.4915,21.1475],[70.4495,21.095],[70.449,21.041],[70.408,21.0585],[70.3935,21.021],[70.3515,21.039],[70.305,21.0105],[70.2715,21.0205],[70.2295,21],[70.358,20.9055],[70.3945,20.893],[70.4675,20.8395],[70.587,20.782],[70.6715,20.7605],[70.719,20.732],[70.8215,20.694],[70.871,20.708],[70.92,20.7445],[71.008,20.738]]]},"properties":{"shapeName":"Gir Somnath"}},
{"type":"Feature","geometry":{"type":"Polygon","coordinates":[[[70.7945,21.666],[70.7335,21.6415],[70.722,21.611],[70.6425,21.651],[70.6125,21.625],[70.5455,21.645],[70.438,21.659],[70.369,21.6375],[70.3675,21.598],[70.303,21.5875],[70.2955,21.5465],[70.26,21.5265],[70.2465,21.566],[70.2635,21.6135],[70.23,21.636],[70.164,21.6125],[70.1285,21.638],[70.1495,21.662],[70.1235,21.6795],[70.0915,21.646],[70.0355,21.6265],[70.0475,21.595],[69.994,21.5785],[69.9825,21.531],[70.0015,21.473],[69.9445,21.3695],[69.9805,21.333],[69.979,21.294],[70.016,21.279],[69.9825,21.227],[70.1,21.105],[70.2295,21],[70.2715,21.0205],[70.305,21.0105],[70.3515,21.039],[70.3935,21.021],[70.408,21.0585],[70.449,21.041],[70.4495,21.095],[70.4915,21.1475],[70.5025,21.1915],[70.55,21.1795],[70.5755,21.203],[70.5505,21.2305],[70.5705,21.2855],[70.658,21.2675],[70.662,21.222],[70.6875,21.2005],[70.7265,21.2195],[70.779,21.1645],[70.812,21.1505],[70.8355,21.189],[70.805,21.2325],[70.827,21.2625],[70.8925,21.2695],[70.871,21.375],[70.9495,21.3975],[70.925,21.4625],[70.888,21.442],[70.833,21.4925],[70.852,21.532],[70.895,21.5355],[70.8635,21.601],[70.7945,21.666]]]},"properties":{"shapeName":"Junagadh"}},
{"type":"Feature","geometry":{"type":"MultiPolygon","coordinates":[[[[69.699,22.421],[69.658,22.361],[69.618,22.347],[69.5625,22.3565],[69.5535,22.3975],[69.488,22.3375],[69.418,22.3155],[69.3385,22.309],[69.2805,22.2695],[69.2005,22.2675],[69.157,22.3145],[69.201,22.402],[69.074,22.3915],[69.046,22.428],[69.011,22.4415],[68.977,22.402],[68.937,22.3125],[68.953,22.2495],[69.057,22.128],[69.187,21.9895],[69.2825,21.8965],[69.3745,21.828],[69.408,21.881],[69.4505,21.8515],[69.491,21.8555],[69.4895,21.894],[69.537,21.8915],[69.5455,21.923],[69.5825,21.9455],[69.6225,21.9405],[69.718,21.975],[69.721,21.9355],[69.6745,21.905],[69.659,21.8695],[69.613,21.864],[69.7155,21.7935],[69.7415,21.832],[69.815,21.8235],[69.9085,21.846],[69.9295,21.951],[69.8735,22.0045],[69.857,22.0905],[69.8935,22.1335],[69.808,22.136],[69.808,22.205],[69.7675,22.225],[69.7305,22.3125],[69.7505,22.3235],[69.699,22.421]]],[[[69.293,22.4805],[69.268,22.451],[69.2825,22.4145],[69.325,22.4695],[69.293,22.4805]]]]},"properties":{"shapeName":"Devbhumi Dwarka"}},
{"type":"Feature","geometry":{"type":"Polygon","coordinates":[[[73.5005,20.819],[73.456,20.8135],[73.386,20.825],[73.319,20.882],[73.304,20.8175],[73.2585,20.818],[73.2505,20.849],[73.199,20.8605],[73.1685,20.9005],[73.095,20.937],[73.044,21.006],[73.0145,21.018],[73.0195,21.059],[72.952,21.065],[72.909,21.044],[72.8745,21.056],[72.813,21.0255],[72.7235,21.0585],[72.7225,21.03],[72.752,20.9465],[72.7895,20.8995],[72.8245,20.814],[72.8285,20.766],[72.8515,20.7325],[72.8995,20.736],[72.9635,20.721],[72.9735,20.7435],[73.0375,20.7035],[73.0755,20.6005],[73.217,20.604],[73.2615,20.582],[73.4085,20.6265],[73.4685,20.722],[73.494,20.7605],[73.5005,20.819]]]},"properties":{"shapeName":"Navsari"}},
{"type":"Feature","geometry":{"type":"Polygon","coordinates":[[[73.4525,21.523],[73.4025,21.507],[73.308,21.505],[73.2565,21.4935],[73.2155,21.5025],[73.122,21.4825],[73.0405,21.5245],[72.944,21.511],[72.9555,21.4845],[72.926,21.4215],[72.8705,21.4355],[72.842,21.404],[72.788,21.424],[72.7305,21.467],[72.7115,21.432],[72.667,21.428],[72.6355,21.3875],[72.6495,21.3675],[72.605,21.3225],[72.5955,21.262],[72.6205,21.23],[72.611,21.1785],[72.614,21.09],[72.685,21.087],[72.7235,21.0585],[72.813,21.0255],[72.8745,21.056],[72.909,21.044],[72.952,21.065],[73.0195,21.059],[73.0145,21.018],[73.044,21.006],[73.095,20.937],[73.1685,20.9005],[73.199,20.8605],[73.2505,20.849],[73.2585,20.818],[73.304,20.8175],[73.319,20.882],[73.2915,20.93],[73.2155,20.955],[73.2435,20.992],[73.2115,21.0125],[73.205,21.0745],[73.255,21.092],[73.2845,21.194],[73.367,21.221],[73.367,21.265],[73.451,21.2835],[73.438,21.339],[73.457,21.384],[73.5085,21.378],[73.5175,21.355],[73.5905,21.3655],[73.701,21.3955],[73.6805,21.471],[73.563,21.4725],[73.4805,21.4935],[73.4525,21.523]]]},"properties":{"shapeName":"Surat"}},
{"type":"Feature","geometry":{"type":"Polygon","coordinates":[[[70.564,22.598],[70.5755,22.6315],[70.616,22.6535],[70.625,22.7275],[70.6165,22.765],[70.6495,22.787],[70.647,22.8595],[70.606,22.881],[70.581,22.9155],[70.5375,22.924],[70.494,22.898],[70.471,22.838],[70.387,22.8065],[70.3665,22.7725],[70.3715,22.696],[70.3255,22.7125],[70.3185,22.7455],[70.2765,22.7365],[70.2455,22.7245],[70.2445,22.6725],[70.168,22.5525],[70.084,22.5445],[70.036,22.558],[69.944,22.5325],[69.879,22.449],[69.842,22.456],[69.799,22.3935],[69.7465,22.4305],[69.699,22.421],[69.7505,22.3235],[69.7305,22.3125],[69.7675,22.225],[69.808,22.205],[69.808,22.136],[69.8935,22.1335],[69.857,22.0905],[69.8735,22.0045],[69.9295,21.951],[69.9085,21.846],[69.815,21.8235],[69.819,21.741],[69.8685,21.736],[69.883,21.768],[69.992,21.8085],[70.013,21.7995],[70.0225,21.7085],[70.0575,21.702],[70.0765,21.733],[70.0315,21.7915],[70.091,21.8005],[70.099,21.848],[70.129,21.8655],[70.146,21.941],[70.1795,21.8945],[70.217,21.908],[70.217,21.9655],[70.253,21.968],[70.2655,22.003],[70.328,22.018],[70.3305,22.049],[70.4165,22.029],[70.458,22.053],[70.523,22.0485],[70.5575,22.0955],[70.563,22.1435],[70.586,22.168],[70.5765,22.2385],[70.523,22.246],[70.4935,22.297],[70.5185,22.3595],[70.4755,22.376],[70.4725,22.4255],[70.497,22.475],[70.5875,22.4865],[70.538,22.5295],[70.564,22.598]]]},"properties":{"shapeName":"Jamnagar"}},
{"type":"Feature","geometry":{"type":"Polygon","coordinates":[[[73.701,21.3955],[73.5905,21.3655],[73.5175,21.355],[73.5085,21.378],[73.457,21.384],[73.438,21.339],[73.451,21.2835],[73.367,21.265],[73.367,21.221],[73.2845,21.194],[73.255,21.092],[73.205,21.0745],[73.2115,21.0125],[73.2435,20.992],[73.2155,20.955],[73.2915,20.93],[73.319,20.882],[73.386,20.825],[73.456,20.8135],[73.5005,20.819],[73.4965,20.9175],[73.5325,20.9365],[73.5475,21.006],[73.571,21.012],[73.636,20.972],[73.6545,21.001],[73.7515,21.0045],[73.789,20.987],[73.797,20.958],[73.891,20.9325],[73.9015,20.9825],[73.852,20.9975],[73.7975,21.0455],[73.793,21.068],[73.6875,21.1005],[73.6305,21.1325],[73.736,21.167],[73.8175,21.1715],[73.827,21.267],[73.887,21.262],[73.944,21.297],[73.9575,21.3925],[74.0445,21.4185],[74.074,21.457],[74.219,21.458],[74.3025,21.4785],[74.3325,21.539],[74.2885,21.5575],[74.2015,21.528],[74.152,21.551],[74.065,21.5585],[74.02,21.5515],[73.9835,21.5215],[73.9725,21.461],[73.886,21.451],[73.819,21.4005],[73.7835,21.412],[73.701,21.3955]]]},"properties":{"shapeName":"Tapi"}},
{"type":"Feature","geometry":{"type":"Polygon","coordinates":[[[70.0765,21.733],[70.0575,21.702],[70.0225,21.7085],[70.013,21.7995],[69.992,21.8085],[69.883,21.768],[69.8685,21.736],[69.819,21.741],[69.815,21.8235],[69.7415,21.832],[69.7155,21.7935],[69.613,21.864],[69.659,21.8695],[69.6745,21.905],[69.721,21.9355],[69.718,21.975],[69.6225,21.9405],[69.5825,21.9455],[69.5455,21.923],[69.537,21.8915],[69.4895,21.894],[69.491,21.8555],[69.4505,21.8515],[69.408,21.881],[69.3745,21.828],[69.589,21.6355],[69.603,21.6365],[69.7065,21.5365],[69.9825,21.227],[70.016,21.279],[69.979,21.294],[69.9805,21.333],[69.9445,21.3695],[70.0015,21.473],[69.9825,21.531],[69.994,21.5785],[70.0475,21.595],[70.0355,21.6265],[70.0915,21.646],[70.1235,21.6795],[70.1495,21.662],[70.1205,21.706],[70.0765,21.733]]]},"properties":{"shapeName":"Porbandar"}},
{"type":"Feature","geometry":{"type":"Polygon","coordinates":[[[72.778,20.3375],[72.7395,20.2435],[72.745,20.2135],[72.728,20.1295],[72.7915,20.1265],[72.8405,20.209],[72.8745,20.228],[72.961,20.2135],[72.96,20.235],[72.914,20.271],[72.9365,20.2945],[73.037,20.2935],[73.046,20.326],[73.113,20.3335],[73.1685,20.313],[73.093,20.23],[73.0615,20.2225],[73.0635,20.1645],[73.111,20.16],[73.1725,20.203],[73.2075,20.123],[73.251,20.1255],[73.2855,20.1545],[73.303,20.208],[73.368,20.1955],[73.4225,20.2065],[73.4125,20.243],[73.4185,20.3165],[73.407,20.382],[73.4415,20.467],[73.469,20.4955],[73.474,20.584],[73.433,20.5955],[73.4085,20.6265],[73.2615,20.582],[73.217,20.604],[73.0755,20.6005],[73.0375,20.7035],[72.9735,20.7435],[72.9635,20.721],[72.8995,20.736],[72.8515,20.7325],[72.895,20.598],[72.885,20.51],[72.852,20.4645],[72.8945,20.468],[72.918,20.423],[72.8845,20.3655],[72.778,20.3375]]]},"properties":{"shapeName":"Valsad"}},
{"type":"Feature","geometry":{"type":"Polygon","coordinates":[[[72.842,22.9935],[72.8985,23.0215],[72.9295,23.0775],[72.98,23.0525],[73.0125,23.087],[72.994,23.127],[73.0165,23.161],[72.975,23.1675],[72.998,23.2585],[73.0155,23.278],[72.936,23.2425],[72.9135,23.3195],[72.8625,23.313],[72.8085,23.352],[72.7645,23.353],[72.733,23.3985],[72.7975,23.4235],[72.818,23.4575],[72.803,23.5025],[72.782,23.539],[72.734,23.5235],[72.6905,23.554],[72.633,23.5525],[72.5975,23.521],[72.59,23.459],[72.565,23.45],[72.504,23.383],[72.475,23.3015],[72.426,23.3045],[72.4135,23.2755],[72.439,23.2155],[72.3865,23.1745],[72.4285,23.1435],[72.3695,23.103],[72.336,23.1075],[72.407,23.0675],[72.469,23.06],[72.486,23.0875],[72.4745,23.127],[72.5175,23.1675],[72.558,23.1355],[72.6175,23.118],[72.703,23.11],[72.767,23.094],[72.7955,23.043],[72.842,22.9935]]]},"properties":{"shapeName":"Gandhinagar"}},
{"type":"Feature","geometry":{"type":"Polygon","coordinates":[[[73.2745,23.0605],[73.2435,23.0165],[73.261,22.9245],[73.312,22.94],[73.3545,22.924],[73.3835,22.9475],[73.421,22.9365],[73.4745,22.987],[73.585,22.9845],[73.6095,23.004],[73.6715,23.099],[73.723,23.06],[73.7675,23.07],[73.8115,23.108],[73.854,23.0635],[73.9075,23.0475],[73.908,23.0775],[73.9605,23.1105],[74.0025,23.0795],[73.99,23.1605],[73.9675,23.1755],[73.962,23.2215],[74.001,23.335],[73.9605,23.38],[73.937,23.34],[73.892,23.336],[73.8645,23.3945],[73.8245,23.4455],[73.7805,23.4335],[73.7625,23.4575],[73.7145,23.418],[73.7015,23.4545],[73.63,23.4515],[73.6155,23.3905],[73.568,23.3475],[73.5275,23.286],[73.459,23.285],[73.3765,23.2375],[73.345,23.201],[73.3775,23.173],[73.375,23.139],[73.342,23.1295],[73.3305,23.0825],[73.2745,23.0605]]]},"properties":{"shapeName":"Mahisagar"}},
{"type":"Feature","geometry":{"type":"Polygon","coordinates":[[[71.306,23.172],[71.216,23.1495],[71.1945,23.191],[71.14,23.2095],[71.046,23.1715],[70.9845,23.1735],[70.8325,23.126],[70.7795,23.1595],[70.687,23.1145],[70.596,23.0565],[70.5555,23.0185],[70.542,22.9595],[70.433,22.9785],[70.433,22.96],[70.5375,22.924],[70.581,22.9155],[70.606,22.881],[70.647,22.8595],[70.6495,22.787],[70.6165,22.765],[70.625,22.7275],[70.616,22.6535],[70.5755,22.6315],[70.564,22.598],[70.639,22.579],[70.6245,22.5515],[70.671,22.4835],[70.704,22.413],[70.742,22.3845],[70.7935,22.426],[70.7925,22.474],[70.8535,22.51],[70.8675,22.465],[70.9835,22.4125],[71.0255,22.4385],[71.078,22.4045],[71.1235,22.436],[71.1325,22.4785],[71.1645,22.5015],[71.136,22.5425],[71.1025,22.513],[71.077,22.557],[71.1115,22.64],[71.1635,22.681],[71.125,22.7565],[71.1315,22.835],[71.2245,22.8245],[71.254,22.8395],[71.2615,22.875],[71.3155,22.9895],[71.2945,23.021],[71.297,23.077],[71.3585,23.122],[71.306,23.172]]]},"properties":{"shapeName":"Morbi"}},
{"type":"Feature","geometry":{"type":"Polygon","coordinates":[[[73.811,22.548],[73.856,22.5645],[73.8295,22.6565],[73.8505,22.753],[73.8225,22.779],[73.8415,22.8235],[73.8825,22.8675],[73.891,22.9485],[73.9085,22.983],[73.9075,23.0475],[73.854,23.0635],[73.8115,23.108],[73.7675,23.07],[73.723,23.06],[73.6715,23.099],[73.6095,23.004],[73.585,22.9845],[73.4745,22.987],[73.421,22.9365],[73.373,22.9],[73.3885,22.852],[73.3525,22.7895],[73.3875,22.807],[73.4285,22.7585],[73.3875,22.739],[73.394,22.684],[73.417,22.6595],[73.3875,22.623],[73.3745,22.5535],[73.4215,22.548],[73.408,22.504],[73.4325,22.457],[73.4235,22.427],[73.4865,22.3465],[73.567,22.327],[73.6315,22.323],[73.62,22.3595],[73.645,22.385],[73.7055,22.3575],[73.66,22.335],[73.6635,22.2855],[73.732,22.2905],[73.7305,22.335],[73.755,22.3455],[73.7305,22.455],[73.7335,22.5155],[73.7595,22.5465],[73.811,22.548]]]},"properties":{"shapeName":"Panch Mahals"}},
{"type":"Feature","geometry":{"type":"Polygon","coordinates":[[[72.5085,22.6135],[72.554,22.568],[72.577,22.504],[72.6195,22.513],[72.6915,22.59],[72.6855,22.6285],[72.7975,22.6395],[72.875,22.5815],[72.9225,22.5945],[72.9345,22.6255],[72.9715,22.635],[73.006,22.7155],[73.1325,22.722],[73.163,22.6815],[73.2055,22.682],[73.231,22.6345],[73.27,22.675],[73.2545,22.716],[73.262,22.7675],[73.3525,22.7895],[73.3885,22.852],[73.373,22.9],[73.421,22.9365],[73.3835,22.9475],[73.3545,22.924],[73.312,22.94],[73.261,22.9245],[73.2435,23.0165],[73.2745,23.0605],[73.175,23.1425],[73.1585,23.19],[73.07,23.1615],[73.0165,23.161],[72.994,23.127],[73.0125,23.087],[72.98,23.0525],[72.9295,23.0775],[72.8985,23.0215],[72.842,22.9935],[72.8445,22.9655],[72.7925,22.908],[72.734,22.9135],[72.7055,22.885],[72.6515,22.8975],[72.602,22.8675],[72.6105,22.8265],[72.573,22.825],[72.525,22.798],[72.5355,22.7685],[72.525,22.711],[72.551,22.672],[72.5085,22.6135]]]},"properties":{"shapeName":"Kheda"}},
{"type":"Feature","geometry":{"type":"Polygon","coordinates":[[[72.961,20.2135],[72.995,20.119],[73.0225,20.0855],[73.0485,20.0975],[73.1275,20.086],[73.1725,20.0525],[73.2105,20.0985],[73.2075,20.123],[73.1725,20.203],[73.111,20.16],[73.0635,20.1645],[73.0615,20.2225],[73.093,20.23],[73.1685,20.313],[73.113,20.3335],[73.046,20.326],[73.037,20.2935],[72.9365,20.2945],[72.914,20.271],[72.96,20.235],[72.961,20.2135]]]},"properties":{"shapeName":"Dadra & Nagar Haveli"}},
{"type":"Feature","geometry":{"type":"Polygon","coordinates":[[[80.0525,15.02],[80.0525,15.112],[80.0835,15.185],[80.083,15.258],[80.1095,15.3445],[80.2045,15.472],[80.252,15.634],[80.285,15.689],[80.327,15.7345],[80.439,15.8085],[80.433,15.8495],[80.4525,15.8795],[80.4065,15.894],[80.379,15.987],[80.402,16.0125],[80.3065,16.0545],[80.232,16.0325],[80.152,16.045],[80.102,16.01],[80.0545,16.1165],[80.0005,16.1395],[79.8755,16.1625],[79.8665,16.1405],[79.922,16.079],[79.872,16.026],[79.9055,16.0075],[79.925,15.9655],[79.8875,15.921],[79.8105,15.942],[79.768,15.8975],[79.7605,15.825],[79.705,15.8995],[79.567,15.956],[79.561,16.007],[79.5835,16.0225],[79.559,16.1625],[79.5755,16.1975],[79.556,16.3055],[79.464,16.3115],[79.369,16.244],[79.343,16.247],[79.226,16.182],[79.2005,16.2305],[79.1415,16.2445],[79.0285,16.252],[78.916,16.1985],[78.9215,16.1165],[78.9335,16.0705],[78.9215,16.001],[78.9025,15.965],[78.8335,15.908],[78.813,15.8755],[78.792,15.7385],[78.7755,15.6795],[78.7805,15.5335],[78.774,15.4075],[78.751,15.3545],[78.7435,15.2425],[78.77,15.1865],[78.8235,15.209],[78.9305,15.203],[78.9935,15.169],[79.0075,15.183],[79.0685,15.1775],[79.058,15.143],[79.077,15.0555],[79.09,15.0865],[79.1315,15.1025],[79.1995,15.0885],[79.256,15.1095],[79.4675,15.0645],[79.5525,15.024],[79.5635,15.044],[79.7445,15.0325],[79.8055,15.057],[79.7825,14.9765],[79.8585,14.955],[79.9115,15.007],[79.981,15.017],[80.0005,14.988],[80.0525,15.02]]]},"properties":{"shapeName":"Prakasam"}},
{"type":"Feature","geometry":{"type":"Polygon","coordinates":[[[80.868,17.06],[80.8325,17.047],[80.693,17.0775],[80.6385,17.1185],[80.569,17.1465],[80.5055,17.11],[80.4935,17.065],[80.455,17.0255],[80.4295,17.0335],[80.404,17.086],[80.376,17.065],[80.3975,17.0225],[80.367,16.979],[80.4515,16.9535],[80.541,16.959],[80.593,16.9355],[80.596,16.883],[80.5635,16.834],[80.6135,16.797],[80.572,16.772],[80.4655,16.799],[80.432,16.838],[80.382,16.82],[80.37,16.859],[80.328,16.8795],[80.31,16.9645],[80.271,17.019],[80.2045,17.026],[80.191,17.053],[80.144,16.9965],[80.093,16.9715],[80.0545,16.9735],[80.0005,16.8715],[80.042,16.8605],[80.0785,16.822],[80.111,16.835],[80.1485,16.7565],[80.1545,16.6575],[80.2235,16.6225],[80.3345,16.625],[80.484,16.598],[80.567,16.5455],[80.605,16.512],[80.673,16.4715],[80.81,16.2855],[80.8695,16.1435],[80.9055,16.001],[80.9065,15.9245],[80.852,15.82],[80.9235,15.722],[81.003,15.753],[80.9995,15.8335],[81.0765,15.918],[81.1435,15.975],[81.1465,16.0285],[81.189,16.103],[81.2215,16.2135],[81.265,16.277],[81.3275,16.317],[81.395,16.342],[81.4845,16.3535],[81.541,16.3495],[81.5475,16.389],[81.5015,16.385],[81.438,16.414],[81.34,16.5145],[81.353,16.606],[81.325,16.625],[81.334,16.679],[81.305,16.69],[81.276,16.6335],[81.2205,16.5935],[81.1985,16.629],[81.234,16.6535],[81.218,16.701],[81.135,16.607],[81.011,16.562],[81.0045,16.5985],[80.955,16.661],[80.9925,16.682],[81.014,16.7645],[81.039,16.7985],[80.94,16.9475],[80.9425,16.992],[80.9645,17.0415],[80.9435,17.0655],[80.868,17.06]]]},"properties":{"shapeName":"Krishna"}},
{"type":"Feature","geometry":{"type":"MultiPolygon","coordinates":[[[[82.5485,17.2525],[82.541,17.335],[82.554,17.3925],[82.604,17.4635],[82.561,17.509],[82.457,17.5135],[82.456,17.488],[82.4115,17.4735],[82.332,17.529],[82.347,17.58],[82.268,17.6235],[82.2175,17.639],[82.163,17.616],[82.1285,17.655],[82.0275,17.632],[82.039,17.717],[81.9855,17.7685],[81.9545,17.742],[81.8825,17.742],[81.868,17.755],[81.9775,17.843],[82.0315,17.9375],[81.9815,18.0145],[81.944,17.9925],[81.8095,17.945],[81.767,17.902],[81.803,17.853],[81.7385,17.828],[81.6835,17.776],[81.632,17.7715],[81.5905,17.7395],[81.58,17.697],[81.512,17.599],[81.507,17.4995],[81.533,17.4635],[81.567,17.453],[81.607,17.4025],[81.6175,17.3595],[81.659,17.3225],[81.65,17.2595],[81.6765,17.2485],[81.69,17.175],[81.7115,17.1615],[81.7725,17.0535],[81.7755,16.904],[81.754,16.867],[81.749,16.814],[81.786,16.766],[81.7995,16.707],[81.8435,16.659],[81.866,16.6085],[81.8535,16.5255],[81.752,16.437],[81.7065,16.4395],[81.7245,16.333],[81.707,16.3155],[81.7205,16.309],[81.835,16.366],[81.946,16.3955],[82.2075,16.529],[82.2805,16.5545],[82.319,16.5875],[82.299,16.592],[82.234,16.725],[82.2675,16.752],[82.309,16.7425],[82.3415,16.7375],[82.3575,16.8515],[82.316,16.8485],[82.2705,16.8745],[82.245,16.909],[82.271,16.942],[82.303,17.0385],[82.4475,17.1785],[82.5485,17.2525]]],[[[82.3175,16.605],[82.327,16.6625],[82.3675,16.717],[82.3325,16.727],[82.3095,16.7015],[82.267,16.716],[82.3175,16.605]]]]},"properties":{"shapeName":"East Godavari"}},
{"type":"Feature","geometry":{"type":"Polygon","coordinates":[[[82.5485,17.2525],[82.706,17.344],[82.9915,17.473],[83.0225,17.508],[83.163,17.561],[83.213,17.591],[83.232,17.6235],[83.283,17.661],[83.31,17.705],[83.346,17.7255],[83.4165,17.8225],[83.409,17.841],[83.4885,17.9245],[83.4285,17.942],[83.3975,18.0525],[83.359,18.057],[83.3145,18.0225],[83.3105,17.984],[83.2335,17.946],[83.231,17.8695],[83.2,17.8455],[83.1445,17.8445],[83.105,17.9325],[83.0095,17.969],[83,18.001],[83.058,18.0875],[83.091,18.095],[83.1015,18.134],[83.1525,18.155],[83.1135,18.184],[83.148,18.2595],[83.201,18.196],[83.274,18.226],[83.2685,18.276],[83.173,18.31],[83.155,18.342],[83.102,18.3595],[83.074,18.4025],[83.045,18.3795],[82.9845,18.3645],[82.911,18.3655],[82.899,18.4015],[82.8075,18.4485],[82.7845,18.429],[82.7925,18.3635],[82.7755,18.3405],[82.6735,18.3],[82.64,18.238],[82.5975,18.266],[82.609,18.375],[82.544,18.417],[82.5315,18.5125],[82.4895,18.5235],[82.4375,18.4935],[82.3695,18.4185],[82.3925,18.381],[82.354,18.3305],[82.4015,18.3155],[82.3755,18.28],[82.3455,18.275],[82.3415,18.2245],[82.3145,18.2045],[82.342,18.1515],[82.345,18.0565],[82.267,18.044],[82.276,17.996],[82.2505,17.989],[82.1725,18.0505],[82.0335,18.0665],[81.9815,18.0145],[82.0315,17.9375],[81.9775,17.843],[81.868,17.755],[81.8825,17.742],[81.9545,17.742],[81.9855,17.7685],[82.039,17.717],[82.0275,17.632],[82.1285,17.655],[82.163,17.616],[82.2175,17.639],[82.268,17.6235],[82.347,17.58],[82.332,17.529],[82.4115,17.4735],[82.456,17.488],[82.457,17.5135],[82.561,17.509],[82.604,17.4635],[82.554,17.3925],[82.541,17.335],[82.5485,17.2525]]]},"properties":{"shapeName":"Visakhapatnam"}},
{"type":"Feature","geometry":{"type":"Polygon","coordinates":[[[79.077,15.0555],[79.072,14.9715],[79.094,14.893],[79.123,14.8665],[79.1435,14.789],[79.1775,14.715],[79.1695,14.678],[79.1835,14.6155],[79.2365,14.589],[79.291,14.486],[79.327,14.4785],[79.3255,14.4425],[79.4145,14.2975],[79.44,14.1295],[79.4525,14.1085],[79.4365,14.035],[79.4555,13.9845],[79.457,13.9215],[79.4815,13.911],[79.5895,13.9195],[79.623,13.8855],[79.635,13.844],[79.671,13.8355],[79.6825,13.924],[79.732,13.9025],[79.7305,13.868],[79.7625,13.809],[79.813,13.797],[79.864,13.813],[79.8535,13.768],[79.872,13.7085],[79.9495,13.7085],[79.975,13.689],[79.9735,13.6475],[80.047,13.5765],[80.0425,13.5375],[80.0855,13.548],[80.1135,13.509],[80.242,13.469],[80.2685,13.5635],[80.234,13.656],[80.253,13.781],[80.2435,13.8185],[80.1465,14.043],[80.1275,14.1735],[80.1455,14.2925],[80.1685,14.3515],[80.1795,14.5015],[80.195,14.5765],[80.164,14.628],[80.141,14.7115],[80.1085,14.7515],[80.088,14.8305],[80.0525,15.02],[80.0005,14.988],[79.981,15.017],[79.9115,15.007],[79.8585,14.955],[79.7825,14.9765],[79.8055,15.057],[79.7445,15.0325],[79.5635,15.044],[79.5525,15.024],[79.4675,15.0645],[79.256,15.1095],[79.1995,15.0885],[79.1315,15.1025],[79.09,15.0865],[79.077,15.0555]]]},"properties":{"shapeName":"Sri Potti Sriramulu Nellore"}},
{"type":"Feature","geometry":{"type":"Polygon","coordinates":[[[79.4365,14.035],[79.386,14.05],[79.3845,13.955],[79.429,13.95],[79.4095,13.898],[79.428,13.846],[79.4115,13.8115],[79.4275,13.784],[79.3115,13.7245],[79.2955,13.7585],[79.2275,13.7575],[79.1925,13.794],[79.2185,13.811],[79.151,13.861],[79.1015,13.849],[79.0815,13.8785],[79.031,13.888],[78.883,13.898],[78.8,13.88],[78.767,13.8305],[78.7245,13.887],[78.6455,13.869],[78.6565,13.9],[78.589,13.9115],[78.599,13.959],[78.5465,13.991],[78.492,13.9405],[78.4715,13.994],[78.4285,13.9785],[78.388,13.9415],[78.278,13.893],[78.2465,13.852],[78.263,13.7985],[78.2305,13.781],[78.128,13.7865],[78.0945,13.7435],[78.119,13.72],[78.0895,13.66],[78.1655,13.6585],[78.204,13.6265],[78.199,13.5665],[78.2185,13.592],[78.26,13.5845],[78.391,13.592],[78.4085,13.577],[78.378,13.506],[78.382,13.4015],[78.366,13.366],[78.44,13.328],[78.447,13.3095],[78.5125,13.2885],[78.5785,13.283],[78.571,13.2445],[78.5805,13.168],[78.52,13.131],[78.516,13.064],[78.4615,13.037],[78.4695,12.9745],[78.4125,12.944],[78.39,12.9065],[78.357,12.9395],[78.328,12.904],[78.3145,12.8585],[78.2525,12.8585],[78.2535,12.8235],[78.232,12.764],[78.239,12.7005],[78.276,12.703],[78.3025,12.6645],[78.3805,12.6235],[78.4095,12.6255],[78.472,12.629],[78.47,12.674],[78.5645,12.709],[78.558,12.7405],[78.594,12.7825],[78.5945,12.785],[78.595,12.787],[78.6035,12.8505],[78.6375,12.931],[78.632,12.9855],[78.663,13.0295],[78.7055,13.0165],[78.7145,13.068],[78.758,13.0575],[78.813,13.0875],[78.958,13.076],[78.992,13.089],[79.066,13.0505],[79.1655,13.02],[79.187,13.0375],[79.182,13.066],[79.227,13.11],[79.239,13.1475],[79.2865,13.134],[79.363,13.1385],[79.3605,13.176],[79.4335,13.1975],[79.42,13.251],[79.446,13.3385],[79.5485,13.3245],[79.578,13.263],[79.6815,13.2955],[79.684,13.2495],[79.7575,13.209],[79.7965,13.242],[79.7345,13.2795],[79.793,13.296],[79.8135,13.318],[79.864,13.3175],[79.8935,13.344],[79.9385,13.35],[79.9665,13.388],[79.9745,13.4655],[80.008,13.4745],[80.0425,13.5375],[80.047,13.5765],[79.9735,13.6475],[79.975,13.689],[79.9495,13.7085],[79.872,13.7085],[79.8535,13.768],[79.864,13.813],[79.813,13.797],[79.7625,13.809],[79.7305,13.868],[79.732,13.9025],[79.6825,13.924],[79.671,13.8355],[79.635,13.844],[79.623,13.8855],[79.5895,13.9195],[79.4815,13.911],[79.457,13.9215],[79.4555,13.9845],[79.4365,14.035]]]},"properties":{"shapeName":"Chittoor"}},
{"type":"Feature","geometry":{"type":"Polygon","coordinates":[[[83.6745,18.0835],[83.728,18.117],[83.8765,18.188],[83.9405,18.211],[84.071,18.2755],[84.1275,18.3135],[84.1535,18.376],[84.2605,18.4795],[84.356,18.557],[84.361,18.5825],[84.4415,18.662],[84.4915,18.74],[84.553,18.7925],[84.559,18.8185],[84.6115,18.8975],[84.675,18.957],[84.7675,19.081],[84.668,19.1315],[84.6165,19.127],[84.627,19.086],[84.604,19.0295],[84.5605,19.057],[84.517,19.047],[84.485,19.0175],[84.437,19.0105],[84.423,18.9475],[84.4365,18.9235],[84.3935,18.893],[84.3395,18.802],[84.2535,18.7835],[84.224,18.797],[84.137,18.7625],[84.0735,18.7615],[84.0555,18.793],[84.015,18.814],[83.9475,18.806],[83.878,18.828],[83.851,18.8605],[83.8425,18.9185],[83.796,19.017],[83.7485,18.993],[83.778,18.9105],[83.822,18.859],[83.8235,18.8335],[83.7705,18.825],[83.748,18.7755],[83.672,18.8055],[83.6405,18.776],[83.585,18.7555],[83.526,18.7005],[83.545,18.6715],[83.5415,18.621],[83.5195,18.56],[83.606,18.563],[83.6095,18.5205],[83.563,18.506],[83.5905,18.4715],[83.5675,18.413],[83.594,18.403],[83.6085,18.326],[83.6495,18.3155],[83.7015,18.2825],[83.6615,18.2625],[83.6655,18.2275],[83.6085,18.209],[83.6035,18.1685],[83.619,18.1275],[83.6745,18.0835]]]},"properties":{"shapeName":"Srikakulam"}},
{"type":"Feature","geometry":{"type":"Polygon","coordinates":[[[78.9215,16.1165],[78.8805,16.118],[78.8445,16.095],[78.816,16.054],[78.747,16.0285],[78.6945,16.048],[78.644,16.099],[78.611,16.1035],[78.5545,16.0635],[78.4585,16.088],[78.413,16.088],[78.3475,16.0595],[78.3235,16.036],[78.275,16.0415],[78.266,16.012],[78.25,15.944],[78.2035,15.919],[78.1715,15.856],[78.108,15.835],[78.0705,15.8515],[78.0465,15.905],[78.0085,15.866],[77.894,15.9025],[77.862,15.882],[77.8055,15.8715],[77.722,15.893],[77.6895,15.88],[77.594,15.913],[77.515,15.9265],[77.433,15.9475],[77.254,15.962],[77.148,15.946],[77.0815,15.915],[77.029,15.8345],[77.0685,15.8285],[77.052,15.7305],[77.0805,15.6965],[77.086,15.6585],[77.032,15.635],[77.0315,15.5055],[76.9795,15.488],[77.032,15.441],[77.043,15.3645],[77.074,15.3255],[77.115,15.3335],[77.1205,15.296],[77.153,15.292],[77.1465,15.2245],[77.17,15.175],[77.158,15.138],[77.198,15.1595],[77.2945,15.1315],[77.3215,15.1765],[77.3525,15.177],[77.3665,15.222],[77.4535,15.221],[77.485,15.209],[77.5275,15.224],[77.583,15.189],[77.663,15.2325],[77.7325,15.17],[77.7515,15.129],[77.794,15.105],[77.8195,15.1415],[77.877,15.135],[77.889,15.176],[77.9475,15.1605],[78.026,15.115],[78.02,15.026],[78.046,15.001],[78.126,14.967],[78.145,14.9465],[78.1895,14.96],[78.2275,14.9495],[78.249,15.0015],[78.288,15.0335],[78.297,15.074],[78.3955,15.055],[78.36,15.029],[78.3555,14.99],[78.4135,14.965],[78.4305,15.035],[78.529,15.0335],[78.5155,14.9695],[78.552,14.934],[78.604,14.9495],[78.6365,14.9245],[78.686,14.9375],[78.719,14.9665],[78.7205,15.022],[78.7635,15.039],[78.7605,15.106],[78.77,15.1865],[78.7435,15.2425],[78.751,15.3545],[78.774,15.4075],[78.7805,15.5335],[78.7755,15.6795],[78.792,15.7385],[78.813,15.8755],[78.8335,15.908],[78.9025,15.965],[78.9215,16.001],[78.9335,16.0705],[78.9215,16.1165]]]},"properties":{"shapeName":"Kurnool"}},
{"type":"Feature","geometry":{"type":"Polygon","coordinates":[[[80.439,15.8085],[80.554,15.856],[80.6475,15.8775],[80.707,15.8805],[80.7685,15.8635],[80.827,15.7125],[80.9235,15.722],[80.852,15.82],[80.9065,15.9245],[80.9055,16.001],[80.8695,16.1435],[80.81,16.2855],[80.673,16.4715],[80.605,16.512],[80.567,16.5455],[80.484,16.598],[80.3345,16.625],[80.2235,16.6225],[80.1545,16.6575],[80.1485,16.7565],[80.111,16.835],[80.0785,16.822],[80.0565,16.7535],[80.0005,16.701],[79.9515,16.641],[79.8995,16.658],[79.8705,16.7065],[79.819,16.6985],[79.7835,16.7375],[79.73,16.7005],[79.687,16.6965],[79.6565,16.67],[79.6085,16.671],[79.545,16.6395],[79.5055,16.6385],[79.435,16.5905],[79.3415,16.586],[79.2745,16.569],[79.2385,16.527],[79.2445,16.466],[79.2275,16.446],[79.2195,16.3705],[79.236,16.3445],[79.2335,16.258],[79.2005,16.2305],[79.226,16.182],[79.343,16.247],[79.369,16.244],[79.464,16.3115],[79.556,16.3055],[79.5755,16.1975],[79.559,16.1625],[79.5835,16.0225],[79.561,16.007],[79.567,15.956],[79.705,15.8995],[79.7605,15.825],[79.768,15.8975],[79.8105,15.942],[79.8875,15.921],[79.925,15.9655],[79.9055,16.0075],[79.872,16.026],[79.922,16.079],[79.8665,16.1405],[79.8755,16.1625],[80.0005,16.1395],[80.0545,16.1165],[80.102,16.01],[80.152,16.045],[80.232,16.0325],[80.3065,16.0545],[80.402,16.0125],[80.379,15.987],[80.4065,15.894],[80.4525,15.8795],[80.433,15.8495],[80.439,15.8085]]]},"properties":{"shapeName":"Guntur"}},
{"type":"Feature","geometry":{"type":"Polygon","coordinates":[[[83.4885,17.9245],[83.5315,17.9505],[83.574,18.0145],[83.6745,18.0835],[83.619,18.1275],[83.6035,18.1685],[83.6085,18.209],[83.6655,18.2275],[83.6615,18.2625],[83.7015,18.2825],[83.6495,18.3155],[83.6085,18.326],[83.594,18.403],[83.5675,18.413],[83.5905,18.4715],[83.563,18.506],[83.6095,18.5205],[83.606,18.563],[83.5195,18.56],[83.5415,18.621],[83.545,18.6715],[83.526,18.7005],[83.585,18.7555],[83.6405,18.776],[83.672,18.8055],[83.748,18.7755],[83.7705,18.825],[83.8235,18.8335],[83.822,18.859],[83.778,18.9105],[83.7535,18.9275],[83.734,18.9845],[83.6645,19.0835],[83.6265,19.1505],[83.612,19.1015],[83.5425,19.0375],[83.467,19.078],[83.4825,19.009],[83.4505,18.9565],[83.4165,19.005],[83.3485,19.0175],[83.321,18.975],[83.4055,18.8615],[83.368,18.8165],[83.2875,18.7985],[83.274,18.766],[83.141,18.781],[83.086,18.714],[83.059,18.663],[83.0195,18.648],[83.0405,18.557],[83.0965,18.542],[83.06,18.487],[83.0245,18.457],[83.074,18.4025],[83.102,18.3595],[83.155,18.342],[83.173,18.31],[83.2685,18.276],[83.274,18.226],[83.201,18.196],[83.148,18.2595],[83.1135,18.184],[83.1525,18.155],[83.1015,18.134],[83.091,18.095],[83.058,18.0875],[83,18.001],[83.0095,17.969],[83.105,17.9325],[83.1445,17.8445],[83.2,17.8455],[83.231,17.8695],[83.2335,17.946],[83.3105,17.984],[83.3145,18.0225],[83.359,18.057],[83.3975,18.0525],[83.4285,17.942],[83.4885,17.9245]]]},"properties":{"shapeName":"Vizianagaram"}},
{"type":"Feature","geometry":{"type":"Polygon","coordinates":[[[78.4715,13.994],[78.4435,14.024],[78.4475,14.0825],[78.4655,14.114],[78.426,14.1675],[78.4105,14.2085],[78.4265,14.2805],[78.358,14.289],[78.302,14.308],[78.152,14.375],[77.997,14.502],[77.988,14.5415],[78.0475,14.5395],[78.098,14.6265],[78.1285,14.626],[78.1445,14.6855],[78.118,14.6955],[78.057,14.778],[78.1175,14.857],[78.1005,14.874],[78.1195,14.928],[78.145,14.9465],[78.126,14.967],[78.046,15.001],[78.02,15.026],[78.026,15.115],[77.9475,15.1605],[77.889,15.176],[77.877,15.135],[77.8195,15.1415],[77.794,15.105],[77.7515,15.129],[77.7325,15.17],[77.663,15.2325],[77.583,15.189],[77.5275,15.224],[77.485,15.209],[77.4535,15.221],[77.3665,15.222],[77.3525,15.177],[77.3215,15.1765],[77.2945,15.1315],[77.198,15.1595],[77.158,15.138],[77.133,15.1],[77.115,15.035],[77.084,15.0065],[77.051,15.0355],[76.972,15.0195],[76.8815,15.035],[76.8655,15.063],[76.8015,15.0965],[76.777,15.071],[76.789,15.0225],[76.7615,14.989],[76.7685,14.976],[76.8695,14.97],[76.865,14.8975],[76.839,14.7915],[76.785,14.7855],[76.803,14.741],[76.776,14.68],[76.766,14.6025],[76.805,14.5345],[76.8495,14.516],[76.8695,14.4815],[76.912,14.491],[76.979,14.485],[76.8885,14.397],[76.8845,14.3585],[76.9045,14.326],[76.949,14.3125],[76.9305,14.279],[76.944,14.247],[77.0105,14.239],[77.056,14.2465],[77.0815,14.2165],[77.1165,14.229],[77.1185,14.295],[77.1585,14.345],[77.203,14.322],[77.288,14.3385],[77.2865,14.2835],[77.3665,14.277],[77.3625,14.238],[77.391,14.1995],[77.422,14.211],[77.408,14.2685],[77.382,14.303],[77.402,14.337],[77.4495,14.3175],[77.507,14.2685],[77.4975,14.2355],[77.518,14.18],[77.397,14.173],[77.384,14.1375],[77.403,14.1115],[77.3455,14.062],[77.3335,14.031],[77.391,14.0155],[77.394,13.982],[77.427,13.903],[77.356,13.9045],[77.351,13.959],[77.321,14.033],[77.2855,14.015],[77.141,14.006],[77.128,14.05],[77.03,14.0605],[77.017,14.0995],[77.026,14.18],[76.9645,14.1825],[76.8975,14.166],[76.8895,14.138],[76.949,14.119],[76.9525,14.0925],[76.9375,14.03],[77.001,13.989],[76.9955,13.964],[77.0425,13.933],[77.0125,13.8575],[76.9755,13.818],[76.9995,13.7505],[77.042,13.777],[77.067,13.7465],[77.1025,13.769],[77.174,13.7625],[77.169,13.8235],[77.1465,13.867],[77.2,13.864],[77.2475,13.902],[77.258,13.8475],[77.3145,13.8655],[77.3275,13.834],[77.434,13.838],[77.4165,13.8075],[77.459,13.794],[77.4705,13.752],[77.458,13.6845],[77.488,13.712],[77.536,13.7155],[77.59,13.7395],[77.623,13.769],[77.679,13.7865],[77.704,13.7705],[77.737,13.8105],[77.8365,13.8695],[77.817,13.9315],[77.896,13.9405],[77.9205,13.9065],[77.96,13.937],[77.987,13.9025],[77.951,13.8805],[78.047,13.8625],[78.0505,13.896],[78.1155,13.863],[78.128,13.7865],[78.2305,13.781],[78.263,13.7985],[78.2465,13.852],[78.278,13.893],[78.388,13.9415],[78.4285,13.9785],[78.4715,13.994]]]},"properties":{"shapeName":"Anantapur"}},
{"type":"Feature","geometry":{"type":"Polygon","coordinates":[[[81.541,16.3495],[81.679,16.3315],[81.707,16.3155],[81.7245,16.333],[81.7065,16.4395],[81.752,16.437],[81.8535,16.5255],[81.866,16.6085],[81.8435,16.659],[81.7995,16.707],[81.786,16.766],[81.749,16.814],[81.754,16.867],[81.7755,16.904],[81.7725,17.0535],[81.7115,17.1615],[81.69,17.175],[81.6765,17.2485],[81.65,17.2595],[81.659,17.3225],[81.6175,17.3595],[81.607,17.4025],[81.567,17.453],[81.533,17.4635],[81.507,17.4995],[81.5025,17.458],[81.4425,17.3845],[81.3945,17.3645],[81.3395,17.4015],[81.276,17.3295],[81.1995,17.3365],[81.181,17.3145],[81.172,17.242],[81.1125,17.233],[81.035,17.196],[80.994,17.1885],[80.9395,17.214],[80.9145,17.21],[80.9185,17.1515],[80.8795,17.1555],[80.864,17.1205],[80.868,17.06],[80.9435,17.0655],[80.9645,17.0415],[80.9425,16.992],[80.94,16.9475],[81.039,16.7985],[81.014,16.7645],[80.9925,16.682],[80.955,16.661],[81.0045,16.5985],[81.011,16.562],[81.135,16.607],[81.218,16.701],[81.234,16.6535],[81.1985,16.629],[81.2205,16.5935],[81.276,16.6335],[81.305,16.69],[81.334,16.679],[81.325,16.625],[81.353,16.606],[81.34,16.5145],[81.438,16.414],[81.5015,16.385],[81.5475,16.389],[81.541,16.3495]]]},"properties":{"shapeName":"West Godavari"}},
{"type":"Feature","geometry":{"type":"Polygon","coordinates":[[[78.77,15.1865],[78.7605,15.106],[78.7635,15.039],[78.7205,15.022],[78.719,14.9665],[78.686,14.9375],[78.6365,14.9245],[78.604,14.9495],[78.552,14.934],[78.5155,14.9695],[78.529,15.0335],[78.4305,15.035],[78.4135,14.965],[78.3555,14.99],[78.36,15.029],[78.3955,15.055],[78.297,15.074],[78.288,15.0335],[78.249,15.0015],[78.2275,14.9495],[78.1895,14.96],[78.145,14.9465],[78.1195,14.928],[78.1005,14.874],[78.1175,14.857],[78.057,14.778],[78.118,14.6955],[78.1445,14.6855],[78.1285,14.626],[78.098,14.6265],[78.0475,14.5395],[77.988,14.5415],[77.997,14.502],[78.152,14.375],[78.302,14.308],[78.358,14.289],[78.4265,14.2805],[78.4105,14.2085],[78.426,14.1675],[78.4655,14.114],[78.4475,14.0825],[78.4435,14.024],[78.4715,13.994],[78.492,13.9405],[78.5465,13.991],[78.599,13.959],[78.589,13.9115],[78.6565,13.9],[78.6455,13.869],[78.7245,13.887],[78.767,13.8305],[78.8,13.88],[78.883,13.898],[79.031,13.888],[79.0815,13.8785],[79.1015,13.849],[79.151,13.861],[79.2185,13.811],[79.1925,13.794],[79.2275,13.7575],[79.2955,13.7585],[79.3115,13.7245],[79.4275,13.784],[79.4115,13.8115],[79.428,13.846],[79.4095,13.898],[79.429,13.95],[79.3845,13.955],[79.386,14.05],[79.4365,14.035],[79.4525,14.1085],[79.44,14.1295],[79.4145,14.2975],[79.3255,14.4425],[79.327,14.4785],[79.291,14.486],[79.2365,14.589],[79.1835,14.6155],[79.1695,14.678],[79.1775,14.715],[79.1435,14.789],[79.123,14.8665],[79.094,14.893],[79.072,14.9715],[79.077,15.0555],[79.058,15.143],[79.0685,15.1775],[79.0075,15.183],[78.9935,15.169],[78.9305,15.203],[78.8235,15.209],[78.77,15.1865]]]},"properties":{"shapeName":"Kadapa(YSR)"}},
{"type":"Feature","geometry":{"type":"Polygon","coordinates":[[[86.7995,23.833],[86.851,23.8235],[86.9015,23.8815],[86.948,23.845],[86.968,23.867],[87.0395,23.839],[87.0895,23.8075],[87.1585,23.8005],[87.135,23.853],[87.251,23.859],[87.297,23.8925],[87.2965,23.958],[87.264,23.972],[87.2375,24.0265],[87.17,24.0325],[87.116,24.0655],[87.1045,24.0955],[87.0515,24.1335],[86.979,24.11],[86.9725,24.063],[86.943,24.045],[86.8815,24.075],[86.833,24.057],[86.7875,24.072],[86.7845,24.1355],[86.684,24.1675],[86.681,24.1805],[86.5685,24.183],[86.457,24.0225],[86.524,23.9995],[86.5795,23.9995],[86.6575,23.9405],[86.7065,23.9235],[86.7245,23.8845],[86.769,23.8765],[86.7995,23.833]]]},"properties":{"shapeName":"Jamtara"}},
{"type":"Feature","geometry":{"type":"Polygon","coordinates":[[[86.24,22.9965],[86.1835,23.015],[86.121,23.0965],[86.05,23.1145],[86.0425,23.1465],[85.9875,23.1485],[85.9205,23.1325],[85.895,23.1545],[85.826,23.0915],[85.8075,23.0535],[85.8265,22.9965],[85.848,22.987],[85.8695,22.9125],[85.8285,22.9045],[85.7625,22.9335],[85.704,22.9445],[85.6575,22.938],[85.581,22.9065],[85.58,22.8665],[85.541,22.8665],[85.5165,22.809],[85.5685,22.8325],[85.609,22.8255],[85.6485,22.85],[85.7015,22.808],[85.711,22.743],[85.683,22.7295],[85.7265,22.6855],[85.828,22.72],[85.868,22.6875],[85.8835,22.619],[85.91,22.604],[85.899,22.527],[85.966,22.4825],[85.9745,22.5035],[86.067,22.5525],[86.1565,22.637],[86.159,22.7485],[86.1755,22.834],[86.2195,22.8905],[86.1935,22.8995],[86.197,22.9695],[86.24,22.9965]]]},"properties":{"shapeName":"Saraikela-Kharsawan"}},
{"type":"Feature","geometry":{"type":"Polygon","coordinates":[[[84.2945,22.773],[84.232,22.7375],[84.239,22.691],[84.1565,22.637],[84.087,22.639],[84.055,22.5965],[84.012,22.572],[84.0095,22.5235],[84.0645,22.5125],[84.144,22.4695],[84.1425,22.4235],[84.201,22.3745],[84.2535,22.3765],[84.296,22.3405],[84.4325,22.355],[84.481,22.4045],[84.5125,22.419],[84.6385,22.4315],[84.668,22.417],[84.7505,22.418],[84.759,22.445],[84.8075,22.447],[84.8865,22.421],[85.0685,22.4815],[85.08,22.571],[85.0435,22.681],[85.0585,22.735],[85.0055,22.785],[84.9785,22.7855],[84.9195,22.768],[84.8835,22.742],[84.8605,22.764],[84.7945,22.7545],[84.7325,22.8015],[84.696,22.742],[84.607,22.73],[84.593,22.7125],[84.526,22.7425],[84.459,22.794],[84.416,22.763],[84.34,22.7465],[84.2945,22.773]]]},"properties":{"shapeName":"Simdega"}},
{"type":"Feature","geometry":{"type":"Polygon","coordinates":[[[84.008,23.6335],[84.0295,23.598],[84.0195,23.509],[83.977,23.4485],[83.974,23.3755],[84.0135,23.354],[84.0505,23.375],[84.0775,23.331],[84.119,23.3505],[84.194,23.325],[84.2435,23.349],[84.2605,23.3785],[84.252,23.4515],[84.2905,23.4935],[84.3265,23.495],[84.319,23.579],[84.3645,23.608],[84.3955,23.638],[84.4625,23.6595],[84.505,23.688],[84.579,23.651],[84.619,23.6945],[84.717,23.6365],[84.7355,23.6385],[84.781,23.5545],[84.8535,23.5335],[84.886,23.558],[84.9205,23.546],[84.945,23.608],[84.922,23.6465],[84.935,23.691],[84.9635,23.714],[84.938,23.7295],[84.9175,23.8045],[84.9445,23.803],[84.9495,23.8745],[84.923,23.951],[84.8455,23.9655],[84.759,23.9675],[84.739,24],[84.679,24.011],[84.6315,23.982],[84.584,23.9865],[84.567,23.9275],[84.486,23.895],[84.4765,23.941],[84.449,23.959],[84.4075,23.933],[84.3485,23.95],[84.342,23.909],[84.3095,23.8635],[84.212,23.8995],[84.1815,23.9335],[84.1355,23.947],[84.132,23.9025],[84.0625,23.857],[84.0525,23.813],[84.0245,23.799],[83.989,23.7345],[84.04,23.7055],[84.0515,23.6695],[84.008,23.6335]]]},"properties":{"shapeName":"Latehar"}},
{"type":"Feature","geometry":{"type":"Polygon","coordinates":[[[85.581,22.9065],[85.5525,22.93],[85.6055,22.963],[85.644,23.0245],[85.611,23.051],[85.601,23.1035],[85.473,23.111],[85.452,23.163],[85.4205,23.16],[85.2965,23.1835],[85.2875,23.206],[85.237,23.2185],[85.226,23.258],[85.156,23.27],[85.1095,23.241],[85.0465,23.1775],[85.059,23.16],[85.0415,23.0875],[85.0005,23.073],[84.9875,23.0235],[84.946,23.007],[84.96,22.9475],[84.9575,22.837],[84.9785,22.7855],[85.0055,22.785],[85.0585,22.735],[85.0435,22.681],[85.08,22.571],[85.077,22.6145],[85.1155,22.6585],[85.1425,22.7385],[85.1405,22.7785],[85.1685,22.835],[85.2005,22.815],[85.3095,22.883],[85.342,22.8855],[85.39,22.842],[85.432,22.8355],[85.4575,22.802],[85.5165,22.809],[85.541,22.8665],[85.58,22.8665],[85.581,22.9065]]]},"properties":{"shapeName":"Khunti"}},
{"type":"Feature","geometry":{"type":"Polygon","coordinates":[[[85.5165,22.809],[85.4575,22.802],[85.432,22.8355],[85.39,22.842],[85.342,22.8855],[85.3095,22.883],[85.2005,22.815],[85.1685,22.835],[85.1405,22.7785],[85.1425,22.7385],[85.1155,22.6585],[85.077,22.6145],[85.08,22.571],[85.0685,22.4815],[85.063,22.448],[85.089,22.382],[85.08,22.352],[85.1115,22.295],[85.0765,22.276],[85.0755,22.2345],[85.0315,22.158],[85.05,22.1145],[85.105,22.1],[85.2165,22.0475],[85.237,22.0045],[85.28,22.084],[85.369,22.1585],[85.416,22.16],[85.4915,22.1205],[85.597,22.079],[85.6505,22.0945],[85.6775,22.056],[85.728,22.0625],[85.8075,22.115],[85.7845,22.0405],[85.7615,22.013],[85.79,21.983],[85.887,21.9795],[85.957,22.036],[86.008,22.1175],[86,22.136],[86.032,22.1895],[85.975,22.2475],[86.014,22.297],[85.9985,22.342],[86.027,22.386],[85.959,22.46],[85.966,22.4825],[85.899,22.527],[85.91,22.604],[85.8835,22.619],[85.868,22.6875],[85.828,22.72],[85.7265,22.6855],[85.683,22.7295],[85.711,22.743],[85.7015,22.808],[85.6485,22.85],[85.609,22.8255],[85.5685,22.8325],[85.5165,22.809]]]},"properties":{"shapeName":"Pashchimi Singhbhum"}},
{"type":"Feature","geometry":{"type":"MultiPolygon","coordinates":[[[[85.8475,24.2755],[85.6835,24.2875],[85.654,24.327],[85.6105,24.3205],[85.5385,24.343],[85.482,24.302],[85.426,24.3415],[85.3805,24.33],[85.3475,24.274],[85.3495,24.247],[85.2735,24.1975],[85.1725,24.22],[85.1465,24.209],[85.144,24.1665],[85.168,24.103],[85.232,24.0275],[85.2075,23.9835],[85.161,23.9375],[85.1155,23.929],[85.08,23.9645],[85.0285,23.896],[85.0555,23.8245],[85.045,23.806],[85.058,23.7095],[85.107,23.6645],[85.1655,23.667],[85.1885,23.71],[85.2375,23.686],[85.309,23.682],[85.338,23.7005],[85.406,23.649],[85.434,23.704],[85.463,23.723],[85.4695,23.7675],[85.4325,23.7905],[85.527,23.836],[85.561,23.867],[85.5935,23.9545],[85.632,23.942],[85.688,23.9445],[85.746,23.9275],[85.8015,23.8815],[85.8075,23.8465],[85.838,23.83],[85.89,23.9015],[85.884,23.942],[85.9195,23.956],[85.814,24.0425],[85.774,24.03],[85.7445,24.0585],[85.681,24.062],[85.712,24.124],[85.6695,24.1565],[85.6785,24.183],[85.7315,24.2065],[85.852,24.2245],[85.8475,24.2755]]],[[[85.334,24.298],[85.3505,24.3515],[85.329,24.4115],[85.3345,24.4735],[85.2885,24.4975],[85.2305,24.4715],[85.1575,24.4635],[85.176,24.43],[85.0875,24.3815],[85.092,24.3245],[85.1575,24.344],[85.182,24.3195],[85.2815,24.324],[85.334,24.298]]]]},"properties":{"shapeName":"Hazaribagh"}},
{"type":"Feature","geometry":{"type":"Polygon","coordinates":[[[84.9635,23.714],[84.997,23.6815],[85.058,23.7095],[85.045,23.806],[85.0555,23.8245],[85.0285,23.896],[85.08,23.9645],[85.1155,23.929],[85.161,23.9375],[85.2075,23.9835],[85.232,24.0275],[85.168,24.103],[85.144,24.1665],[85.1465,24.209],[85.1725,24.22],[85.2735,24.1975],[85.3495,24.247],[85.3475,24.274],[85.334,24.298],[85.2815,24.324],[85.182,24.3195],[85.1575,24.344],[85.092,24.3245],[85.0875,24.3815],[85.0815,24.409],[85.039,24.426],[84.9975,24.4125],[84.9755,24.3765],[84.9105,24.3725],[84.87,24.458],[84.834,24.4705],[84.8265,24.525],[84.749,24.4965],[84.686,24.4565],[84.6655,24.394],[84.5795,24.4125],[84.5005,24.287],[84.456,24.2615],[84.473,24.2105],[84.528,24.1915],[84.552,24.1535],[84.5535,24.1035],[84.5745,24.0705],[84.554,24.0165],[84.584,23.9865],[84.6315,23.982],[84.679,24.011],[84.739,24],[84.759,23.9675],[84.8455,23.9655],[84.923,23.951],[84.9495,23.8745],[84.9445,23.803],[84.9175,23.8045],[84.938,23.7295],[84.9635,23.714]]]},"properties":{"shapeName":"Chatra"}},
{"type":"Feature","geometry":{"type":"Polygon","coordinates":[[[86.067,22.5525],[86.1065,22.494],[86.2075,22.474],[86.2255,22.453],[86.293,22.4295],[86.358,22.3495],[86.4295,22.3105],[86.505,22.345],[86.5295,22.307],[86.583,22.302],[86.6505,22.266],[86.653,22.24],[86.7275,22.22],[86.8045,22.218],[86.825,22.265],[86.89,22.2565],[86.89,22.3],[86.8335,22.329],[86.8435,22.4055],[86.7685,22.427],[86.75,22.4745],[86.803,22.503],[86.7605,22.578],[86.6565,22.5795],[86.639,22.601],[86.641,22.6595],[86.56,22.7115],[86.484,22.726],[86.459,22.763],[86.421,22.78],[86.438,22.864],[86.468,22.9],[86.475,22.95],[86.5235,22.9475],[86.5025,22.993],[86.4215,22.998],[86.398,22.9775],[86.297,23.013],[86.24,22.9965],[86.197,22.9695],[86.1935,22.8995],[86.2195,22.8905],[86.1755,22.834],[86.159,22.7485],[86.1565,22.637],[86.067,22.5525]]]},"properties":{"shapeName":"Purbi Singhbhum"}},
{"type":"Feature","geometry":{"type":"Polygon","coordinates":[[[85.8475,24.2755],[85.8695,24.295],[85.8445,24.353],[85.8525,24.4205],[85.8315,24.45],[85.8655,24.5005],[85.793,24.552],[85.7305,24.5795],[85.7505,24.627],[85.79,24.6655],[85.8335,24.686],[85.822,24.73],[85.893,24.736],[85.911,24.762],[85.8845,24.801],[85.817,24.795],[85.7435,24.823],[85.71,24.758],[85.7115,24.729],[85.67,24.665],[85.68,24.5935],[85.651,24.579],[85.605,24.598],[85.525,24.525],[85.493,24.5515],[85.4195,24.5445],[85.377,24.53],[85.286,24.5195],[85.2885,24.4975],[85.3345,24.4735],[85.329,24.4115],[85.3505,24.3515],[85.334,24.298],[85.3475,24.274],[85.3805,24.33],[85.426,24.3415],[85.482,24.302],[85.5385,24.343],[85.6105,24.3205],[85.654,24.327],[85.6835,24.2875],[85.8475,24.2755]]]},"properties":{"shapeName":"Kodarma"}},
{"type":"Feature","geometry":{"type":"Polygon","coordinates":[[[86.5685,24.183],[86.4895,24.1885],[86.493,24.259],[86.458,24.37],[86.4215,24.3805],[86.3595,24.443],[86.3255,24.4415],[86.3,24.4775],[86.3185,24.5095],[86.2985,24.587],[86.172,24.5845],[86.132,24.6125],[86.14,24.6765],[86.112,24.7365],[86.0365,24.772],[85.9765,24.734],[85.911,24.762],[85.893,24.736],[85.822,24.73],[85.8335,24.686],[85.79,24.6655],[85.7505,24.627],[85.7305,24.5795],[85.793,24.552],[85.8655,24.5005],[85.8315,24.45],[85.8525,24.4205],[85.8445,24.353],[85.8695,24.295],[85.8475,24.2755],[85.852,24.2245],[85.7315,24.2065],[85.6785,24.183],[85.6695,24.1565],[85.712,24.124],[85.681,24.062],[85.7445,24.0585],[85.774,24.03],[85.814,24.0425],[85.9195,23.956],[85.9595,23.899],[86.0095,23.9115],[86.0945,23.8895],[86.1185,23.8945],[86.137,23.937],[86.1975,23.9485],[86.2795,23.9335],[86.305,23.991],[86.34,24.019],[86.349,24.056],[86.457,24.0225],[86.5685,24.183]]]},"properties":{"shapeName":"Giridih"}},
{"type":"Feature","geometry":{"type":"Polygon","coordinates":[[[84.3645,23.608],[84.431,23.5405],[84.449,23.457],[84.424,23.427],[84.431,23.366],[84.453,23.33],[84.492,23.3335],[84.5685,23.2825],[84.6335,23.2755],[84.717,23.29],[84.774,23.2595],[84.858,23.2745],[84.8975,23.3205],[84.904,23.3645],[84.886,23.4025],[84.945,23.501],[84.886,23.558],[84.8535,23.5335],[84.781,23.5545],[84.7355,23.6385],[84.717,23.6365],[84.619,23.6945],[84.579,23.651],[84.505,23.688],[84.4625,23.6595],[84.3955,23.638],[84.3645,23.608]]]},"properties":{"shapeName":"Lohardaga"}},
{"type":"Feature","geometry":{"type":"Polygon","coordinates":[[[87.9015,24.8555],[87.971,24.8825],[87.9745,24.9245],[87.869,25.041],[87.798,25.0765],[87.7775,25.1],[87.776,25.153],[87.7925,25.2215],[87.828,25.235],[87.7555,25.2675],[87.591,25.303],[87.553,25.3315],[87.544,25.297],[87.4785,25.232],[87.508,25.205],[87.5265,25.063],[87.507,25.0215],[87.4725,25.004],[87.482,24.951],[87.4615,24.886],[87.5115,24.7985],[87.5455,24.8275],[87.599,24.7835],[87.7195,24.74],[87.8365,24.747],[87.87,24.7755],[87.9015,24.8555]]]},"properties":{"shapeName":"Sahibganj"}},
{"type":"Feature","geometry":{"type":"Polygon","coordinates":[[[87.4785,25.232],[87.477,25.1955],[87.397,25.228],[87.3755,25.206],[87.3215,25.1975],[87.2965,25.09],[87.264,25.1055],[87.217,25.0905],[87.175,25.051],[87.151,25.025],[87.159,24.992],[87.1525,24.8635],[87.1115,24.8485],[87.0825,24.8095],[87.087,24.7255],[87.0495,24.6255],[87.0705,24.6425],[87.171,24.615],[87.219,24.588],[87.2805,24.6035],[87.314,24.597],[87.3875,24.5025],[87.405,24.5065],[87.3915,24.5455],[87.4655,24.57],[87.4485,24.626],[87.473,24.659],[87.459,24.7325],[87.438,24.7615],[87.461,24.793],[87.5115,24.7985],[87.4615,24.886],[87.482,24.951],[87.4725,25.004],[87.507,25.0215],[87.5265,25.063],[87.508,25.205],[87.4785,25.232]]]},"properties":{"shapeName":"Godda"}},
{"type":"Feature","geometry":{"type":"Polygon","coordinates":[[[84.584,23.9865],[84.554,24.0165],[84.5745,24.0705],[84.5535,24.1035],[84.552,24.1535],[84.528,24.1915],[84.473,24.2105],[84.456,24.2615],[84.5005,24.287],[84.462,24.339],[84.343,24.396],[84.3375,24.431],[84.3005,24.4505],[84.329,24.4895],[84.3005,24.5655],[84.266,24.5375],[84.228,24.55],[84.1805,24.5415],[84.1175,24.481],[84.0545,24.6115],[84.005,24.636],[83.936,24.5475],[83.866,24.5365],[83.8475,24.477],[83.8525,24.427],[83.8165,24.3805],[83.819,24.297],[83.8665,24.229],[83.9175,24.1835],[83.98,24.1455],[83.9825,24.1085],[83.8825,24.0795],[83.8355,24.0225],[83.9365,23.938],[83.92,23.915],[83.9435,23.8725],[83.9765,23.8605],[84.0245,23.799],[84.0525,23.813],[84.0625,23.857],[84.132,23.9025],[84.1355,23.947],[84.1815,23.9335],[84.212,23.8995],[84.3095,23.8635],[84.342,23.909],[84.3485,23.95],[84.4075,23.933],[84.449,23.959],[84.4765,23.941],[84.486,23.895],[84.567,23.9275],[84.584,23.9865]]]},"properties":{"shapeName":"Palamu"}},
{"type":"Feature","geometry":{"type":"Polygon","coordinates":[[[86.457,24.0225],[86.349,24.056],[86.34,24.019],[86.305,23.991],[86.2795,23.9335],[86.1975,23.9485],[86.137,23.937],[86.1185,23.8945],[86.1445,23.831],[86.2135,23.7095],[86.372,23.702],[86.422,23.659],[86.4445,23.622],[86.4865,23.6375],[86.534,23.6315],[86.596,23.6645],[86.716,23.6995],[86.743,23.68],[86.8005,23.696],[86.825,23.7635],[86.7995,23.833],[86.769,23.8765],[86.7245,23.8845],[86.7065,23.9235],[86.6575,23.9405],[86.5795,23.9995],[86.524,23.9995],[86.457,24.0225]]]},"properties":{"shapeName":"Dhanbad"}},
{"type":"Feature","geometry":{"type":"Polygon","coordinates":[[[87.2375,24.0265],[87.2485,24.044],[87.32,24.0065],[87.3945,24.004],[87.4435,23.98],[87.5155,24.0415],[87.4955,24.054],[87.501,24.1175],[87.5745,24.0895],[87.584,24.1635],[87.694,24.152],[87.646,24.2515],[87.584,24.259],[87.5885,24.325],[87.573,24.38],[87.5735,24.5055],[87.4995,24.5255],[87.405,24.5065],[87.3875,24.5025],[87.314,24.597],[87.2805,24.6035],[87.219,24.588],[87.171,24.615],[87.0705,24.6425],[87.0495,24.6255],[87.0155,24.6075],[86.9415,24.6315],[86.9035,24.588],[86.9165,24.54],[86.913,24.495],[86.885,24.4405],[86.962,24.3175],[87.025,24.326],[87.0445,24.2625],[87.0705,24.2535],[87.037,24.2025],[86.994,24.218],[86.9335,24.144],[86.979,24.11],[87.0515,24.1335],[87.1045,24.0955],[87.116,24.0655],[87.17,24.0325],[87.2375,24.0265]]]},"properties":{"shapeName":"Dumka"}},
{"type":"Feature","geometry":{"type":"Polygon","coordinates":[[[85.632,23.942],[85.5725,23.806],[85.6125,23.7755],[85.582,23.6545],[85.5865,23.629],[85.655,23.591],[85.6645,23.6115],[85.773,23.6605],[85.839,23.504],[85.8835,23.478],[85.9435,23.4575],[86.026,23.49],[86.0385,23.5205],[86.0165,23.5635],[86.043,23.5855],[86.0785,23.5705],[86.154,23.5675],[86.1485,23.5295],[86.1845,23.4775],[86.23,23.438],[86.3055,23.446],[86.357,23.466],[86.3635,23.5455],[86.4445,23.622],[86.422,23.659],[86.372,23.702],[86.2135,23.7095],[86.1445,23.831],[86.1185,23.8945],[86.0945,23.8895],[86.0095,23.9115],[85.9595,23.899],[85.9195,23.956],[85.884,23.942],[85.89,23.9015],[85.838,23.83],[85.8075,23.8465],[85.8015,23.8815],[85.746,23.9275],[85.688,23.9445],[85.632,23.942]]]},"properties":{"shapeName":"Bokaro"}},
{"type":"Feature","geometry":{"type":"Polygon","coordinates":[[[86.979,24.11],[86.9335,24.144],[86.994,24.218],[87.037,24.2025],[87.0705,24.2535],[87.0445,24.2625],[87.025,24.326],[86.962,24.3175],[86.885,24.4405],[86.913,24.495],[86.9165,24.54],[86.882,24.5685],[86.814,24.565],[86.7975,24.6165],[86.674,24.562],[86.6065,24.602],[86.589,24.574],[86.5295,24.537],[86.496,24.4855],[86.4945,24.4265],[86.458,24.37],[86.493,24.259],[86.4895,24.1885],[86.5685,24.183],[86.681,24.1805],[86.684,24.1675],[86.7845,24.1355],[86.7875,24.072],[86.833,24.057],[86.8815,24.075],[86.943,24.045],[86.9725,24.063],[86.979,24.11]]]},"properties":{"shapeName":"Deoghar"}},
{"type":"Feature","geometry":{"type":"Polygon","coordinates":[[[84.9785,22.7855],[84.9575,22.837],[84.96,22.9475],[84.946,23.007],[84.904,23.0555],[84.886,23.1405],[84.9205,23.169],[84.951,23.2285],[84.9135,23.244],[84.8975,23.3205],[84.858,23.2745],[84.774,23.2595],[84.717,23.29],[84.6335,23.2755],[84.5685,23.2825],[84.492,23.3335],[84.453,23.33],[84.431,23.366],[84.424,23.427],[84.449,23.457],[84.431,23.5405],[84.3645,23.608],[84.319,23.579],[84.3265,23.495],[84.2905,23.4935],[84.252,23.4515],[84.2605,23.3785],[84.2435,23.349],[84.194,23.325],[84.119,23.3505],[84.0775,23.331],[84.0575,23.2425],[84.063,23.198],[84.041,23.1695],[84.043,23.1365],[84.095,23.111],[84.1385,23.069],[84.1315,23.0335],[84.151,22.99],[84.186,23.0245],[84.224,22.9785],[84.2855,22.963],[84.3385,22.981],[84.3775,22.977],[84.396,22.941],[84.3825,22.876],[84.327,22.8515],[84.2945,22.773],[84.34,22.7465],[84.416,22.763],[84.459,22.794],[84.526,22.7425],[84.593,22.7125],[84.607,22.73],[84.696,22.742],[84.7325,22.8015],[84.7945,22.7545],[84.8605,22.764],[84.8835,22.742],[84.9195,22.768],[84.9785,22.7855]]]},"properties":{"shapeName":"Gumla"}},
{"type":"Feature","geometry":{"type":"Polygon","coordinates":[[[85.2375,23.686],[85.204,23.6335],[85.268,23.5805],[85.4525,23.5495],[85.5245,23.5755],[85.607,23.482],[85.7185,23.4415],[85.7585,23.4605],[85.8165,23.454],[85.8665,23.4305],[85.8835,23.478],[85.839,23.504],[85.773,23.6605],[85.6645,23.6115],[85.655,23.591],[85.5865,23.629],[85.582,23.6545],[85.6125,23.7755],[85.5725,23.806],[85.632,23.942],[85.5935,23.9545],[85.561,23.867],[85.527,23.836],[85.4325,23.7905],[85.4695,23.7675],[85.463,23.723],[85.434,23.704],[85.406,23.649],[85.338,23.7005],[85.309,23.682],[85.2375,23.686]]]},"properties":{"shapeName":"Ramgarh"}},
{"type":"Feature","geometry":{"type":"Polygon","coordinates":[[[84.0245,23.799],[83.9765,23.8605],[83.9435,23.8725],[83.92,23.915],[83.9365,23.938],[83.8355,24.0225],[83.8825,24.0795],[83.9825,24.1085],[83.98,24.1455],[83.9175,24.1835],[83.8665,24.229],[83.819,24.297],[83.8165,24.3805],[83.8525,24.427],[83.8475,24.477],[83.866,24.5365],[83.802,24.529],[83.7245,24.5045],[83.69,24.515],[83.608,24.5125],[83.5055,24.5285],[83.401,24.5005],[83.389,24.4545],[83.4065,24.411],[83.4375,24.403],[83.442,24.347],[83.3835,24.3135],[83.4095,24.2655],[83.3565,24.126],[83.331,24.101],[83.391,24.0995],[83.433,24.0835],[83.455,24.042],[83.517,24.025],[83.52,23.967],[83.557,23.893],[83.5885,23.862],[83.6635,23.844],[83.703,23.808],[83.7365,23.755],[83.7395,23.705],[83.722,23.683],[83.7595,23.6495],[83.782,23.6],[83.9425,23.564],[83.945,23.623],[84.008,23.6335],[84.0515,23.6695],[84.04,23.7055],[83.989,23.7345],[84.0245,23.799]]]},"properties":{"shapeName":"Garhwa"}},
{"type":"Feature","geometry":{"type":"Polygon","coordinates":[[[85.895,23.1545],[85.8405,23.1945],[85.832,23.2655],[85.867,23.306],[85.8665,23.4305],[85.8165,23.454],[85.7585,23.4605],[85.7185,23.4415],[85.607,23.482],[85.5245,23.5755],[85.4525,23.5495],[85.268,23.5805],[85.204,23.6335],[85.2375,23.686],[85.1885,23.71],[85.1655,23.667],[85.107,23.6645],[85.058,23.7095],[84.997,23.6815],[84.9635,23.714],[84.935,23.691],[84.922,23.6465],[84.945,23.608],[84.9205,23.546],[84.886,23.558],[84.945,23.501],[84.886,23.4025],[84.904,23.3645],[84.8975,23.3205],[84.9135,23.244],[84.951,23.2285],[84.9205,23.169],[84.886,23.1405],[84.904,23.0555],[84.946,23.007],[84.9875,23.0235],[85.0005,23.073],[85.0415,23.0875],[85.059,23.16],[85.0465,23.1775],[85.1095,23.241],[85.156,23.27],[85.226,23.258],[85.237,23.2185],[85.2875,23.206],[85.2965,23.1835],[85.4205,23.16],[85.452,23.163],[85.473,23.111],[85.601,23.1035],[85.611,23.051],[85.644,23.0245],[85.6055,22.963],[85.5525,22.93],[85.581,22.9065],[85.6575,22.938],[85.704,22.9445],[85.7625,22.9335],[85.8285,22.9045],[85.8695,22.9125],[85.848,22.987],[85.8265,22.9965],[85.8075,23.0535],[85.826,23.0915],[85.895,23.1545]]]},"properties":{"shapeName":"Ranchi"}},
{"type":"Feature","geometry":{"type":"Polygon","coordinates":[[[87.5115,24.7985],[87.461,24.793],[87.438,24.7615],[87.459,24.7325],[87.473,24.659],[87.4485,24.626],[87.4655,24.57],[87.3915,24.5455],[87.405,24.5065],[87.4995,24.5255],[87.5735,24.5055],[87.573,24.38],[87.5885,24.325],[87.584,24.259],[87.646,24.2515],[87.673,24.2445],[87.7605,24.3055],[87.802,24.384],[87.7925,24.4335],[87.8225,24.47],[87.803,24.4935],[87.804,24.5605],[87.8525,24.5525],[87.892,24.564],[87.916,24.6635],[87.9055,24.723],[87.8365,24.747],[87.7195,24.74],[87.599,24.7835],[87.5455,24.8275],[87.5115,24.7985]]]},"properties":{"shapeName":"Pakur"}},
{"type":"Feature","geometry":{"type":"Polygon","coordinates":[[[84.465,25.142],[84.487,25.106],[84.5735,25.1355],[84.62,25.1185],[84.698,25.1155],[84.7595,25.0635],[84.7995,25.0605],[84.838,25.0855],[84.884,25.075],[84.883,25.1165],[84.852,25.1405],[84.849,25.2155],[84.8745,25.2495],[84.8295,25.2375],[84.7265,25.3335],[84.6845,25.296],[84.6315,25.225],[84.529,25.1995],[84.465,25.142]]]},"properties":{"shapeName":"Arwal"}},
{"type":"Feature","geometry":{"type":"Polygon","coordinates":[[[87.553,25.3315],[87.487,25.369],[87.4615,25.367],[87.339,25.4165],[87.2765,25.3715],[87.2145,25.3955],[87.226,25.4535],[87.1495,25.4365],[87.0825,25.443],[87.0975,25.516],[87.072,25.473],[86.9595,25.4485],[86.928,25.476],[86.86,25.4385],[86.804,25.4325],[86.8085,25.3965],[86.844,25.357],[86.7735,25.3215],[86.764,25.2695],[86.7145,25.252],[86.636,25.2455],[86.6755,25.1915],[86.6745,25.1145],[86.682,25.123],[86.842,25.1085],[86.8745,25.0985],[87.1175,25.0815],[87.13,25.0555],[87.175,25.051],[87.217,25.0905],[87.264,25.1055],[87.2965,25.09],[87.3215,25.1975],[87.3755,25.206],[87.397,25.228],[87.477,25.1955],[87.4785,25.232],[87.544,25.297],[87.553,25.3315]]]},"properties":{"shapeName":"Bhagalpur"}},
{"type":"Feature","geometry":{"type":"Polygon","coordinates":[[[87.226,25.4535],[87.234,25.531],[87.2735,25.5675],[87.2685,25.707],[87.346,25.676],[87.483,25.677],[87.5615,25.655],[87.574,25.676],[87.6595,25.69],[87.6885,25.7495],[87.793,25.7675],[87.821,25.7925],[87.812,25.8275],[87.8265,25.8775],[87.8125,25.93],[87.8295,25.9465],[87.8125,25.9895],[87.836,26.0225],[87.848,26.107],[87.6795,26.1295],[87.6665,26.088],[87.63,26.0875],[87.6265,26.0345],[87.579,26.0015],[87.5155,25.983],[87.425,25.9895],[87.4025,25.9535],[87.342,25.97],[87.2745,25.9695],[87.2585,25.951],[87.175,25.9235],[87.0775,25.9385],[87.0055,25.9185],[87.0565,25.8225],[87.0295,25.7885],[87.021,25.7195],[87.0615,25.6735],[87.0435,25.633],[87.0685,25.525],[87.0975,25.516],[87.0825,25.443],[87.1495,25.4365],[87.226,25.4535]]]},"properties":{"shapeName":"Purnia"}},
{"type":"Feature","geometry":{"type":"Polygon","coordinates":[[[87.0975,25.516],[87.0685,25.525],[87.0435,25.633],[87.0615,25.6735],[87.021,25.7195],[87.0295,25.7885],[87.0565,25.8225],[87.0055,25.9185],[87.0775,25.9385],[87.0925,26.0345],[87.1235,26.0445],[86.935,26.0915],[86.77,26.089],[86.741,26.112],[86.6875,26.0545],[86.677,26.024],[86.6395,26.011],[86.61,25.9955],[86.6015,25.942],[86.675,25.9085],[86.684,25.873],[86.8215,25.867],[86.8425,25.7975],[86.8335,25.7085],[86.7725,25.653],[86.814,25.6125],[86.8245,25.5225],[86.7925,25.4565],[86.804,25.4325],[86.86,25.4385],[86.928,25.476],[86.9595,25.4485],[87.072,25.473],[87.0975,25.516]]]},"properties":{"shapeName":"Madhepura"}},
{"type":"Feature","geometry":{"type":"Polygon","coordinates":[[[87.8295,25.9465],[87.848,26.0445],[87.9185,26.091],[87.9655,26.084],[87.9755,26.1545],[88.005,26.1405],[88.043,26.178],[88.0805,26.1815],[88.15,26.253],[88.2305,26.2895],[88.2795,26.3775],[88.235,26.39],[88.2685,26.428],[88.2425,26.4495],[88.1855,26.494],[88.2395,26.5325],[88.1885,26.543],[88.138,26.5125],[88.1025,26.542],[88.091,26.504],[88.1065,26.465],[88.096,26.432],[87.992,26.3715],[87.931,26.4185],[87.9,26.4775],[87.8635,26.468],[87.8485,26.4365],[87.793,26.469],[87.7745,26.4245],[87.7335,26.408],[87.711,26.4275],[87.652,26.3935],[87.587,26.382],[87.625,26.3325],[87.676,26.2395],[87.6705,26.159],[87.6795,26.1295],[87.848,26.107],[87.836,26.0225],[87.8125,25.9895],[87.8295,25.9465]]]},"properties":{"shapeName":"Kishanganj"}},
{"type":"Feature","geometry":{"type":"Polygon","coordinates":[[[85.2885,24.4975],[85.286,24.5195],[85.377,24.53],[85.4195,24.5445],[85.3355,24.5635],[85.34,24.5905],[85.3125,24.647],[85.342,24.7305],[85.312,24.768],[85.319,24.84],[85.3425,24.9],[85.3915,24.9165],[85.3995,24.9845],[85.308,25.048],[85.249,25.0745],[85.2105,25.0705],[85.1445,25.0715],[85.1305,25.03],[85.0685,25.0225],[85.064,25.0465],[84.9755,25.003],[84.931,25.05],[84.884,25.075],[84.838,25.0855],[84.7995,25.0605],[84.7595,25.0635],[84.728,25.034],[84.757,24.9925],[84.739,24.925],[84.682,24.8885],[84.676,24.8645],[84.7545,24.8],[84.7415,24.7055],[84.6815,24.687],[84.6565,24.655],[84.621,24.655],[84.614,24.597],[84.571,24.5245],[84.5235,24.516],[84.422,24.5665],[84.3995,24.5155],[84.329,24.4895],[84.3005,24.4505],[84.3375,24.431],[84.343,24.396],[84.462,24.339],[84.5005,24.287],[84.5795,24.4125],[84.6655,24.394],[84.686,24.4565],[84.749,24.4965],[84.8265,24.525],[84.834,24.4705],[84.87,24.458],[84.9105,24.3725],[84.9755,24.3765],[84.9975,24.4125],[85.039,24.426],[85.0815,24.409],[85.0875,24.3815],[85.176,24.43],[85.1575,24.4635],[85.2305,24.4715],[85.2885,24.4975]]]},"properties":{"shapeName":"Gaya"}},
{"type":"Feature","geometry":{"type":"Polygon","coordinates":[[[87.175,25.051],[87.13,25.0555],[87.1175,25.0815],[86.8745,25.0985],[86.842,25.1085],[86.682,25.123],[86.6745,25.1145],[86.635,25.0495],[86.6405,24.9695],[86.574,24.9355],[86.5285,24.9765],[86.501,24.971],[86.4845,24.958],[86.4855,24.8935],[86.5225,24.8765],[86.532,24.8215],[86.4885,24.752],[86.545,24.76],[86.568,24.6805],[86.612,24.6535],[86.6065,24.602],[86.674,24.562],[86.7975,24.6165],[86.814,24.565],[86.882,24.5685],[86.9165,24.54],[86.9035,24.588],[86.9415,24.6315],[87.0155,24.6075],[87.0495,24.6255],[87.087,24.7255],[87.0825,24.8095],[87.1115,24.8485],[87.1525,24.8635],[87.159,24.992],[87.151,25.025],[87.175,25.051]]]},"properties":{"shapeName":"Banka"}},
{"type":"Feature","geometry":{"type":"Polygon","coordinates":[[[84.329,24.4895],[84.3995,24.5155],[84.422,24.5665],[84.5235,24.516],[84.571,24.5245],[84.614,24.597],[84.621,24.655],[84.6565,24.655],[84.6815,24.687],[84.7415,24.7055],[84.7545,24.8],[84.676,24.8645],[84.682,24.8885],[84.739,24.925],[84.757,24.9925],[84.728,25.034],[84.7595,25.0635],[84.698,25.1155],[84.62,25.1185],[84.5735,25.1355],[84.487,25.106],[84.465,25.142],[84.4565,25.148],[84.418,25.074],[84.3035,25.01],[84.1885,24.8705],[84.1,24.788],[84.032,24.6935],[84.005,24.636],[84.0545,24.6115],[84.1175,24.481],[84.1805,24.5415],[84.228,24.55],[84.266,24.5375],[84.3005,24.5655],[84.329,24.4895]]]},"properties":{"shapeName":"Aurangabad"}},
{"type":"Feature","geometry":{"type":"Polygon","coordinates":[[[85.911,24.762],[85.9765,24.734],[86.0365,24.772],[85.9395,24.8505],[85.886,24.866],[85.873,24.9135],[85.837,24.9035],[85.8375,24.9855],[85.795,24.983],[85.781,25.0605],[85.7905,25.1125],[85.712,25.12],[85.7075,25.135],[85.6485,25.1335],[85.669,25.095],[85.617,25.0525],[85.5625,25.0565],[85.3995,24.9845],[85.3915,24.9165],[85.3425,24.9],[85.319,24.84],[85.312,24.768],[85.342,24.7305],[85.3125,24.647],[85.34,24.5905],[85.3355,24.5635],[85.4195,24.5445],[85.493,24.5515],[85.525,24.525],[85.605,24.598],[85.651,24.579],[85.68,24.5935],[85.67,24.665],[85.7115,24.729],[85.71,24.758],[85.7435,24.823],[85.817,24.795],[85.8845,24.801],[85.911,24.762]]]},"properties":{"shapeName":"Nawada"}},
{"type":"Feature","geometry":{"type":"Polygon","coordinates":[[[87.6795,26.1295],[87.6705,26.159],[87.676,26.2395],[87.625,26.3325],[87.587,26.382],[87.5165,26.431],[87.4665,26.4405],[87.3885,26.419],[87.3135,26.3675],[87.266,26.374],[87.2465,26.4145],[87.1625,26.404],[87.0915,26.4505],[87.073,26.542],[87.062,26.473],[87.0765,26.3785],[87.0505,26.331],[87.0715,26.2455],[87.11,26.1915],[87.0925,26.0985],[87.1235,26.0445],[87.0925,26.0345],[87.0775,25.9385],[87.175,25.9235],[87.2585,25.951],[87.2745,25.9695],[87.342,25.97],[87.4025,25.9535],[87.425,25.9895],[87.5155,25.983],[87.579,26.0015],[87.6265,26.0345],[87.63,26.0875],[87.6665,26.088],[87.6795,26.1295]]]},"properties":{"shapeName":"Araria"}},
{"type":"Feature","geometry":{"type":"Polygon","coordinates":[[[84.7825,27.014],[84.757,27.003],[84.643,27.0465],[84.666,27.0875],[84.6895,27.2235],[84.6205,27.339],[84.472,27.3555],[84.295,27.3845],[84.254,27.452],[84.149,27.486],[84.1085,27.522],[84.052,27.443],[83.931,27.4495],[83.8675,27.4245],[83.888,27.3585],[83.863,27.3465],[83.8645,27.308],[83.918,27.327],[83.908,27.276],[83.912,27.249],[83.958,27.235],[83.995,27.1785],[83.948,27.108],[83.9645,27.083],[84.034,27.042],[84.059,26.988],[84.0445,26.946],[84.0615,26.889],[84.1315,26.89],[84.14,26.8525],[84.238,26.867],[84.2615,26.806],[84.234,26.7545],[84.2515,26.7285],[84.307,26.7505],[84.3345,26.682],[84.4115,26.669],[84.4195,26.631],[84.4815,26.6105],[84.526,26.6625],[84.635,26.701],[84.7015,26.716],[84.7275,26.75],[84.7215,26.7815],[84.742,26.8515],[84.7055,26.891],[84.699,26.9325],[84.747,26.964],[84.7825,27.014]]]},"properties":{"shapeName":"Pashchim Champaran"}},
{"type":"Feature","geometry":{"type":"Polygon","coordinates":[[[85.705,26.092],[85.7055,26.117],[85.745,26.1565],[85.717,26.1785],[85.7215,26.219],[85.6945,26.2445],[85.715,26.2945],[85.7015,26.321],[85.6535,26.3285],[85.5815,26.375],[85.507,26.367],[85.4255,26.278],[85.3795,26.3335],[85.279,26.345],[85.25,26.305],[85.182,26.292],[85.153,26.3245],[85.116,26.306],[85.044,26.3325],[85.016,26.31],[84.8855,26.3015],[84.8435,26.244],[84.847,26.22],[84.8905,26.1685],[84.884,26.1405],[84.9235,26.1155],[84.9365,26.064],[84.925,26.018],[84.985,26.015],[85.049,25.992],[85.0745,25.982],[85.155,26.015],[85.285,26.008],[85.28,25.958],[85.3275,25.964],[85.3635,25.942],[85.403,25.9545],[85.4475,25.937],[85.629,25.94],[85.619,25.979],[85.657,26.0435],[85.705,26.092]]]},"properties":{"shapeName":"Muzaffarpur"}},
{"type":"Feature","geometry":{"type":"Polygon","coordinates":[[[84.847,26.22],[84.8455,26.2025],[84.72,26.1825],[84.702,26.138],[84.6655,26.119],[84.6565,26.0815],[84.5825,26.078],[84.516,26.047],[84.452,26.035],[84.387,26.0435],[84.453,25.9645],[84.454,25.888],[84.537,25.876],[84.555,25.84],[84.6285,25.7925],[84.6085,25.759],[84.6385,25.727],[84.6835,25.7225],[84.6775,25.7645],[84.7195,25.763],[84.74,25.736],[84.8005,25.716],[84.8385,25.7235],[84.8855,25.7355],[84.951,25.723],[84.9985,25.7395],[85.0065,25.709],[85.0565,25.7135],[85.1005,25.682],[85.097,25.658],[85.2335,25.6025],[85.2055,25.6525],[85.1665,25.7555],[85.155,25.835],[85.095,25.873],[85.097,25.917],[85.043,25.948],[85.049,25.992],[84.985,26.015],[84.925,26.018],[84.9365,26.064],[84.9235,26.1155],[84.884,26.1405],[84.8905,26.1685],[84.847,26.22]]]},"properties":{"shapeName":"Saran"}},
{"type":"Feature","geometry":{"type":"Polygon","coordinates":[[[85.8375,24.9855],[85.914,25.001],[85.956,24.9845],[85.958,25.0665],[85.943,25.1395],[85.965,25.1495],[85.9745,25.2015],[85.9105,25.2385],[85.846,25.1985],[85.8045,25.2105],[85.7885,25.242],[85.7155,25.244],[85.7485,25.2025],[85.7075,25.135],[85.712,25.12],[85.7905,25.1125],[85.781,25.0605],[85.795,24.983],[85.8375,24.9855]]]},"properties":{"shapeName":"Sheikhpura"}},
{"type":"Feature","geometry":{"type":"Polygon","coordinates":[[[84.884,25.075],[84.931,25.05],[84.9755,25.003],[85.064,25.0465],[85.0685,25.0225],[85.1305,25.03],[85.1445,25.0715],[85.2105,25.0705],[85.1785,25.111],[85.1665,25.191],[85.1805,25.2275],[85.1795,25.301],[85.1515,25.3065],[85.1,25.2705],[85.05,25.2665],[85.0055,25.288],[84.9475,25.273],[84.9165,25.281],[84.8745,25.2495],[84.849,25.2155],[84.852,25.1405],[84.883,25.1165],[84.884,25.075]]]},"properties":{"shapeName":"Jehanabad"}},
{"type":"Feature","geometry":{"type":"Polygon","coordinates":[[[86.6395,26.011],[86.534,26.029],[86.5155,25.9975],[86.428,26.059],[86.3925,26.0345],[86.369,26.0325],[86.3675,25.9275],[86.3365,25.919],[86.3045,25.8695],[86.3555,25.85],[86.4,25.7885],[86.384,25.7265],[86.394,25.7215],[86.4565,25.666],[86.4785,25.6275],[86.529,25.619],[86.6275,25.6465],[86.6555,25.628],[86.7,25.68],[86.7725,25.653],[86.8335,25.7085],[86.8425,25.7975],[86.8215,25.867],[86.684,25.873],[86.675,25.9085],[86.6015,25.942],[86.61,25.9955],[86.6395,26.011]]]},"properties":{"shapeName":"Saharsa"}},
{"type":"Feature","geometry":{"type":"Polygon","coordinates":[[[84.4195,26.631],[84.3795,26.613],[84.306,26.6135],[84.281,26.597],[84.161,26.636],[84.0895,26.638],[84.094,26.608],[84.058,26.548],[83.9745,26.509],[83.916,26.504],[83.9115,26.4475],[83.991,26.432],[84.0245,26.4395],[84.0705,26.3875],[84.1785,26.3615],[84.2555,26.3055],[84.2985,26.3205],[84.3365,26.355],[84.4555,26.3525],[84.5315,26.3],[84.6,26.2835],[84.636,26.227],[84.72,26.1825],[84.8455,26.2025],[84.847,26.22],[84.761,26.3075],[84.713,26.341],[84.68,26.4135],[84.622,26.461],[84.5635,26.435],[84.491,26.5365],[84.4815,26.6105],[84.4195,26.631]]]},"properties":{"shapeName":"Gopalganj"}},
{"type":"Feature","geometry":{"type":"Polygon","coordinates":[[[85.049,25.992],[85.043,25.948],[85.097,25.917],[85.095,25.873],[85.155,25.835],[85.1665,25.7555],[85.2055,25.6525],[85.2335,25.6025],[85.293,25.524],[85.424,25.5035],[85.4945,25.551],[85.533,25.5495],[85.5575,25.5765],[85.5315,25.6055],[85.5585,25.6665],[85.6275,25.778],[85.605,25.7985],[85.604,25.886],[85.629,25.94],[85.4475,25.937],[85.403,25.9545],[85.3635,25.942],[85.3275,25.964],[85.28,25.958],[85.285,26.008],[85.155,26.015],[85.0745,25.982],[85.049,25.992]]]},"properties":{"shapeName":"Vaishali"}},
{"type":"Feature","geometry":{"type":"Polygon","coordinates":[[[84.72,26.1825],[84.636,26.227],[84.6,26.2835],[84.5315,26.3],[84.4555,26.3525],[84.3365,26.355],[84.2985,26.3205],[84.2555,26.3055],[84.1785,26.3615],[84.1855,26.3205],[84.166,26.2585],[84.0825,26.2225],[84.034,26.2295],[84.012,26.176],[84.0365,26.1605],[84.0575,26.0975],[84.0995,26.0945],[84.145,26.045],[84.3,25.9465],[84.36,25.9575],[84.4165,25.9295],[84.454,25.888],[84.453,25.9645],[84.387,26.0435],[84.452,26.035],[84.516,26.047],[84.5825,26.078],[84.6565,26.0815],[84.6655,26.119],[84.702,26.138],[84.72,26.1825]]]},"properties":{"shapeName":"Siwan"}},
{"type":"Feature","geometry":{"type":"Polygon","coordinates":[[[85.3795,26.3335],[85.3805,26.383],[85.359,26.426],[85.39,26.4535],[85.3785,26.4925],[85.4145,26.5125],[85.38,26.562],[85.3845,26.6315],[85.288,26.641],[85.279,26.5795],[85.222,26.5355],[85.2255,26.4995],[85.183,26.4715],[85.216,26.4465],[85.279,26.345],[85.3795,26.3335]]]},"properties":{"shapeName":"Sheohar"}},
{"type":"Feature","geometry":{"type":"Polygon","coordinates":[[[84.259,25.355],[84.2875,25.3775],[84.2885,25.415],[84.3345,25.416],[84.3425,25.4515],[84.304,25.508],[84.2935,25.581],[84.3065,25.621],[84.287,25.66],[84.2255,25.6625],[84.176,25.72],[84.1025,25.7185],[84.078,25.694],[84.0865,25.6565],[84.049,25.6215],[83.9435,25.558],[83.9295,25.56],[83.8415,25.4485],[83.7915,25.398],[83.762,25.389],[83.8735,25.3145],[83.8975,25.293],[83.9535,25.2855],[83.99,25.2645],[84.035,25.2675],[84.057,25.298],[84.047,25.3705],[84.1205,25.359],[84.1495,25.373],[84.259,25.355]]]},"properties":{"shapeName":"Buxar"}},
{"type":"Feature","geometry":{"type":"Polygon","coordinates":[[[86.428,26.059],[86.4775,26.1245],[86.515,26.1175],[86.533,26.1565],[86.4225,26.1585],[86.4125,26.187],[86.457,26.212],[86.515,26.219],[86.535,26.303],[86.582,26.3315],[86.632,26.333],[86.655,26.3665],[86.703,26.368],[86.72,26.4135],[86.7475,26.4285],[86.6385,26.4635],[86.5705,26.4965],[86.542,26.5385],[86.4975,26.5425],[86.3445,26.617],[86.253,26.6145],[86.2315,26.593],[86.1925,26.615],[86.155,26.61],[86.068,26.658],[85.9755,26.6585],[85.955,26.629],[85.8585,26.569],[85.8195,26.6025],[85.7985,26.4965],[85.7545,26.472],[85.7675,26.4245],[85.8205,26.4085],[85.8265,26.3685],[85.8155,26.296],[85.891,26.276],[85.9145,26.3015],[85.992,26.3215],[86.001,26.2665],[86.0595,26.2085],[86.11,26.1925],[86.1495,26.236],[86.1715,26.223],[86.2515,26.224],[86.296,26.164],[86.3255,26.161],[86.3305,26.092],[86.3925,26.0345],[86.428,26.059]]]},"properties":{"shapeName":"Madhubani"}},
{"type":"Feature","geometry":{"type":"Polygon","coordinates":[[[87.1235,26.0445],[87.0925,26.0985],[87.11,26.1915],[87.0715,26.2455],[87.0505,26.331],[87.0765,26.3785],[87.062,26.473],[87.073,26.542],[86.9325,26.517],[86.8935,26.462],[86.8335,26.4395],[86.7695,26.4585],[86.7475,26.4285],[86.72,26.4135],[86.703,26.368],[86.655,26.3665],[86.632,26.333],[86.582,26.3315],[86.535,26.303],[86.515,26.219],[86.457,26.212],[86.4125,26.187],[86.4225,26.1585],[86.533,26.1565],[86.515,26.1175],[86.4775,26.1245],[86.428,26.059],[86.5155,25.9975],[86.534,26.029],[86.6395,26.011],[86.677,26.024],[86.6875,26.0545],[86.741,26.112],[86.77,26.089],[86.935,26.0915],[87.1235,26.0445]]]},"properties":{"shapeName":"Supaul"}},
{"type":"Feature","geometry":{"type":"Polygon","coordinates":[[[84.8745,25.2495],[84.9165,25.281],[84.9475,25.273],[85.0055,25.288],[85.05,25.2665],[85.1,25.2705],[85.1515,25.3065],[85.1795,25.301],[85.19,25.397],[85.293,25.3825],[85.36,25.3815],[85.366,25.41],[85.436,25.416],[85.5755,25.3905],[85.5965,25.3605],[85.6735,25.318],[85.747,25.3365],[85.7445,25.298],[85.817,25.266],[85.897,25.2615],[85.8995,25.3165],[86.002,25.296],[86.0525,25.309],[86.023,25.3685],[85.997,25.3395],[85.948,25.3785],[85.857,25.415],[85.8715,25.4765],[85.776,25.539],[85.7275,25.5195],[85.6435,25.449],[85.5415,25.4865],[85.533,25.5495],[85.4945,25.551],[85.424,25.5035],[85.293,25.524],[85.2335,25.6025],[85.097,25.658],[85.1005,25.682],[85.0565,25.7135],[85.0065,25.709],[84.9985,25.7395],[84.951,25.723],[84.8855,25.7355],[84.8385,25.7235],[84.814,25.577],[84.766,25.5465],[84.752,25.4975],[84.783,25.4475],[84.7605,25.385],[84.7265,25.3335],[84.8295,25.2375],[84.8745,25.2495]]]},"properties":{"shapeName":"Patna"}},
{"type":"Feature","geometry":{"type":"Polygon","coordinates":[[[84.7265,25.3335],[84.7605,25.385],[84.783,25.4475],[84.752,25.4975],[84.766,25.5465],[84.814,25.577],[84.8385,25.7235],[84.8005,25.716],[84.74,25.736],[84.7195,25.763],[84.6775,25.7645],[84.6835,25.7225],[84.6385,25.727],[84.5635,25.735],[84.5665,25.6985],[84.5245,25.6765],[84.3625,25.742],[84.3325,25.7315],[84.3265,25.6705],[84.287,25.66],[84.3065,25.621],[84.2935,25.581],[84.304,25.508],[84.3425,25.4515],[84.3345,25.416],[84.2885,25.415],[84.2875,25.3775],[84.259,25.355],[84.3215,25.3215],[84.333,25.235],[84.3205,25.2135],[84.4445,25.1795],[84.4565,25.148],[84.465,25.142],[84.529,25.1995],[84.6315,25.225],[84.6845,25.296],[84.7265,25.3335]]]},"properties":{"shapeName":"Bhojpur"}},
{"type":"Feature","geometry":{"type":"Polygon","coordinates":[[[85.705,26.092],[85.744,26.054],[85.8435,26.0265],[85.8915,25.976],[85.948,25.9635],[85.977,25.939],[86.0295,25.943],[86.081,25.9035],[86.2175,25.8965],[86.228,25.8185],[86.215,25.7875],[86.2565,25.7655],[86.2935,25.7845],[86.328,25.7425],[86.384,25.7265],[86.4,25.7885],[86.3555,25.85],[86.3045,25.8695],[86.3365,25.919],[86.3675,25.9275],[86.369,26.0325],[86.3925,26.0345],[86.3305,26.092],[86.3255,26.161],[86.296,26.164],[86.2515,26.224],[86.1715,26.223],[86.1495,26.236],[86.11,26.1925],[86.0595,26.2085],[86.001,26.2665],[85.992,26.3215],[85.9145,26.3015],[85.891,26.276],[85.8155,26.296],[85.8265,26.3685],[85.8205,26.4085],[85.7675,26.4245],[85.745,26.439],[85.6995,26.398],[85.7305,26.344],[85.7015,26.321],[85.715,26.2945],[85.6945,26.2445],[85.7215,26.219],[85.717,26.1785],[85.745,26.1565],[85.7055,26.117],[85.705,26.092]]]},"properties":{"shapeName":"Darbhanga"}},
{"type":"Feature","geometry":{"type":"Polygon","coordinates":[[[85.629,25.94],[85.604,25.886],[85.605,25.7985],[85.6275,25.778],[85.5585,25.6665],[85.5315,25.6055],[85.5575,25.5765],[85.533,25.5495],[85.5415,25.4865],[85.6435,25.449],[85.7275,25.5195],[85.77,25.584],[85.8405,25.576],[85.847,25.647],[85.9365,25.652],[85.963,25.615],[85.999,25.61],[85.9985,25.663],[86.0285,25.722],[86.129,25.7415],[86.17,25.7195],[86.179,25.6665],[86.286,25.642],[86.3615,25.71],[86.394,25.7215],[86.384,25.7265],[86.328,25.7425],[86.2935,25.7845],[86.2565,25.7655],[86.215,25.7875],[86.228,25.8185],[86.2175,25.8965],[86.081,25.9035],[86.0295,25.943],[85.977,25.939],[85.948,25.9635],[85.8915,25.976],[85.8435,26.0265],[85.744,26.054],[85.705,26.092],[85.657,26.0435],[85.619,25.979],[85.629,25.94]]]},"properties":{"shapeName":"Samastipur"}},
{"type":"Feature","geometry":{"type":"Polygon","coordinates":[[[83.762,25.389],[83.7175,25.3935],[83.6285,25.327],[83.543,25.3135],[83.4685,25.25],[83.4175,25.2475],[83.3935,25.204],[83.358,25.197],[83.3605,25.15],[83.3315,25.0465],[83.365,24.954],[83.3595,24.9015],[83.3985,24.8315],[83.395,24.783],[83.461,24.732],[83.488,24.7365],[83.521,24.678],[83.5055,24.6505],[83.5255,24.6025],[83.5225,24.5475],[83.635,24.5415],[83.697,24.547],[83.736,24.579],[83.752,24.6255],[83.7325,24.6775],[83.7855,24.7595],[83.77,24.7915],[83.727,24.807],[83.7155,24.836],[83.7555,24.8735],[83.7635,24.915],[83.7965,24.9425],[83.8305,25.0065],[83.8275,25.06],[83.8045,25.112],[83.825,25.1605],[83.812,25.184],[83.8415,25.2955],[83.8735,25.3145],[83.762,25.389]]]},"properties":{"shapeName":"Kaimur (Bhabua)"}},
{"type":"Feature","geometry":{"type":"Polygon","coordinates":[[[84.005,24.636],[84.032,24.6935],[84.1,24.788],[84.1885,24.8705],[84.3035,25.01],[84.418,25.074],[84.4565,25.148],[84.4445,25.1795],[84.3205,25.2135],[84.333,25.235],[84.3215,25.3215],[84.259,25.355],[84.1495,25.373],[84.1205,25.359],[84.047,25.3705],[84.057,25.298],[84.035,25.2675],[83.99,25.2645],[83.9535,25.2855],[83.8975,25.293],[83.8735,25.3145],[83.8415,25.2955],[83.812,25.184],[83.825,25.1605],[83.8045,25.112],[83.8275,25.06],[83.8305,25.0065],[83.7965,24.9425],[83.7635,24.915],[83.7555,24.8735],[83.7155,24.836],[83.727,24.807],[83.77,24.7915],[83.7855,24.7595],[83.7325,24.6775],[83.752,24.6255],[83.736,24.579],[83.697,24.547],[83.635,24.5415],[83.5225,24.5475],[83.5055,24.5285],[83.608,24.5125],[83.69,24.515],[83.7245,24.5045],[83.802,24.529],[83.866,24.5365],[83.936,24.5475],[84.005,24.636]]]},"properties":{"shapeName":"Rohtas"}},
{"type":"Feature","geometry":{"type":"Polygon","coordinates":[[[86.804,25.4325],[86.7925,25.4565],[86.8245,25.5225],[86.814,25.6125],[86.7725,25.653],[86.7,25.68],[86.6555,25.628],[86.6275,25.6465],[86.529,25.619],[86.4785,25.6275],[86.4565,25.666],[86.394,25.7215],[86.3615,25.71],[86.286,25.642],[86.272,25.598],[86.2745,25.5405],[86.3465,25.496],[86.4075,25.4865],[86.442,25.437],[86.4885,25.422],[86.5295,25.4835],[86.5605,25.4855],[86.5835,25.429],[86.62,25.4035],[86.6175,25.3625],[86.642,25.3265],[86.6465,25.2705],[86.7145,25.252],[86.764,25.2695],[86.7735,25.3215],[86.844,25.357],[86.8085,25.3965],[86.804,25.4325]]]},"properties":{"shapeName":"Khagaria"}},
{"type":"Feature","geometry":{"type":"Polygon","coordinates":[[[86.7145,25.252],[86.6465,25.2705],[86.642,25.3265],[86.6175,25.3625],[86.62,25.4035],[86.5835,25.429],[86.5605,25.4855],[86.5295,25.4835],[86.4885,25.422],[86.3015,25.3245],[86.247,25.255],[86.3415,25.282],[86.3765,25.214],[86.351,25.1725],[86.3565,25.1355],[86.403,25.1245],[86.3745,25.047],[86.4295,25.04],[86.4395,24.99],[86.501,24.971],[86.5285,24.9765],[86.574,24.9355],[86.6405,24.9695],[86.635,25.0495],[86.6745,25.1145],[86.6755,25.1915],[86.636,25.2455],[86.7145,25.252]]]},"properties":{"shapeName":"Munger"}},
{"type":"Feature","geometry":{"type":"Polygon","coordinates":[[[85.7015,26.321],[85.7305,26.344],[85.6995,26.398],[85.745,26.439],[85.7675,26.4245],[85.7545,26.472],[85.7985,26.4965],[85.8195,26.6025],[85.7325,26.654],[85.7235,26.6995],[85.735,26.7775],[85.7205,26.8205],[85.6795,26.844],[85.607,26.8575],[85.543,26.8385],[85.496,26.797],[85.452,26.7815],[85.4075,26.7915],[85.3345,26.7415],[85.269,26.7545],[85.29,26.683],[85.288,26.641],[85.3845,26.6315],[85.38,26.562],[85.4145,26.5125],[85.3785,26.4925],[85.39,26.4535],[85.359,26.426],[85.3805,26.383],[85.3795,26.3335],[85.4255,26.278],[85.507,26.367],[85.5815,26.375],[85.6535,26.3285],[85.7015,26.321]]]},"properties":{"shapeName":"Sitamarhi"}},
{"type":"Feature","geometry":{"type":"Polygon","coordinates":[[[84.4815,26.6105],[84.491,26.5365],[84.5635,26.435],[84.622,26.461],[84.68,26.4135],[84.713,26.341],[84.761,26.3075],[84.847,26.22],[84.8435,26.244],[84.8855,26.3015],[85.016,26.31],[85.044,26.3325],[85.116,26.306],[85.153,26.3245],[85.182,26.292],[85.25,26.305],[85.279,26.345],[85.216,26.4465],[85.183,26.4715],[85.2255,26.4995],[85.222,26.5355],[85.279,26.5795],[85.288,26.641],[85.29,26.683],[85.269,26.7545],[85.212,26.758],[85.177,26.8095],[85.19,26.87],[85.111,26.8725],[85.0575,26.849],[84.9675,26.9165],[84.961,26.961],[84.865,26.9845],[84.855,27.0075],[84.7825,27.014],[84.747,26.964],[84.699,26.9325],[84.7055,26.891],[84.742,26.8515],[84.7215,26.7815],[84.7275,26.75],[84.7015,26.716],[84.635,26.701],[84.526,26.6625],[84.4815,26.6105]]]},"properties":{"shapeName":"Purba Champaran"}},
{"type":"Feature","geometry":{"type":"Polygon","coordinates":[[[85.956,24.9845],[86.0245,24.9695],[86.102,24.9845],[86.1255,25.04],[86.2355,25.0005],[86.23,25.046],[86.3565,25.1355],[86.351,25.1725],[86.3765,25.214],[86.3415,25.282],[86.247,25.255],[86.1745,25.221],[86.1355,25.2755],[86.067,25.284],[86.0525,25.309],[86.002,25.296],[85.8995,25.3165],[85.897,25.2615],[85.9105,25.2385],[85.9745,25.2015],[85.965,25.1495],[85.943,25.1395],[85.958,25.0665],[85.956,24.9845]]]},"properties":{"shapeName":"Lakhisarai"}},
{"type":"Feature","geometry":{"type":"Polygon","coordinates":[[[86.458,24.37],[86.4945,24.4265],[86.496,24.4855],[86.5295,24.537],[86.589,24.574],[86.6065,24.602],[86.612,24.6535],[86.568,24.6805],[86.545,24.76],[86.4885,24.752],[86.532,24.8215],[86.5225,24.8765],[86.4855,24.8935],[86.4845,24.958],[86.501,24.971],[86.4395,24.99],[86.4295,25.04],[86.3745,25.047],[86.403,25.1245],[86.3565,25.1355],[86.23,25.046],[86.2355,25.0005],[86.1255,25.04],[86.102,24.9845],[86.0245,24.9695],[85.956,24.9845],[85.914,25.001],[85.8375,24.9855],[85.837,24.9035],[85.873,24.9135],[85.886,24.866],[85.9395,24.8505],[86.0365,24.772],[86.112,24.7365],[86.14,24.6765],[86.132,24.6125],[86.172,24.5845],[86.2985,24.587],[86.3185,24.5095],[86.3,24.4775],[86.3255,24.4415],[86.3595,24.443],[86.4215,24.3805],[86.458,24.37]]]},"properties":{"shapeName":"Jamui"}},
{"type":"Feature","geometry":{"type":"Polygon","coordinates":[[[86.0525,25.309],[86.067,25.284],[86.1355,25.2755],[86.1745,25.221],[86.247,25.255],[86.3015,25.3245],[86.4885,25.422],[86.442,25.437],[86.4075,25.4865],[86.3465,25.496],[86.2745,25.5405],[86.272,25.598],[86.286,25.642],[86.179,25.6665],[86.17,25.7195],[86.129,25.7415],[86.0285,25.722],[85.9985,25.663],[85.999,25.61],[85.963,25.615],[85.9365,25.652],[85.847,25.647],[85.8405,25.576],[85.77,25.584],[85.7275,25.5195],[85.776,25.539],[85.8715,25.4765],[85.857,25.415],[85.948,25.3785],[85.997,25.3395],[86.023,25.3685],[86.0525,25.309]]]},"properties":{"shapeName":"Begusarai"}},
{"type":"Feature","geometry":{"type":"Polygon","coordinates":[[[85.3995,24.9845],[85.5625,25.0565],[85.617,25.0525],[85.669,25.095],[85.6485,25.1335],[85.7075,25.135],[85.7485,25.2025],[85.7155,25.244],[85.7885,25.242],[85.8045,25.2105],[85.846,25.1985],[85.9105,25.2385],[85.897,25.2615],[85.817,25.266],[85.7445,25.298],[85.747,25.3365],[85.6735,25.318],[85.5965,25.3605],[85.5755,25.3905],[85.436,25.416],[85.366,25.41],[85.36,25.3815],[85.293,25.3825],[85.19,25.397],[85.1795,25.301],[85.1805,25.2275],[85.1665,25.191],[85.1785,25.111],[85.2105,25.0705],[85.249,25.0745],[85.308,25.048],[85.3995,24.9845]]]},"properties":{"shapeName":"Nalanda"}},
{"type":"Feature","geometry":{"type":"Polygon","coordinates":[[[87.828,25.235],[87.8565,25.27],[87.836,25.303],[87.787,25.339],[87.768,25.3895],[87.792,25.4495],[87.8685,25.466],[87.875,25.5035],[87.931,25.537],[87.961,25.5385],[88.0095,25.4945],[88.0755,25.481],[88.074,25.5135],[88.032,25.554],[88.041,25.6415],[88.056,25.6865],[87.9665,25.725],[87.9065,25.7805],[87.9165,25.852],[87.8265,25.8775],[87.812,25.8275],[87.821,25.7925],[87.793,25.7675],[87.6885,25.7495],[87.6595,25.69],[87.574,25.676],[87.5615,25.655],[87.483,25.677],[87.346,25.676],[87.2685,25.707],[87.2735,25.5675],[87.234,25.531],[87.226,25.4535],[87.2145,25.3955],[87.2765,25.3715],[87.339,25.4165],[87.4615,25.367],[87.487,25.369],[87.553,25.3315],[87.591,25.303],[87.7555,25.2675],[87.828,25.235]]]},"properties":{"shapeName":"Katihar"}},
{"type":"Feature","geometry":{"type":"Polygon","coordinates":[[[77.175,28.4045],[77.129,28.441],[77.1195,28.489],[77.093,28.514],[77.007,28.5415],[76.9545,28.505],[76.886,28.501],[76.829,28.5045],[76.815,28.48],[76.718,28.4375],[76.708,28.401],[76.6695,28.379],[76.674,28.27],[76.7685,28.2405],[76.7975,28.256],[76.849,28.2395],[76.932,28.322],[77.0015,28.325],[77.0235,28.249],[77.1795,28.21],[77.1965,28.2465],[77.241,28.276],[77.158,28.3165],[77.1545,28.3905],[77.175,28.4045]]]},"properties":{"shapeName":"Gurgaon"}},
{"type":"Feature","geometry":{"type":"Polygon","coordinates":[[[77.213,30.4965],[77.1745,30.457],[77.1875,30.3965],[77.1705,30.3595],[77.19,30.307],[77.1425,30.286],[77.133,30.2465],[77.0775,30.1995],[77.1105,30.1785],[77.07,30.131],[77.069,30.0725],[77.118,29.993],[77.23,29.9395],[77.2785,30],[77.2975,30.053],[77.335,30.0535],[77.3835,30.0915],[77.407,30.0875],[77.4355,30.164],[77.481,30.184],[77.541,30.276],[77.5835,30.307],[77.5885,30.3775],[77.557,30.388],[77.5155,30.445],[77.4935,30.4115],[77.455,30.4005],[77.391,30.4415],[77.322,30.448],[77.213,30.4965]]]},"properties":{"shapeName":"Yamunanagar"}},
{"type":"Feature","geometry":{"type":"Polygon","coordinates":[[[77.1795,28.21],[77.199,28.1965],[77.1435,28.1405],[77.139,28.075],[77.168,27.9765],[77.2225,27.925],[77.235,27.896],[77.336,27.8475],[77.3905,27.8575],[77.4295,27.8905],[77.476,27.887],[77.476,27.929],[77.5295,27.9255],[77.528,27.999],[77.484,28.078],[77.513,28.1255],[77.512,28.1665],[77.55,28.1795],[77.5055,28.2505],[77.494,28.215],[77.4215,28.199],[77.3505,28.2355],[77.3335,28.257],[77.241,28.276],[77.1965,28.2465],[77.1795,28.21]]]},"properties":{"shapeName":"Palwal"}},
{"type":"Feature","geometry":{"type":"Polygon","coordinates":[[[76.778,30.907],[76.783,30.8725],[76.842,30.8285],[76.861,30.7885],[76.8295,30.762],[76.8495,30.723],[76.825,30.681],[76.927,30.5955],[76.9015,30.534],[76.9335,30.5205],[76.9105,30.4595],[76.973,30.4855],[77.014,30.4665],[77.052,30.497],[77.075,30.5405],[77.1225,30.5625],[77.1625,30.586],[77.165,30.6855],[77.094,30.742],[77.0195,30.748],[77.0125,30.8],[76.971,30.8245],[76.9345,30.883],[76.87,30.873],[76.823,30.9285],[76.778,30.907]]]},"properties":{"shapeName":"Panchkula"}},
{"type":"Feature","geometry":{"type":"Polygon","coordinates":[[[76.849,28.2395],[76.8535,28.2205],[76.966,28.1285],[76.9405,28.0425],[76.9315,27.953],[76.9435,27.8535],[76.903,27.7755],[76.899,27.678],[76.979,27.654],[77.002,27.737],[77.047,27.743],[77.0455,27.821],[77.109,27.7855],[77.184,27.787],[77.2845,27.8015],[77.336,27.8475],[77.235,27.896],[77.2225,27.925],[77.168,27.9765],[77.139,28.075],[77.1435,28.1405],[77.199,28.1965],[77.1795,28.21],[77.0235,28.249],[77.0015,28.325],[76.932,28.322],[76.849,28.2395]]]},"properties":{"shapeName":"Mewat"}},
{"type":"Feature","geometry":{"type":"Polygon","coordinates":[[[76.886,28.501],[76.8455,28.5505],[76.8855,28.6275],[76.9545,28.6615],[76.967,28.6975],[76.9445,28.754],[76.951,28.818],[76.902,28.8635],[76.78,28.7435],[76.722,28.76],[76.6715,28.796],[76.596,28.7815],[76.5785,28.734],[76.5315,28.7505],[76.446,28.736],[76.407,28.6825],[76.4505,28.6585],[76.4665,28.614],[76.402,28.5955],[76.3425,28.556],[76.321,28.492],[76.291,28.497],[76.2855,28.4315],[76.2885,28.4285],[76.334,28.42],[76.3445,28.4595],[76.4405,28.425],[76.563,28.4285],[76.6335,28.421],[76.6695,28.379],[76.708,28.401],[76.718,28.4375],[76.815,28.48],[76.829,28.5045],[76.886,28.501]]]},"properties":{"shapeName":"Jhajjar"}},
{"type":"Feature","geometry":{"type":"Polygon","coordinates":[[[76.407,28.6825],[76.381,28.714],[76.407,28.756],[76.3345,28.8135],[76.292,28.808],[76.2935,28.8975],[76.2365,28.9115],[76.213,28.955],[76.228,28.991],[76.2025,29.007],[76.191,29.0515],[76.099,29.047],[76.0765,29.0225],[75.9845,29.081],[75.9685,29.063],[75.9805,28.9955],[75.9055,29.017],[75.8325,28.9115],[75.8,28.926],[75.7525,28.905],[75.681,28.912],[75.6375,28.9675],[75.5995,28.9895],[75.528,28.9705],[75.478,28.9335],[75.4975,28.8585],[75.521,28.834],[75.504,28.7825],[75.5355,28.7425],[75.5425,28.6605],[75.5625,28.613],[75.623,28.6015],[75.6345,28.5445],[75.673,28.5165],[75.789,28.4535],[75.777,28.404],[75.897,28.39],[75.9045,28.4315],[75.9825,28.445],[76.0145,28.434],[76.0185,28.386],[76.083,28.393],[76.1195,28.4535],[76.167,28.4315],[76.2125,28.443],[76.2855,28.4315],[76.291,28.497],[76.321,28.492],[76.3425,28.556],[76.402,28.5955],[76.4665,28.614],[76.4505,28.6585],[76.407,28.6825]]]},"properties":{"shapeName":"Bhiwani"}},
{"type":"Feature","geometry":{"type":"Polygon","coordinates":[[[76.4965,29.515],[76.539,29.6045],[76.5655,29.63],[76.604,29.628],[76.6535,29.67],[76.713,29.695],[76.685,29.7685],[76.718,29.813],[76.689,29.827],[76.685,29.8655],[76.7255,29.8815],[76.7495,29.9255],[76.645,29.9115],[76.6195,29.9215],[76.579,29.875],[76.5595,29.917],[76.5165,29.9015],[76.4665,29.9125],[76.488,29.955],[76.4385,29.974],[76.423,30.0305],[76.4665,30.0965],[76.435,30.159],[76.4025,30.1235],[76.262,30.1035],[76.2015,30.0005],[76.2155,29.9405],[76.195,29.89],[76.254,29.865],[76.2165,29.8405],[76.204,29.757],[76.1705,29.6855],[76.195,29.6405],[76.2415,29.6095],[76.267,29.5575],[76.2985,29.5895],[76.352,29.58],[76.374,29.5275],[76.4865,29.5415],[76.4965,29.515]]]},"properties":{"shapeName":"Kaithal"}},
{"type":"Feature","geometry":{"type":"Polygon","coordinates":[[[76.951,28.818],[76.9625,28.816],[76.9945,28.84],[77.04,28.832],[77.061,28.871],[77.121,28.858],[77.2075,28.857],[77.2325,28.92],[77.197,28.938],[77.203,28.9855],[77.1495,29.1175],[77.144,29.167],[77.0295,29.1775],[76.9645,29.1935],[76.919,29.219],[76.8765,29.1915],[76.803,29.2275],[76.797,29.2725],[76.715,29.251],[76.683,29.2695],[76.606,29.2885],[76.5905,29.2405],[76.5435,29.21],[76.513,29.232],[76.479,29.222],[76.513,29.163],[76.4785,29.092],[76.5385,29.098],[76.568,29.0585],[76.647,29.0465],[76.673,29.0595],[76.7485,29.0185],[76.753,28.9635],[76.8265,28.9005],[76.811,28.8665],[76.902,28.8635],[76.951,28.818]]]},"properties":{"shapeName":"Sonipat"}},
{"type":"Feature","geometry":{"type":"Polygon","coordinates":[[[77.118,29.993],[77.0975,29.951],[76.9885,29.9575],[76.8865,29.8825],[76.8335,29.8985],[76.756,29.8665],[76.7255,29.8815],[76.685,29.8655],[76.689,29.827],[76.718,29.813],[76.685,29.7685],[76.713,29.695],[76.6535,29.67],[76.604,29.628],[76.5655,29.63],[76.539,29.6045],[76.4965,29.515],[76.5355,29.4565],[76.65,29.488],[76.763,29.4655],[76.796,29.4665],[76.8295,29.512],[76.9025,29.47],[76.9295,29.4825],[76.98,29.456],[77.0625,29.441],[77.1325,29.485],[77.0965,29.5205],[77.127,29.5595],[77.107,29.6325],[77.15,29.689],[77.1235,29.7505],[77.183,29.824],[77.2025,29.8685],[77.1905,29.913],[77.23,29.9395],[77.118,29.993]]]},"properties":{"shapeName":"Karnal"}},
{"type":"Feature","geometry":{"type":"Polygon","coordinates":[[[77.07,30.131],[77.0605,30.1235],[76.9615,30.193],[76.8905,30.212],[76.8235,30.251],[76.8055,30.213],[76.764,30.1915],[76.686,30.1885],[76.6405,30.151],[76.638,30.148],[76.6455,30.102],[76.616,30.073],[76.5755,30.101],[76.5465,30.0785],[76.4665,30.0965],[76.423,30.0305],[76.4385,29.974],[76.488,29.955],[76.4665,29.9125],[76.5165,29.9015],[76.5595,29.917],[76.579,29.875],[76.6195,29.9215],[76.645,29.9115],[76.7495,29.9255],[76.7255,29.8815],[76.756,29.8665],[76.8335,29.8985],[76.8865,29.8825],[76.9885,29.9575],[77.0975,29.951],[77.118,29.993],[77.069,30.0725],[77.07,30.131]]]},"properties":{"shapeName":"Kurukshetra"}},
{"type":"Feature","geometry":{"type":"Polygon","coordinates":[[[76.2165,29.8405],[76.133,29.7955],[76.1025,29.807],[76.053,29.745],[75.947,29.7295],[75.9335,29.6845],[75.963,29.5625],[75.934,29.4985],[76.0145,29.4805],[76.0205,29.437],[76.0775,29.4415],[76.085,29.411],[76.135,29.3935],[76.162,29.4185],[76.204,29.3955],[76.21,29.319],[76.189,29.2915],[76.229,29.2385],[76.2815,29.2085],[76.306,29.1265],[76.302,29.086],[76.403,29.0755],[76.444,29.0555],[76.4785,29.092],[76.513,29.163],[76.479,29.222],[76.513,29.232],[76.5435,29.21],[76.5905,29.2405],[76.606,29.2885],[76.683,29.2695],[76.6325,29.3145],[76.65,29.3665],[76.7355,29.388],[76.732,29.4125],[76.763,29.4655],[76.65,29.488],[76.5355,29.4565],[76.4965,29.515],[76.4865,29.5415],[76.374,29.5275],[76.352,29.58],[76.2985,29.5895],[76.267,29.5575],[76.2415,29.6095],[76.195,29.6405],[76.1705,29.6855],[76.204,29.757],[76.2165,29.8405]]]},"properties":{"shapeName":"Jind"}},
{"type":"Feature","geometry":{"type":"Polygon","coordinates":[[[77.144,29.167],[77.134,29.2235],[77.153,29.2975],[77.132,29.341],[77.1325,29.485],[77.0625,29.441],[76.98,29.456],[76.9295,29.4825],[76.9025,29.47],[76.8295,29.512],[76.796,29.4665],[76.763,29.4655],[76.732,29.4125],[76.7355,29.388],[76.65,29.3665],[76.6325,29.3145],[76.683,29.2695],[76.715,29.251],[76.797,29.2725],[76.803,29.2275],[76.8765,29.1915],[76.919,29.219],[76.9645,29.1935],[77.0295,29.1775],[77.144,29.167]]]},"properties":{"shapeName":"Panipat"}},
{"type":"Feature","geometry":{"type":"Polygon","coordinates":[[[76.2855,28.4315],[76.2125,28.443],[76.167,28.4315],[76.1195,28.4535],[76.083,28.393],[76.0185,28.386],[76.0145,28.434],[75.9825,28.445],[75.9045,28.4315],[75.897,28.39],[75.9295,28.343],[76.027,28.275],[76.014,28.246],[76.0715,28.165],[76.0325,28.168],[75.9465,28.1075],[75.984,28.0815],[75.9935,28.0465],[75.966,27.9965],[75.974,27.932],[75.9345,27.929],[75.988,27.9035],[75.9715,27.8525],[76.049,27.835],[76.0875,27.848],[76.184,27.798],[76.227,27.833],[76.17,27.9035],[76.1885,27.9655],[76.1595,27.987],[76.1915,28.0565],[76.23,28.048],[76.262,28.0675],[76.3225,28.016],[76.335,28.1335],[76.3125,28.178],[76.3415,28.2225],[76.3475,28.3065],[76.3685,28.335],[76.3555,28.3655],[76.2985,28.3825],[76.2885,28.4285],[76.2855,28.4315]]]},"properties":{"shapeName":"Mahendragarh"}},
{"type":"Feature","geometry":{"type":"Polygon","coordinates":[[[75.947,29.7295],[75.8755,29.749],[75.8495,29.8155],[75.783,29.822],[75.7375,29.8085],[75.709,29.752],[75.6775,29.7695],[75.58,29.7395],[75.5675,29.763],[75.5175,29.7715],[75.463,29.801],[75.4085,29.7585],[75.3285,29.668],[75.291,29.601],[75.3025,29.5605],[75.282,29.4735],[75.303,29.442],[75.242,29.4185],[75.2285,29.3795],[75.2645,29.36],[75.2265,29.326],[75.246,29.25],[75.287,29.2715],[75.271,29.2975],[75.4,29.318],[75.391,29.377],[75.448,29.4085],[75.5175,29.398],[75.5305,29.3625],[75.605,29.371],[75.631,29.416],[75.7045,29.4245],[75.729,29.478],[75.8535,29.5445],[75.8945,29.536],[75.9405,29.5795],[75.963,29.5625],[75.9335,29.6845],[75.947,29.7295]]]},"properties":{"shapeName":"Fatehabad"}},
{"type":"Feature","geometry":{"type":"Polygon","coordinates":[[[77.241,28.276],[77.3335,28.257],[77.3505,28.2355],[77.4215,28.199],[77.494,28.215],[77.5055,28.2505],[77.5075,28.3055],[77.473,28.3365],[77.5055,28.3625],[77.478,28.419],[77.4345,28.455],[77.3805,28.471],[77.3435,28.5145],[77.3265,28.4895],[77.265,28.485],[77.2395,28.4675],[77.25,28.424],[77.175,28.4045],[77.1545,28.3905],[77.158,28.3165],[77.241,28.276]]]},"properties":{"shapeName":"Faridabad"}},
{"type":"Feature","geometry":{"type":"Polygon","coordinates":[[[75.3025,29.5605],[75.2435,29.548],[75.232,29.604],[75.184,29.628],[75.209,29.7285],[75.242,29.75],[75.1895,29.835],[75.136,29.8035],[75.114,29.8375],[75.114,29.895],[75.025,29.863],[74.993,29.864],[74.935,29.94],[74.8605,29.958],[74.8125,29.9915],[74.735,29.961],[74.7085,29.97],[74.637,29.905],[74.5285,29.943],[74.562,29.8695],[74.541,29.8405],[74.4855,29.8145],[74.478,29.745],[74.5505,29.7555],[74.6165,29.752],[74.5865,29.6545],[74.577,29.56],[74.623,29.522],[74.5855,29.4585],[74.545,29.468],[74.6085,29.356],[74.66,29.371],[74.7885,29.3615],[74.8515,29.4035],[74.9395,29.362],[74.962,29.2805],[74.9995,29.271],[75.051,29.286],[75.0765,29.2295],[75.1205,29.223],[75.1885,29.268],[75.211,29.2345],[75.246,29.25],[75.2265,29.326],[75.2645,29.36],[75.2285,29.3795],[75.242,29.4185],[75.303,29.442],[75.282,29.4735],[75.3025,29.5605]]]},"properties":{"shapeName":"Sirsa"}},
{"type":"Feature","geometry":{"type":"Polygon","coordinates":[[[76.228,28.991],[76.2475,29.005],[76.2455,29.061],[76.302,29.086],[76.306,29.1265],[76.2815,29.2085],[76.229,29.2385],[76.189,29.2915],[76.21,29.319],[76.204,29.3955],[76.162,29.4185],[76.135,29.3935],[76.085,29.411],[76.0775,29.4415],[76.0205,29.437],[76.0145,29.4805],[75.934,29.4985],[75.963,29.5625],[75.9405,29.5795],[75.8945,29.536],[75.8535,29.5445],[75.729,29.478],[75.7045,29.4245],[75.631,29.416],[75.605,29.371],[75.5305,29.3625],[75.5175,29.398],[75.448,29.4085],[75.391,29.377],[75.4,29.318],[75.271,29.2975],[75.287,29.2715],[75.3415,29.281],[75.413,29.2425],[75.4075,29.1695],[75.3795,29.142],[75.392,29.0625],[75.4325,29.056],[75.461,29.014],[75.522,29.0045],[75.528,28.9705],[75.5995,28.9895],[75.6375,28.9675],[75.681,28.912],[75.7525,28.905],[75.8,28.926],[75.8325,28.9115],[75.9055,29.017],[75.9805,28.9955],[75.9685,29.063],[75.9845,29.081],[76.0765,29.0225],[76.099,29.047],[76.191,29.0515],[76.2025,29.007],[76.228,28.991]]]},"properties":{"shapeName":"Hisar"}},
{"type":"Feature","geometry":{"type":"Polygon","coordinates":[[[76.6695,28.379],[76.6335,28.421],[76.563,28.4285],[76.4405,28.425],[76.3445,28.4595],[76.334,28.42],[76.2885,28.4285],[76.2985,28.3825],[76.3555,28.3655],[76.3685,28.335],[76.3475,28.3065],[76.3415,28.2225],[76.3125,28.178],[76.4015,28.145],[76.4765,28.1485],[76.5,28.1],[76.4975,28.054],[76.531,28.04],[76.5645,27.966],[76.607,28.0035],[76.669,28.014],[76.6525,28.0615],[76.7165,28.128],[76.7445,28.1215],[76.796,28.1485],[76.806,28.2055],[76.8535,28.2205],[76.849,28.2395],[76.7975,28.256],[76.7685,28.2405],[76.674,28.27],[76.6695,28.379]]]},"properties":{"shapeName":"Rewari"}},
{"type":"Feature","geometry":{"type":"Polygon","coordinates":[[[76.902,28.8635],[76.811,28.8665],[76.8265,28.9005],[76.753,28.9635],[76.7485,29.0185],[76.673,29.0595],[76.647,29.0465],[76.568,29.0585],[76.5385,29.098],[76.4785,29.092],[76.444,29.0555],[76.403,29.0755],[76.302,29.086],[76.2455,29.061],[76.2475,29.005],[76.228,28.991],[76.213,28.955],[76.2365,28.9115],[76.2935,28.8975],[76.292,28.808],[76.3345,28.8135],[76.407,28.756],[76.381,28.714],[76.407,28.6825],[76.446,28.736],[76.5315,28.7505],[76.5785,28.734],[76.596,28.7815],[76.6715,28.796],[76.722,28.76],[76.78,28.7435],[76.902,28.8635]]]},"properties":{"shapeName":"Rohtak"}},
{"type":"Feature","geometry":{"type":"MultiPolygon","coordinates":[[[[77.1225,30.5625],[77.075,30.5405],[77.052,30.497],[77.014,30.4665],[76.973,30.4855],[76.9105,30.4595],[76.9035,30.4325],[76.9405,30.384],[76.911,30.358],[76.846,30.4295],[76.822,30.4075],[76.7405,30.417],[76.718,30.3765],[76.749,30.363],[76.6035,30.25],[76.652,30.2015],[76.6405,30.151],[76.686,30.1885],[76.764,30.1915],[76.8055,30.213],[76.8235,30.251],[76.8905,30.212],[76.9615,30.193],[77.0605,30.1235],[77.07,30.131],[77.1105,30.1785],[77.0775,30.1995],[77.133,30.2465],[77.1425,30.286],[77.19,30.307],[77.1705,30.3595],[77.1875,30.3965],[77.1745,30.457],[77.213,30.4965],[77.1955,30.5225],[77.1225,30.5625]]],[[[76.638,30.148],[76.5755,30.101],[76.616,30.073],[76.6455,30.102],[76.638,30.148]]]]},"properties":{"shapeName":"Ambala"}},
{"type":"Feature","geometry":{"type":"Polygon","coordinates":[[[76.8295,30.762],[76.7555,30.7865],[76.711,30.7615],[76.7545,30.6815],[76.7945,30.659],[76.825,30.681],[76.8495,30.723],[76.8295,30.762]]]},"properties":{"shapeName":"Chandigarh"}},
{"type":"Feature","geometry":{"type":"Polygon","coordinates":[[[73.9045,15.404],[73.951,15.404],[73.96,15.373],[74.0155,15.341],[74.023,15.3],[74.0765,15.291],[74.1105,15.358],[74.0795,15.408],[74.1695,15.438],[74.253,15.489],[74.2785,15.5225],[74.2485,15.569],[74.262,15.62],[74.2495,15.6575],[74.1195,15.6535],[74.0845,15.6295],[74,15.607],[73.9705,15.6295],[73.9675,15.691],[73.9395,15.7395],[73.8765,15.7505],[73.8535,15.7975],[73.826,15.7405],[73.674,15.7285],[73.688,15.7235],[73.753,15.551],[73.769,15.491],[73.798,15.46],[73.886,15.432],[73.9045,15.404]]]},"properties":{"shapeName":"North Goa"}},
{"type":"Feature","geometry":{"type":"Polygon","coordinates":[[[73.9045,15.404],[73.8585,15.398],[73.8925,15.336],[73.9445,15.16],[73.932,15.0785],[73.9805,15.0525],[73.989,15.021],[74.0245,15.009],[74.0495,14.958],[74.0435,14.9185],[74.092,14.8995],[74.181,14.957],[74.2365,14.95],[74.2685,14.979],[74.2975,15.0435],[74.276,15.1055],[74.2845,15.1465],[74.317,15.1875],[74.3015,15.2265],[74.258,15.2455],[74.2715,15.278],[74.3365,15.2965],[74.318,15.333],[74.323,15.3705],[74.2845,15.3845],[74.277,15.4465],[74.253,15.489],[74.1695,15.438],[74.0795,15.408],[74.1105,15.358],[74.0765,15.291],[74.023,15.3],[74.0155,15.341],[73.96,15.373],[73.951,15.404],[73.9045,15.404]]]},"properties":{"shapeName":"South Goa"}},
{"type":"Feature","geometry":{"type":"MultiPolygon","coordinates":[[[[93.029,13.5745],[92.9135,13.5295],[92.9305,13.502],[92.879,13.4755],[92.8705,13.405],[92.8345,13.375],[92.8205,13.2785],[92.8255,13.238],[92.8135,13.168],[92.8235,13.1335],[92.7935,13.06],[92.7925,12.9525],[92.802,12.9345],[92.7775,12.864],[92.734,12.8235],[92.721,12.789],[92.739,12.7385],[92.744,12.668],[92.702,12.6],[92.7095,12.5755],[92.694,12.5155],[92.7085,12.4925],[92.699,12.426],[92.701,12.333],[92.72,12.3035],[92.7715,12.317],[92.815,12.3135],[92.8325,12.3025],[92.8485,12.308],[92.8565,12.3145],[92.881,12.3185],[92.8735,12.353],[92.8295,12.42],[92.865,12.4265],[92.915,12.4125],[92.9305,12.4755],[92.9755,12.5435],[92.956,12.6015],[92.9685,12.74],[92.934,12.7755],[92.954,12.8045],[92.927,12.8855],[92.886,12.8935],[92.8745,12.9645],[92.9075,12.9855],[92.9155,13.055],[92.964,13.017],[93.0205,13.05],[93.0345,13.0825],[93.032,13.1785],[93.057,13.256],[93.002,13.315],[92.9645,13.3235],[93.037,13.3745],[93.0565,13.411],[93.0325,13.4325],[93.045,13.5285],[93.029,13.5745]]],[[[92.8255,12.304],[92.7915,12.304],[92.742,12.2455],[92.751,12.2325],[92.7705,12.231],[92.7645,12.2125],[92.7695,12.2015],[92.7685,12.189],[92.739,12.0975],[92.7865,12.08],[92.8015,12.131],[92.848,12.1615],[92.871,12.197],[92.859,12.245],[92.883,12.263],[92.8705,12.2985],[92.8515,12.3025],[92.839,12.3035],[92.8305,12.3005],[92.8255,12.304]]],[[[92.6955,12.9925],[92.6765,12.9505],[92.665,12.8815],[92.648,12.862],[92.6665,12.8065],[92.72,12.8745],[92.72,12.9785],[92.6955,12.9925]]],[[[92.731,12.242],[92.722,12.194],[92.7635,12.1815],[92.7685,12.2005],[92.763,12.2085],[92.7625,12.2295],[92.752,12.2285],[92.731,12.242]]]]},"properties":{"shapeName":"North  & Middle Andaman"}},
{"type":"Feature","geometry":{"type":"MultiPolygon","coordinates":[[[[92.697,12.2395],[92.6455,12.1765],[92.6245,12.1025],[92.6135,12.0085],[92.6115,11.8725],[92.5795,11.9255],[92.543,11.9235],[92.514,11.847],[92.542,11.8355],[92.5595,11.77],[92.554,11.7195],[92.5885,11.717],[92.6055,11.6085],[92.671,11.5035],[92.727,11.517],[92.7565,11.665],[92.745,11.6915],[92.786,11.8655],[92.7875,11.919],[92.7155,11.9515],[92.7555,11.9875],[92.7745,12.03],[92.735,12.1035],[92.755,12.1525],[92.71,12.2085],[92.697,12.2395]]],[[[92.5195,10.8995],[92.4625,10.8635],[92.381,10.7625],[92.3825,10.675],[92.4195,10.6145],[92.3805,10.538],[92.4325,10.548],[92.5,10.5085],[92.531,10.516],[92.568,10.576],[92.5445,10.593],[92.554,10.639],[92.598,10.6775],[92.5835,10.7595],[92.5615,10.813],[92.5605,10.8615],[92.5195,10.8995]]],[[[92.6365,11.515],[92.6115,11.459],[92.6245,11.4075],[92.587,11.4],[92.599,11.347],[92.6645,11.3575],[92.6635,11.3945],[92.685,11.433],[92.677,11.471],[92.6365,11.515]]],[[[92.9695,12.03],[92.931,12.005],[92.975,11.948],[93.0055,11.9305],[93.026,11.889],[93.054,11.9035],[93.007,12.0005],[92.9695,12.03]]],[[[93.0825,12.1965],[93.0375,12.1365],[93.0715,12.0855],[93.0915,12.104],[93.0825,12.1965]]],[[[92.216,11.5945],[92.2145,11.5295],[92.2745,11.536],[92.27,11.5845],[92.216,11.5945]]]]},"properties":{"shapeName":"South Andaman"}},
{"type":"Feature","geometry":{"type":"MultiPolygon","coordinates":[[[[93.844,7.2215],[93.739,7.1905],[93.6855,7.1895],[93.6805,7.14],[93.6595,7.1135],[93.6745,7.0195],[93.7545,6.956],[93.763,6.921],[93.821,6.8145],[93.8955,6.841],[93.896,6.903],[93.936,6.9625],[93.902,7.076],[93.8875,7.0835],[93.8835,7.1885],[93.844,7.2215]]],[[[93.4015,8.009],[93.3745,8.027],[93.331,8.0095],[93.311,7.9535],[93.3475,7.8965],[93.378,7.883],[93.462,7.935],[93.4045,7.973],[93.4015,8.009]]],[[[93.712,7.443],[93.7075,7.3935],[93.633,7.3705],[93.629,7.269],[93.7245,7.31],[93.7545,7.376],[93.721,7.402],[93.712,7.443]]],[[[93.5215,8.233],[93.4565,8.1735],[93.4595,8.1245],[93.491,8.063],[93.524,8.084],[93.501,8.147],[93.5365,8.1835],[93.5215,8.233]]],[[[92.7795,9.2525],[92.764,9.2145],[92.7245,9.2175],[92.7185,9.153],[92.7325,9.124],[92.8015,9.1195],[92.829,9.14],[92.8185,9.2135],[92.7795,9.2525]]],[[[93.1275,8.3545],[93.094,8.336],[93.087,8.271],[93.121,8.224],[93.1535,8.2425],[93.125,8.281],[93.1275,8.3545]]],[[[93.547,8.0265],[93.508,7.9845],[93.573,7.9305],[93.5795,7.9955],[93.547,8.0265]]]]},"properties":{"shapeName":"Nicobars"}},
{"type":"Feature","geometry":{"type":"Polygon","coordinates":[[[95.7845,27.734],[95.86,27.734],[95.8805,27.7555],[96.08,27.844],[96.2365,27.8645],[96.2915,27.77],[96.2775,27.7235],[96.2865,27.6285],[96.315,27.562],[96.34,27.578],[96.3795,27.6435],[96.611,27.649],[96.649,27.628],[96.7145,27.669],[96.721,27.7265],[96.7055,27.754],[96.7195,27.81],[96.6545,27.878],[96.5975,27.918],[96.6085,27.946],[96.5335,27.9885],[96.415,27.954],[96.395,27.9855],[96.347,28.0085],[96.2865,28.062],[96.3385,28.1185],[96.345,28.1865],[96.306,28.2405],[96.317,28.265],[96.2985,28.3335],[96.249,28.2895],[96.27,28.256],[96.186,28.176],[96.1475,28.1645],[96.0785,28.1915],[96.095,28.1345],[96.0675,28.067],[96.037,28.031],[96.009,27.958],[95.977,27.963],[95.952,27.917],[95.8735,27.834],[95.8225,27.8035],[95.78,27.7525],[95.7845,27.734]]]},"properties":{"shapeName":"Lohit"}},
{"type":"Feature","geometry":{"type":"Polygon","coordinates":[[[94.4055,28.3355],[94.3795,28.2875],[94.3625,28.1895],[94.3885,28.1505],[94.383,28.095],[94.4455,28.063],[94.4875,28.009],[94.548,28.075],[94.6485,28.1],[94.718,28.0575],[94.7635,28.0525],[94.827,28.0245],[94.9195,28.061],[94.949,28.116],[94.9195,28.1225],[94.877,28.2005],[94.9385,28.236],[94.908,28.388],[94.8915,28.4125],[94.78,28.4215],[94.7555,28.48],[94.765,28.5425],[94.7525,28.5505],[94.666,28.51],[94.539,28.464],[94.474,28.4185],[94.4055,28.3355]]]},"properties":{"shapeName":"West Siang"}},
{"type":"Feature","geometry":{"type":"Polygon","coordinates":[[[94.4875,28.009],[94.4455,28.063],[94.383,28.095],[94.3885,28.1505],[94.3625,28.1895],[94.3795,28.2875],[94.4055,28.3355],[94.327,28.366],[94.3225,28.4105],[94.239,28.4495],[94.2265,28.4295],[94.1535,28.436],[94.1025,28.4805],[94.107,28.517],[93.998,28.5735],[93.9315,28.664],[93.8425,28.6985],[93.793,28.6645],[93.736,28.68],[93.647,28.6525],[93.5035,28.6605],[93.468,28.685],[93.413,28.6585],[93.329,28.639],[93.2815,28.5065],[93.1875,28.439],[93.2295,28.4115],[93.2305,28.35],[93.2815,28.331],[93.349,28.333],[93.408,28.284],[93.464,28.272],[93.4825,28.281],[93.5715,28.258],[93.6185,28.269],[93.635,28.302],[93.722,28.3045],[93.786,28.2565],[93.823,28.2575],[93.8575,28.2325],[93.856,28.1685],[93.8805,28.1515],[93.896,28.102],[93.8935,28.053],[93.9725,27.9735],[94.0475,27.9645],[94.061,27.883],[94.077,27.8655],[94.1525,27.885],[94.164,27.865],[94.2385,27.8295],[94.26,27.789],[94.311,27.778],[94.4445,27.839],[94.547,27.8665],[94.589,27.893],[94.5495,27.915],[94.4875,28.009]]]},"properties":{"shapeName":"Upper Subansiri"}},
{"type":"Feature","geometry":{"type":"Polygon","coordinates":[[[96.315,27.562],[96.236,27.569],[96.1245,27.624],[96.0715,27.61],[96.0155,27.5565],[95.9585,27.561],[95.8805,27.547],[95.8815,27.4375],[95.972,27.43],[96.0135,27.3685],[95.9615,27.31],[95.871,27.26],[95.859,27.2875],[95.683,27.251],[95.6355,27.2305],[95.6845,27.1685],[95.6655,27.0635],[95.6445,27.005],[95.6895,26.9905],[95.721,26.903],[95.7535,26.9305],[95.755,26.9725],[95.793,27.031],[95.8715,27.024],[95.9635,27.084],[95.9935,27.1415],[96.0425,27.197],[96.1285,27.247],[96.199,27.2635],[96.2435,27.2935],[96.2855,27.2865],[96.3195,27.307],[96.3595,27.297],[96.434,27.312],[96.504,27.312],[96.532,27.2945],[96.5835,27.329],[96.6185,27.3735],[96.7495,27.354],[96.802,27.3395],[96.882,27.262],[96.8875,27.2305],[96.861,27.1955],[96.899,27.1765],[96.9645,27.1705],[97.0605,27.1135],[97.1375,27.1085],[97.1615,27.1545],[97.0855,27.227],[97.083,27.2505],[97.0025,27.3185],[96.9295,27.419],[96.906,27.4715],[96.9345,27.519],[96.917,27.549],[96.907,27.623],[96.8775,27.6375],[96.787,27.646],[96.7145,27.669],[96.649,27.628],[96.611,27.649],[96.3795,27.6435],[96.34,27.578],[96.315,27.562]]]},"properties":{"shapeName":"Changlang"}},
{"type":"Feature","geometry":{"type":"Polygon","coordinates":[[[95.1765,27.0215],[95.191,26.964],[95.242,26.8805],[95.176,26.8575],[95.224,26.774],[95.211,26.7195],[95.2315,26.684],[95.3125,26.6665],[95.442,26.7185],[95.496,26.772],[95.458,26.8],[95.4715,26.857],[95.434,26.8535],[95.36,26.8955],[95.393,27.0495],[95.3715,27.096],[95.37,27.1055],[95.3085,27.0755],[95.247,27.0245],[95.1945,27.0375],[95.1765,27.0215]]]},"properties":{"shapeName":"Longding"}},
{"type":"Feature","geometry":{"type":"Polygon","coordinates":[[[93.962,27.489],[94.019,27.527],[93.985,27.5635],[93.984,27.5995],[93.937,27.591],[93.9085,27.6115],[93.901,27.7095],[93.918,27.7355],[93.917,27.7905],[93.8725,27.804],[93.7745,27.788],[93.7745,27.7375],[93.7225,27.6985],[93.5995,27.6275],[93.5435,27.612],[93.602,27.5165],[93.589,27.467],[93.6075,27.3635],[93.6715,27.3245],[93.765,27.3465],[93.8065,27.328],[93.829,27.363],[93.819,27.394],[93.8555,27.455],[93.9075,27.4885],[93.962,27.489]]]},"properties":{"shapeName":"Lower Subansiri"}},
{"type":"Feature","geometry":{"type":"Polygon","coordinates":[[[93.3015,27.347],[93.405,27.383],[93.3975,27.434],[93.343,27.483],[93.3105,27.544],[93.347,27.5775],[93.285,27.611],[93.2495,27.6185],[93.237,27.6595],[93.205,27.6875],[93.2325,27.722],[93.209,27.744],[93.245,27.8125],[93.199,27.8565],[93.177,27.832],[93.0935,27.819],[93.07,27.831],[92.9835,27.8245],[92.949,27.845],[92.9325,27.911],[92.8555,27.945],[92.7585,27.9525],[92.731,27.9735],[92.6635,27.9105],[92.6095,27.89],[92.567,27.8365],[92.497,27.853],[92.4475,27.8185],[92.4385,27.7615],[92.498,27.7415],[92.524,27.68],[92.5285,27.6215],[92.572,27.63],[92.647,27.5355],[92.6535,27.4925],[92.7085,27.443],[92.8285,27.4255],[92.8115,27.369],[92.8525,27.314],[92.8245,27.28],[92.835,27.234],[92.786,27.191],[92.8445,27.1405],[92.902,27.1335],[92.945,27.1655],[92.9995,27.159],[93.0415,27.1895],[92.9765,27.2235],[92.985,27.257],[93.0235,27.262],[93.0465,27.2915],[93.1225,27.298],[93.1455,27.3605],[93.2135,27.3835],[93.2465,27.3585],[93.3015,27.347]]]},"properties":{"shapeName":"East Kameng"}},
{"type":"Feature","geometry":{"type":"Polygon","coordinates":[[[94.765,28.5425],[94.8435,28.5655],[94.8785,28.5385],[94.9485,28.563],[94.9725,28.514],[95.0015,28.4975],[95.062,28.52],[95.1045,28.4915],[95.1055,28.447],[95.0705,28.4035],[95.103,28.356],[95.0965,28.2575],[95.118,28.2065],[95.1665,28.19],[95.1715,28.164],[95.219,28.149],[95.2685,28.164],[95.3025,28.2145],[95.331,28.2255],[95.342,28.276],[95.4145,28.3075],[95.3965,28.352],[95.361,28.3615],[95.3535,28.4625],[95.4185,28.521],[95.3735,28.6025],[95.3615,28.6775],[95.419,28.745],[95.351,28.83],[95.35,28.9145],[95.3275,28.9445],[95.273,28.938],[95.2545,28.9935],[95.27,29.0515],[95.2595,29.099],[95.122,29.108],[95.1015,29.1325],[94.9705,29.153],[94.8495,29.1785],[94.81,29.167],[94.807,29.213],[94.746,29.2765],[94.657,29.3355],[94.5915,29.275],[94.5805,29.236],[94.546,29.217],[94.4465,29.2245],[94.386,29.1895],[94.364,29.1495],[94.303,29.151],[94.204,29.0645],[94.182,29.011],[94.268,29.0165],[94.374,28.957],[94.3535,28.925],[94.3735,28.888],[94.44,28.8855],[94.525,28.8285],[94.571,28.829],[94.6185,28.802],[94.687,28.7405],[94.7285,28.731],[94.7485,28.7],[94.735,28.642],[94.7525,28.5505],[94.765,28.5425]]]},"properties":{"shapeName":"Upper Siang"}},
{"type":"Feature","geometry":{"type":"Polygon","coordinates":[[[96.7145,27.669],[96.787,27.646],[96.8775,27.6375],[96.907,27.623],[96.9525,27.6665],[96.996,27.689],[97.049,27.747],[97.0905,27.7355],[97.125,27.781],[97.2525,27.885],[97.3105,27.9005],[97.3645,27.8595],[97.38,27.8915],[97.373,27.9575],[97.393,28.0205],[97.356,28.059],[97.3075,28.054],[97.3045,28.087],[97.3355,28.109],[97.315,28.141],[97.38,28.2065],[97.2855,28.2535],[97.215,28.275],[97.163,28.2785],[97.1335,28.3185],[97.0785,28.34],[96.994,28.305],[96.918,28.338],[96.894,28.376],[96.855,28.359],[96.765,28.3605],[96.7245,28.4115],[96.6415,28.443],[96.5545,28.437],[96.5,28.398],[96.4445,28.3985],[96.3885,28.3205],[96.3595,28.3705],[96.324,28.3675],[96.2985,28.3335],[96.317,28.265],[96.306,28.2405],[96.345,28.1865],[96.3385,28.1185],[96.2865,28.062],[96.347,28.0085],[96.395,27.9855],[96.415,27.954],[96.5335,27.9885],[96.6085,27.946],[96.5975,27.918],[96.6545,27.878],[96.7195,27.81],[96.7055,27.754],[96.721,27.7265],[96.7145,27.669]]]},"properties":{"shapeName":"Anjaw"}},
{"type":"Feature","geometry":{"type":"Polygon","coordinates":[[[94.9195,28.061],[94.9345,28.052],[95.049,28.0485],[95.071,28.0315],[95.195,28.067],[95.221,28.0855],[95.219,28.149],[95.1715,28.164],[95.1665,28.19],[95.118,28.2065],[95.0965,28.2575],[95.103,28.356],[95.0705,28.4035],[95.1055,28.447],[95.1045,28.4915],[95.062,28.52],[95.0015,28.4975],[94.9725,28.514],[94.9485,28.563],[94.8785,28.5385],[94.8435,28.5655],[94.765,28.5425],[94.7555,28.48],[94.78,28.4215],[94.8915,28.4125],[94.908,28.388],[94.9385,28.236],[94.877,28.2005],[94.9195,28.1225],[94.949,28.116],[94.9195,28.061]]]},"properties":{"shapeName":"Siang"}},
{"type":"Feature","geometry":{"type":"Polygon","coordinates":[[[95.4185,28.521],[95.515,28.4995],[95.5725,28.4775],[95.5795,28.4435],[95.5555,28.386],[95.5825,28.359],[95.676,28.361],[95.76,28.3345],[95.844,28.2855],[95.8865,28.3165],[95.8445,28.3515],[95.9345,28.4055],[95.9305,28.443],[96.0195,28.508],[96.1095,28.491],[96.1665,28.499],[96.175,28.524],[96.2465,28.5475],[96.2655,28.5085],[96.329,28.5065],[96.3915,28.5365],[96.4795,28.6075],[96.466,28.6645],[96.5635,28.6925],[96.601,28.7245],[96.611,28.7585],[96.53,28.875],[96.51,28.9455],[96.4675,28.98],[96.5145,29.067],[96.429,29.0255],[96.3445,29.0225],[96.2565,28.955],[96.239,28.924],[96.1785,28.8875],[96.1535,28.916],[96.1885,28.9765],[96.154,29.041],[96.2215,29.128],[96.261,29.1495],[96.354,29.1665],[96.392,29.2405],[96.3775,29.2735],[96.239,29.2285],[96.182,29.29],[96.179,29.322],[96.1435,29.3845],[96.066,29.4515],[96.023,29.4315],[95.9465,29.37],[95.8625,29.381],[95.8305,29.3415],[95.768,29.3435],[95.7145,29.2925],[95.5735,29.21],[95.5275,29.1895],[95.537,29.1185],[95.4795,29.1215],[95.479,29.0725],[95.454,29.0355],[95.406,29.029],[95.302,29.06],[95.27,29.0515],[95.2545,28.9935],[95.273,28.938],[95.3275,28.9445],[95.35,28.9145],[95.351,28.83],[95.419,28.745],[95.3615,28.6775],[95.3735,28.6025],[95.4185,28.521]]]},"properties":{"shapeName":"Dibang Valley"}},
{"type":"Feature","geometry":{"type":"Polygon","coordinates":[[[93.2305,28.35],[93.2235,28.3245],[93.133,28.329],[93.0965,28.3035],[93.024,28.2965],[93.0325,28.27],[92.995,28.231],[92.9565,28.2535],[92.897,28.207],[92.833,28.1745],[92.809,28.201],[92.701,28.1355],[92.6765,28.0785],[92.741,28.0365],[92.731,27.9735],[92.7585,27.9525],[92.8555,27.945],[92.9325,27.911],[92.949,27.845],[92.9835,27.8245],[93.07,27.831],[93.0935,27.819],[93.177,27.832],[93.199,27.8565],[93.245,27.8125],[93.209,27.744],[93.2325,27.722],[93.205,27.6875],[93.237,27.6595],[93.2495,27.6185],[93.285,27.611],[93.3545,27.6485],[93.441,27.649],[93.479,27.6265],[93.5285,27.635],[93.5435,27.7055],[93.5225,27.7345],[93.5725,27.7875],[93.6155,27.768],[93.654,27.774],[93.6695,27.875],[93.716,27.9105],[93.6905,27.9625],[93.601,27.981],[93.5705,28.0785],[93.5235,28.0905],[93.482,28.137],[93.464,28.2205],[93.464,28.272],[93.408,28.284],[93.349,28.333],[93.2815,28.331],[93.2305,28.35]]]},"properties":{"shapeName":"Kurung Kumey"}},
{"type":"Feature","geometry":{"type":"Polygon","coordinates":[[[92.4385,27.7615],[92.389,27.7455],[92.38,27.665],[92.249,27.6375],[92.2085,27.6375],[92.1755,27.5595],[92.112,27.559],[92.067,27.493],[91.999,27.472],[92.0455,27.3795],[92.057,27.317],[92.115,27.2695],[92.057,27.218],[92.047,27.1725],[92.016,27.151],[92.012,27.094],[92.04,27.041],[92.0765,27.0345],[92.111,26.9705],[92.104,26.8865],[92.197,26.89],[92.305,26.923],[92.3665,26.9315],[92.4015,26.925],[92.448,26.9595],[92.587,26.961],[92.647,26.986],[92.6525,27.0235],[92.592,27.1],[92.6095,27.1475],[92.748,27.2085],[92.786,27.191],[92.835,27.234],[92.8245,27.28],[92.8525,27.314],[92.8115,27.369],[92.8285,27.4255],[92.7085,27.443],[92.6535,27.4925],[92.647,27.5355],[92.572,27.63],[92.5285,27.6215],[92.524,27.68],[92.498,27.7415],[92.4385,27.7615]]]},"properties":{"shapeName":"West Kameng"}},
{"type":"Feature","geometry":{"type":"Polygon","coordinates":[[[96.2985,28.3335],[96.324,28.3675],[96.2735,28.3925],[96.3765,28.4595],[96.329,28.5065],[96.2655,28.5085],[96.2465,28.5475],[96.175,28.524],[96.1665,28.499],[96.1095,28.491],[96.0195,28.508],[95.9305,28.443],[95.9345,28.4055],[95.8445,28.3515],[95.8865,28.3165],[95.844,28.2855],[95.76,28.3345],[95.676,28.361],[95.5825,28.359],[95.5555,28.386],[95.5795,28.4435],[95.5725,28.4775],[95.515,28.4995],[95.4185,28.521],[95.3535,28.4625],[95.361,28.3615],[95.3965,28.352],[95.4145,28.3075],[95.4515,28.311],[95.476,28.277],[95.5365,28.284],[95.576,28.258],[95.569,28.177],[95.5775,28.117],[95.567,28.0525],[95.507,27.9565],[95.5265,27.893],[95.607,27.953],[95.826,27.972],[95.977,27.963],[96.009,27.958],[96.037,28.031],[96.0675,28.067],[96.095,28.1345],[96.0785,28.1915],[96.1475,28.1645],[96.186,28.176],[96.27,28.256],[96.249,28.2895],[96.2985,28.3335]]]},"properties":{"shapeName":"Lower Dibang Valley"}},
{"type":"Feature","geometry":{"type":"Polygon","coordinates":[[[92.4475,27.8185],[92.4165,27.828],[92.306,27.789],[92.269,27.861],[92.1835,27.8445],[92.045,27.761],[91.97,27.7515],[91.91,27.7105],[91.8625,27.7],[91.8375,27.7665],[91.802,27.7875],[91.721,27.784],[91.66,27.8235],[91.603,27.8355],[91.59,27.795],[91.628,27.7895],[91.64,27.7565],[91.6165,27.6905],[91.5655,27.6595],[91.5625,27.5825],[91.6375,27.476],[91.711,27.482],[91.7265,27.4545],[91.7915,27.4495],[91.848,27.4745],[91.93,27.4685],[91.968,27.454],[91.999,27.472],[92.067,27.493],[92.112,27.559],[92.1755,27.5595],[92.2085,27.6375],[92.249,27.6375],[92.38,27.665],[92.389,27.7455],[92.4385,27.7615],[92.4475,27.8185]]]},"properties":{"shapeName":"Tawang"}},
{"type":"Feature","geometry":{"type":"Polygon","coordinates":[[[93.5435,27.612],[93.5285,27.635],[93.479,27.6265],[93.441,27.649],[93.3545,27.6485],[93.285,27.611],[93.347,27.5775],[93.3105,27.544],[93.343,27.483],[93.3975,27.434],[93.405,27.383],[93.3015,27.347],[93.308,27.312],[93.2455,27.272],[93.2455,27.222],[93.2995,27.2345],[93.342,27.199],[93.2475,27.159],[93.252,27.1375],[93.31,27.1285],[93.38,27.082],[93.4285,26.9915],[93.3915,26.9575],[93.469,26.9365],[93.585,26.95],[93.6765,26.968],[93.699,26.992],[93.7195,27.0165],[93.837,27.075],[93.809,27.149],[93.868,27.196],[93.9015,27.2385],[94.0005,27.3315],[94.0615,27.3605],[94.087,27.4015],[94.211,27.495],[94.2065,27.5305],[94.1305,27.5145],[94.0885,27.483],[93.962,27.489],[93.9075,27.4885],[93.8555,27.455],[93.819,27.394],[93.829,27.363],[93.8065,27.328],[93.765,27.3465],[93.6715,27.3245],[93.6075,27.3635],[93.589,27.467],[93.602,27.5165],[93.5435,27.612]]]},"properties":{"shapeName":"Papum Pare"}},
{"type":"Feature","geometry":{"type":"Polygon","coordinates":[[[90.655,26.2415],[90.522,26.208],[90.419,26.1975],[90.3785,26.1815],[90.298,26.16],[90.26,26.167],[90.242,26.1395],[90.1895,26.1205],[90.1785,26.0745],[90.1765,26.001],[90.122,25.9615],[90.216,25.954],[90.3275,25.9745],[90.368,26.0105],[90.4315,25.989],[90.48,26.0155],[90.537,25.958],[90.5815,25.958],[90.6315,25.9375],[90.7155,25.952],[90.7805,25.908],[90.7995,25.9415],[90.898,25.946],[90.96,25.9335],[90.9695,25.887],[91.0315,25.8875],[91.05,25.941],[91.0825,25.974],[91.0905,26.025],[91.0285,26.04],[90.938,26.094],[90.894,26.069],[90.8615,26.1135],[90.7675,26.1365],[90.7145,26.1355],[90.694,26.153],[90.655,26.2415]]]},"properties":{"shapeName":"Goalpara"}},
{"type":"Feature","geometry":{"type":"Polygon","coordinates":[[[91.2925,26.562],[91.2525,26.5345],[91.268,26.4875],[91.2405,26.455],[91.229,26.3665],[91.264,26.368],[91.259,26.3155],[91.2395,26.2955],[91.227,26.2155],[91.2355,26.1825],[91.2965,26.1885],[91.3875,26.1775],[91.404,26.1465],[91.4475,26.1625],[91.454,26.288],[91.467,26.318],[91.519,26.3275],[91.527,26.378],[91.566,26.4335],[91.558,26.514],[91.586,26.563],[91.5015,26.5605],[91.4315,26.5285],[91.383,26.5305],[91.3655,26.4665],[91.2995,26.494],[91.2925,26.562]]]},"properties":{"shapeName":"Nalbari"}},
{"type":"Feature","geometry":{"type":"Polygon","coordinates":[[[90.3785,26.1815],[90.379,26.2215],[90.46,26.2445],[90.4895,26.2715],[90.457,26.339],[90.419,26.363],[90.3805,26.3295],[90.319,26.353],[90.2395,26.324],[90.21,26.3515],[90.1555,26.353],[90.1015,26.325],[90.137,26.286],[90.1545,26.2195],[90.133,26.1965],[90.0495,26.1885],[90.019,26.2345],[89.939,26.2155],[89.8745,26.164],[89.8585,26.187],[89.849,26.26],[89.8875,26.3095],[89.9035,26.377],[89.858,26.4285],[89.8375,26.4125],[89.831,26.367],[89.785,26.331],[89.7215,26.2595],[89.714,26.2195],[89.7355,26.215],[89.7065,26.1775],[89.7205,26.165],[89.7485,26.158],[89.797,26.086],[89.8215,26.026],[89.815,25.9525],[89.8785,25.919],[89.863,25.8925],[89.8855,25.9025],[90.0225,26.0095],[90.084,26.0475],[90.1785,26.0745],[90.1895,26.1205],[90.242,26.1395],[90.26,26.167],[90.298,26.16],[90.3785,26.1815]]]},"properties":{"shapeName":"Dhubri"}},
{"type":"Feature","geometry":{"type":"Polygon","coordinates":[[[94.835,27.094],[94.759,27.1425],[94.78,27.191],[94.766,27.2455],[94.675,27.2225],[94.5945,27.134],[94.5635,27.101],[94.5535,27.095],[94.5485,27.0835],[94.538,27.069],[94.4795,27.0295],[94.4635,26.994],[94.4025,26.9475],[94.4965,26.8705],[94.5395,26.7735],[94.594,26.725],[94.6855,26.7275],[94.7445,26.777],[94.8055,26.816],[94.885,26.9275],[94.928,26.9445],[94.943,26.996],[94.8655,26.9435],[94.7685,26.936],[94.7565,26.957],[94.8255,27.009],[94.835,27.094]]]},"properties":{"shapeName":"Sivasagar"}},
{"type":"Feature","geometry":{"type":"Polygon","coordinates":[[[92.4895,24.876],[92.438,24.856],[92.3835,24.8525],[92.3745,24.8735],[92.3065,24.902],[92.247,24.909],[92.2445,24.843],[92.2815,24.7955],[92.2695,24.7555],[92.298,24.7365],[92.2555,24.6595],[92.2215,24.513],[92.235,24.449],[92.272,24.387],[92.2115,24.248],[92.3,24.2505],[92.421,24.2515],[92.496,24.353],[92.512,24.3895],[92.505,24.489],[92.518,24.5675],[92.504,24.6425],[92.526,24.6515],[92.522,24.7405],[92.544,24.799],[92.588,24.8625],[92.5245,24.859],[92.4895,24.876]]]},"properties":{"shapeName":"Karimganj"}},
{"type":"Feature","geometry":{"type":"Polygon","coordinates":[[[95.977,27.963],[95.826,27.972],[95.607,27.953],[95.5265,27.893],[95.4675,27.8625],[95.4535,27.827],[95.3625,27.75],[95.222,27.6485],[95.2705,27.661],[95.304,27.6065],[95.276,27.581],[95.2625,27.5105],[95.236,27.4925],[95.214,27.4325],[95.314,27.3915],[95.3975,27.391],[95.4385,27.3635],[95.4725,27.3645],[95.52,27.3335],[95.472,27.263],[95.49,27.243],[95.5335,27.2645],[95.589,27.2235],[95.6355,27.2305],[95.683,27.251],[95.859,27.2875],[95.871,27.26],[95.9615,27.31],[96.0135,27.3685],[95.972,27.43],[95.8815,27.4375],[95.8805,27.547],[95.8615,27.5465],[95.797,27.602],[95.7575,27.7255],[95.7845,27.734],[95.78,27.7525],[95.8225,27.8035],[95.8735,27.834],[95.952,27.917],[95.977,27.963]]]},"properties":{"shapeName":"Tinsukia"}},
{"type":"Feature","geometry":{"type":"Polygon","coordinates":[[[92.421,24.2515],[92.4175,24.1925],[92.4645,24.133],[92.512,24.172],[92.549,24.244],[92.61,24.2515],[92.6225,24.3305],[92.6885,24.3525],[92.7635,24.5185],[92.763,24.567],[92.7375,24.587],[92.7035,24.5645],[92.6685,24.5915],[92.644,24.7205],[92.683,24.8025],[92.6455,24.818],[92.63,24.8535],[92.588,24.8625],[92.544,24.799],[92.522,24.7405],[92.526,24.6515],[92.504,24.6425],[92.518,24.5675],[92.505,24.489],[92.512,24.3895],[92.496,24.353],[92.421,24.2515]]]},"properties":{"shapeName":"Hailakandi"}},
{"type":"Feature","geometry":{"type":"Polygon","coordinates":[[[90.958,26.7835],[90.7035,26.768],[90.634,26.7915],[90.564,26.801],[90.445,26.883],[90.4305,26.7315],[90.369,26.631],[90.4145,26.545],[90.417,26.4965],[90.4505,26.4665],[90.5565,26.4715],[90.5575,26.499],[90.6275,26.5015],[90.6525,26.5285],[90.741,26.495],[90.7935,26.531],[90.8455,26.543],[90.857,26.598],[90.88,26.6195],[90.923,26.741],[90.958,26.7835]]]},"properties":{"shapeName":"Chirang"}},
{"type":"Feature","geometry":{"type":"Polygon","coordinates":[[[95.4675,27.8625],[95.3845,27.8375],[95.317,27.8665],[95.052,27.786],[95.039,27.7735],[94.9305,27.753],[94.861,27.7295],[94.743,27.6595],[94.6845,27.6595],[94.6405,27.6275],[94.587,27.6165],[94.501,27.574],[94.454,27.5675],[94.4215,27.598],[94.3685,27.5735],[94.2895,27.5915],[94.236,27.6295],[94.2185,27.606],[94.2575,27.5545],[94.266,27.5085],[94.3055,27.437],[94.305,27.396],[94.2725,27.3625],[94.3195,27.3305],[94.392,27.3595],[94.4345,27.321],[94.506,27.3365],[94.5155,27.242],[94.5425,27.2225],[94.543,27.2225],[94.6435,27.3405],[94.665,27.349],[94.699,27.4225],[94.745,27.435],[94.762,27.471],[94.871,27.557],[94.895,27.5845],[94.9925,27.5955],[95.053,27.624],[95.222,27.6485],[95.3625,27.75],[95.4535,27.827],[95.4675,27.8625]]]},"properties":{"shapeName":"Dhemaji"}},
{"type":"Feature","geometry":{"type":"Polygon","coordinates":[[[92.4415,26.485],[92.3365,26.471],[92.305,26.446],[92.256,26.4515],[92.2165,26.415],[92.1805,26.423],[92.145,26.401],[92.085,26.337],[92.0445,26.2755],[91.983,26.275],[91.955,26.254],[91.9985,26.2045],[92.0335,26.208],[92.131,26.1785],[92.164,26.1485],[92.179,26.078],[92.265,26.064],[92.2695,26.0665],[92.2935,26.075],[92.2945,26.0765],[92.3,26.0755],[92.3025,26.075],[92.3725,26.131],[92.4015,26.139],[92.437,26.243],[92.4945,26.2515],[92.5405,26.277],[92.5555,26.3545],[92.441,26.4055],[92.4415,26.485]]]},"properties":{"shapeName":"Morigaon"}},
{"type":"Feature","geometry":{"type":"Polygon","coordinates":[[[93.772,25.962],[93.797,25.976],[93.795,26.0205],[93.8385,26.139],[93.8505,26.2035],[93.8975,26.312],[93.885,26.356],[93.8405,26.3985],[93.799,26.38],[93.7875,26.4635],[93.736,26.55],[93.7335,26.5935],[93.6815,26.5955],[93.411,26.557],[93.3915,26.578],[93.303,26.5785],[93.2525,26.5685],[93.2465,26.5305],[93.198,26.5405],[93.188,26.5675],[93.1065,26.531],[93.046,26.5355],[93.0075,26.494],[93.071,26.4895],[93.0925,26.4685],[93.0555,26.4245],[92.98,26.4215],[92.9135,26.3925],[92.943,26.327],[92.88,26.286],[92.84,26.2805],[92.8265,26.2715],[92.802,26.2025],[92.883,26.2085],[92.943,26.201],[92.9355,26.1505],[92.934,26.1465],[92.9315,26.145],[92.9445,26.1365],[92.9985,26.121],[93.0495,26.0875],[93.0515,26.0855],[93.107,26.0705],[93.1185,26.0345],[93.159,25.9905],[93.1865,25.9025],[93.244,25.837],[93.2505,25.7865],[93.2215,25.7255],[93.144,25.713],[93.132,25.684],[93.1905,25.6255],[93.172,25.5955],[93.1995,25.5575],[93.3055,25.529],[93.3305,25.5435],[93.372,25.566],[93.4265,25.628],[93.482,25.6425],[93.5425,25.698],[93.5435,25.7235],[93.621,25.776],[93.647,25.8205],[93.705,25.8495],[93.6865,25.9055],[93.749,25.9335],[93.772,25.962]]]},"properties":{"shapeName":"Karbi Anglong East"}},
{"type":"Feature","geometry":{"type":"Polygon","coordinates":[[[93.699,26.992],[93.7435,26.9585],[93.754,26.8925],[93.788,26.885],[93.766,26.837],[93.775,26.7925],[93.794,26.8285],[93.858,26.8385],[93.89,26.8675],[93.969,26.9125],[94.083,26.999],[94.11,26.97],[94.181,26.9975],[94.2245,27.032],[94.238,27.0735],[94.281,27.0955],[94.3075,27.0725],[94.367,27.0975],[94.4175,27.091],[94.438,27.1195],[94.5085,27.1205],[94.5425,27.2225],[94.5155,27.242],[94.506,27.3365],[94.4345,27.321],[94.392,27.3595],[94.3195,27.3305],[94.2725,27.3625],[94.305,27.396],[94.3055,27.437],[94.266,27.5085],[94.211,27.495],[94.087,27.4015],[94.0615,27.3605],[94.0005,27.3315],[93.9015,27.2385],[93.868,27.196],[93.809,27.149],[93.837,27.075],[93.7195,27.0165],[93.699,26.992]]]},"properties":{"shapeName":"Lakhimpur"}},
{"type":"Feature","geometry":{"type":"Polygon","coordinates":[[[90.655,26.2415],[90.7045,26.256],[90.722,26.284],[90.792,26.328],[90.8205,26.366],[90.8625,26.3755],[90.8085,26.5],[90.8515,26.508],[90.8455,26.543],[90.7935,26.531],[90.741,26.495],[90.6525,26.5285],[90.6275,26.5015],[90.5575,26.499],[90.5565,26.4715],[90.4505,26.4665],[90.4135,26.4455],[90.3985,26.4015],[90.419,26.363],[90.457,26.339],[90.4895,26.2715],[90.46,26.2445],[90.379,26.2215],[90.3785,26.1815],[90.419,26.1975],[90.522,26.208],[90.655,26.2415]]]},"properties":{"shapeName":"Bongaigaon"}},
{"type":"Feature","geometry":{"type":"Polygon","coordinates":[[[91.586,26.563],[91.612,26.551],[91.6215,26.456],[91.703,26.453],[91.727,26.4875],[91.7835,26.4955],[91.7875,26.5015],[91.7855,26.5365],[91.7445,26.59],[91.7455,26.6835],[91.7065,26.811],[91.6265,26.8205],[91.5935,26.804],[91.481,26.791],[91.4115,26.835],[91.339,26.779],[91.298,26.7845],[91.2515,26.8125],[91.133,26.808],[91.0925,26.818],[91.057,26.779],[90.958,26.7835],[90.923,26.741],[90.88,26.6195],[90.929,26.616],[90.913,26.578],[91.003,26.5605],[91.043,26.566],[91.1015,26.539],[91.1455,26.5805],[91.1385,26.66],[91.1895,26.605],[91.2925,26.562],[91.2995,26.494],[91.3655,26.4665],[91.383,26.5305],[91.4315,26.5285],[91.5015,26.5605],[91.586,26.563]]]},"properties":{"shapeName":"Baksa"}},
{"type":"Feature","geometry":{"type":"Polygon","coordinates":[[[92.4015,26.139],[92.407,26.126],[92.405,26.118],[92.425,26.115],[92.4335,26.1155],[92.47,26.1465],[92.5295,26.143],[92.535,26.096],[92.541,26.1005],[92.546,26.105],[92.597,26.069],[92.551,25.9705],[92.5925,25.9645],[92.6695,26.028],[92.716,26.0215],[92.729,26.059],[92.731,26.065],[92.7395,26.0905],[92.709,26.138],[92.7535,26.1395],[92.7665,26.178],[92.802,26.2025],[92.8265,26.2715],[92.84,26.2805],[92.88,26.286],[92.943,26.327],[92.9135,26.3925],[92.98,26.4215],[93.0555,26.4245],[93.0925,26.4685],[93.071,26.4895],[93.0075,26.494],[93.046,26.5355],[93.1065,26.531],[93.188,26.5675],[93.198,26.5405],[93.2465,26.5305],[93.2525,26.5685],[93.303,26.5785],[93.308,26.6985],[93.2455,26.684],[93.217,26.6255],[93.161,26.599],[93.106,26.576],[93.073,26.5945],[93.008,26.5985],[92.943,26.6175],[92.837,26.5725],[92.7545,26.512],[92.704,26.526],[92.5795,26.5],[92.5275,26.5095],[92.466,26.4975],[92.447,26.5205],[92.4415,26.485],[92.441,26.4055],[92.5555,26.3545],[92.5405,26.277],[92.4945,26.2515],[92.437,26.243],[92.4015,26.139]]]},"properties":{"shapeName":"Nagaon"}},
{"type":"Feature","geometry":{"type":"Polygon","coordinates":[[[92.588,24.8625],[92.63,24.8535],[92.6455,24.818],[92.683,24.8025],[92.644,24.7205],[92.6685,24.5915],[92.7035,24.5645],[92.7375,24.587],[92.763,24.567],[92.7635,24.5185],[92.8095,24.411],[92.845,24.38],[92.8925,24.3925],[92.978,24.407],[93.014,24.3995],[93.0465,24.4725],[93.059,24.572],[93.085,24.6085],[93.103,24.6725],[93.087,24.706],[93.111,24.799],[93.191,24.803],[93.2125,24.8585],[93.2515,24.9155],[93.251,24.972],[93.1695,24.997],[93.0705,24.9975],[93.0165,25.0615],[93.018,25.0955],[92.9005,25.08],[92.84,25.0535],[92.7825,25.087],[92.7555,25.139],[92.725,25.1125],[92.6425,25.117],[92.542,25.0975],[92.4835,25.106],[92.4655,25.0555],[92.4005,25.036],[92.4295,25.027],[92.424,24.966],[92.458,24.972],[92.499,24.906],[92.4895,24.876],[92.5245,24.859],[92.588,24.8625]]]},"properties":{"shapeName":"Cachar"}},
{"type":"Feature","geometry":{"type":"Polygon","coordinates":[[[92.4415,26.485],[92.447,26.5205],[92.3775,26.5435],[92.3645,26.583],[92.295,26.6215],[92.242,26.599],[92.186,26.667],[92.127,26.647],[92.0865,26.6585],[92.025,26.6025],[92.0555,26.5495],[92.0965,26.545],[92.0925,26.4825],[92.0035,26.5625],[91.9665,26.552],[91.936,26.5715],[91.7875,26.5015],[91.7835,26.4955],[91.787,26.4365],[91.8195,26.379],[91.821,26.325],[91.786,26.2965],[91.786,26.244],[91.76,26.2005],[91.8915,26.219],[91.955,26.254],[91.983,26.275],[92.0445,26.2755],[92.085,26.337],[92.145,26.401],[92.1805,26.423],[92.2165,26.415],[92.256,26.4515],[92.305,26.446],[92.3365,26.471],[92.4415,26.485]]]},"properties":{"shapeName":"Darrang"}},
{"type":"Feature","geometry":{"type":"Polygon","coordinates":[[[91.0315,25.8875],[91.003,25.822],[91.051,25.8485],[91.0685,25.8255],[91.1545,25.8495],[91.2045,25.84],[91.1815,25.776],[91.1905,25.7385],[91.2255,25.723],[91.277,25.7465],[91.344,25.8355],[91.4145,25.8535],[91.446,25.8405],[91.4875,25.892],[91.5035,26.0165],[91.5305,26.0545],[91.574,26.044],[91.587,26.122],[91.635,26.142],[91.6815,26.1795],[91.76,26.2005],[91.786,26.244],[91.786,26.2965],[91.821,26.325],[91.8195,26.379],[91.787,26.4365],[91.7835,26.4955],[91.727,26.4875],[91.703,26.453],[91.6215,26.456],[91.612,26.551],[91.586,26.563],[91.558,26.514],[91.566,26.4335],[91.527,26.378],[91.519,26.3275],[91.467,26.318],[91.454,26.288],[91.4475,26.1625],[91.404,26.1465],[91.3875,26.1775],[91.2965,26.1885],[91.2355,26.1825],[91.118,26.1535],[91.093,26.164],[91.0505,26.1285],[91.004,26.1295],[90.938,26.094],[91.0285,26.04],[91.0905,26.025],[91.0825,25.974],[91.05,25.941],[91.0315,25.8875]]]},"properties":{"shapeName":"Kamrup"}},
{"type":"Feature","geometry":{"type":"Polygon","coordinates":[[[95.3715,27.096],[95.4565,27.1295],[95.4575,27.2035],[95.49,27.243],[95.472,27.263],[95.52,27.3335],[95.4725,27.3645],[95.4385,27.3635],[95.3975,27.391],[95.314,27.3915],[95.214,27.4325],[95.236,27.4925],[95.2625,27.5105],[95.276,27.581],[95.304,27.6065],[95.2705,27.661],[95.222,27.6485],[95.053,27.624],[94.9925,27.5955],[94.895,27.5845],[94.871,27.557],[94.762,27.471],[94.745,27.435],[94.699,27.4225],[94.665,27.349],[94.6435,27.3405],[94.543,27.2225],[94.5745,27.1995],[94.5945,27.134],[94.675,27.2225],[94.766,27.2455],[94.78,27.191],[94.759,27.1425],[94.835,27.094],[94.886,27.157],[94.9355,27.2],[94.9635,27.19],[94.9935,27.133],[95.0325,27.1435],[95.0675,27.123],[95.1405,27.137],[95.235,27.1955],[95.288,27.197],[95.344,27.181],[95.37,27.1055],[95.3715,27.096]]]},"properties":{"shapeName":"Dibrugarh"}},
{"type":"Feature","geometry":{"type":"Polygon","coordinates":[[[90.938,26.094],[91.004,26.1295],[91.0505,26.1285],[91.093,26.164],[91.118,26.1535],[91.2355,26.1825],[91.227,26.2155],[91.2395,26.2955],[91.259,26.3155],[91.264,26.368],[91.229,26.3665],[91.2405,26.455],[91.268,26.4875],[91.2525,26.5345],[91.2925,26.562],[91.1895,26.605],[91.1385,26.66],[91.1455,26.5805],[91.1015,26.539],[91.043,26.566],[91.003,26.5605],[90.913,26.578],[90.929,26.616],[90.88,26.6195],[90.857,26.598],[90.8455,26.543],[90.8515,26.508],[90.8085,26.5],[90.8625,26.3755],[90.8205,26.366],[90.792,26.328],[90.722,26.284],[90.7045,26.256],[90.655,26.2415],[90.694,26.153],[90.7145,26.1355],[90.7675,26.1365],[90.8615,26.1135],[90.894,26.069],[90.938,26.094]]]},"properties":{"shapeName":"Barpeta"}},
{"type":"Feature","geometry":{"type":"Polygon","coordinates":[[[92.3665,26.9315],[92.3435,26.8855],[92.3315,26.8055],[92.34,26.7135],[92.334,26.6695],[92.417,26.65],[92.3645,26.583],[92.3775,26.5435],[92.447,26.5205],[92.466,26.4975],[92.5275,26.5095],[92.5795,26.5],[92.704,26.526],[92.7545,26.512],[92.837,26.5725],[92.943,26.6175],[93.008,26.5985],[93.073,26.5945],[93.106,26.576],[93.161,26.599],[93.151,26.6425],[93.1085,26.6805],[93.0835,26.742],[93.079,26.863],[93.0625,26.9195],[93.0205,26.915],[92.919,26.9625],[92.874,27.006],[92.7705,27.0315],[92.6525,27.0235],[92.647,26.986],[92.587,26.961],[92.448,26.9595],[92.4015,26.925],[92.3665,26.9315]]]},"properties":{"shapeName":"Sonitpur"}},
{"type":"Feature","geometry":{"type":"Polygon","coordinates":[[[92.104,26.8865],[92.0575,26.847],[91.988,26.8575],[91.9,26.915],[91.856,26.9115],[91.8045,26.851],[91.7065,26.811],[91.7455,26.6835],[91.7445,26.59],[91.7855,26.5365],[91.7875,26.5015],[91.936,26.5715],[91.9665,26.552],[92.0035,26.5625],[92.0925,26.4825],[92.0965,26.545],[92.0555,26.5495],[92.025,26.6025],[92.0865,26.6585],[92.127,26.647],[92.186,26.667],[92.242,26.599],[92.295,26.6215],[92.3645,26.583],[92.417,26.65],[92.334,26.6695],[92.34,26.7135],[92.3315,26.8055],[92.3435,26.8855],[92.3665,26.9315],[92.305,26.923],[92.197,26.89],[92.104,26.8865]]]},"properties":{"shapeName":"Udalguri"}},
{"type":"Feature","geometry":{"type":"Polygon","coordinates":[[[93.772,25.962],[93.797,25.906],[93.7785,25.8425],[93.79,25.812],[93.85,25.859],[93.881,25.842],[93.9145,25.8835],[93.981,25.922],[93.9545,25.97],[93.9575,25.9985],[94.012,26.182],[94.0345,26.199],[94.107,26.322],[94.1665,26.349],[94.137,26.35],[94.117,26.4],[94.13,26.445],[94.098,26.4915],[94.1165,26.5545],[94.0725,26.597],[94.096,26.6455],[94.0475,26.681],[94.048,26.7285],[93.991,26.7665],[93.9465,26.741],[93.877,26.723],[93.792,26.754],[93.7635,26.784],[93.7035,26.77],[93.694,26.7315],[93.65,26.705],[93.566,26.724],[93.51,26.7605],[93.348,26.7315],[93.308,26.6985],[93.303,26.5785],[93.3915,26.578],[93.411,26.557],[93.6815,26.5955],[93.7335,26.5935],[93.736,26.55],[93.7875,26.4635],[93.799,26.38],[93.8405,26.3985],[93.885,26.356],[93.8975,26.312],[93.8505,26.2035],[93.8385,26.139],[93.795,26.0205],[93.797,25.976],[93.772,25.962]]]},"properties":{"shapeName":"Golaghat"}},
{"type":"Feature","geometry":{"type":"Polygon","coordinates":[[[91.955,26.254],[91.8915,26.219],[91.76,26.2005],[91.6815,26.1795],[91.635,26.142],[91.587,26.122],[91.574,26.044],[91.5305,26.0545],[91.5035,26.0165],[91.4875,25.892],[91.553,25.974],[91.5715,26.0265],[91.6335,26.0215],[91.6315,25.944],[91.6705,25.9045],[91.7215,25.953],[91.7325,26.0585],[91.792,26.086],[91.8205,26.1175],[91.877,26.0965],[91.8845,26.029],[91.935,26.0135],[91.992,26.04],[92.054,26.0315],[92.134,26.0445],[92.179,26.078],[92.164,26.1485],[92.131,26.1785],[92.0335,26.208],[91.9985,26.2045],[91.955,26.254]]]},"properties":{"shapeName":"Kamrup Metropolitan"}},
{"type":"Feature","geometry":{"type":"Polygon","coordinates":[[[93.144,25.713],[93.144,25.7135],[93.144,25.714],[93.15,25.738],[93.1075,25.7745],[93.0715,25.775],[93.019,25.796],[92.9315,25.803],[92.921,25.771],[92.821,25.74],[92.8115,25.702],[92.7495,25.6005],[92.6945,25.597],[92.6665,25.573],[92.6605,25.5795],[92.6445,25.5355],[92.609,25.5105],[92.598,25.4695],[92.6065,25.4165],[92.673,25.415],[92.7365,25.379],[92.7915,25.283],[92.769,25.2665],[92.7785,25.2005],[92.746,25.2055],[92.662,25.171],[92.621,25.1155],[92.581,25.13],[92.542,25.0975],[92.6425,25.117],[92.725,25.1125],[92.7555,25.139],[92.7825,25.087],[92.84,25.0535],[92.9005,25.08],[93.018,25.0955],[93.0165,25.0615],[93.0705,24.9975],[93.1695,24.997],[93.251,24.972],[93.247,25.0155],[93.295,25.0445],[93.334,25.0925],[93.3515,25.1785],[93.402,25.2595],[93.4525,25.291],[93.45,25.3405],[93.4765,25.3765],[93.4555,25.4385],[93.389,25.466],[93.3815,25.494],[93.3305,25.5435],[93.3055,25.529],[93.1995,25.5575],[93.172,25.5955],[93.1905,25.6255],[93.132,25.684],[93.144,25.713]]]},"properties":{"shapeName":"Dima Hasao"}},
{"type":"Feature","geometry":{"type":"Polygon","coordinates":[[[90.419,26.363],[90.3985,26.4015],[90.4135,26.4455],[90.4505,26.4665],[90.417,26.4965],[90.4145,26.545],[90.369,26.631],[90.4305,26.7315],[90.445,26.883],[90.414,26.902],[90.3595,26.896],[90.316,26.851],[90.219,26.8535],[90.1885,26.8095],[90.193,26.7705],[90.072,26.732],[90.0065,26.7345],[89.894,26.7245],[89.8615,26.704],[89.876,26.6835],[89.8815,26.613],[89.8665,26.578],[89.858,26.4285],[89.9035,26.377],[89.8875,26.3095],[89.849,26.26],[89.8585,26.187],[89.8745,26.164],[89.939,26.2155],[90.019,26.2345],[90.0495,26.1885],[90.133,26.1965],[90.1545,26.2195],[90.137,26.286],[90.1015,26.325],[90.1555,26.353],[90.21,26.3515],[90.2395,26.324],[90.319,26.353],[90.3805,26.3295],[90.419,26.363]]]},"properties":{"shapeName":"Kokrajhar"}},
{"type":"Feature","geometry":{"type":"Polygon","coordinates":[[[94.4025,26.9475],[94.354,26.9045],[94.281,26.8715],[94.207,26.87],[94.1705,26.8545],[94.0735,26.846],[94.0155,26.8305],[93.991,26.7665],[94.048,26.7285],[94.0475,26.681],[94.096,26.6455],[94.0725,26.597],[94.1165,26.5545],[94.098,26.4915],[94.13,26.445],[94.117,26.4],[94.137,26.35],[94.1665,26.349],[94.1855,26.4565],[94.2815,26.559],[94.302,26.463],[94.4015,26.534],[94.409,26.612],[94.4535,26.6345],[94.544,26.706],[94.594,26.725],[94.5395,26.7735],[94.4965,26.8705],[94.4025,26.9475]]]},"properties":{"shapeName":"Jorhat"}},
{"type":"Feature","geometry":{"type":"Polygon","coordinates":[[[82.319,16.5875],[82.3175,16.605],[82.267,16.716],[82.3095,16.7015],[82.309,16.7425],[82.2675,16.752],[82.234,16.725],[82.299,16.592],[82.319,16.5875]]]},"properties":{"shapeName":"Yanam"}},
{"type":"Feature","geometry":{"type":"Polygon","coordinates":[[[79.855,10.985],[79.8015,10.9885],[79.8125,10.9665],[79.806,10.903],[79.852,10.8245],[79.855,10.985]]]},"properties":{"shapeName":"Karaikal"}},
{"type":"Feature","geometry":{"type":"MultiPolygon","coordinates":[[[[79.8405,11.956],[79.8025,11.967],[79.757,11.947],[79.721,11.995],[79.6945,11.9555],[79.741,11.9115],[79.708,11.8885],[79.7205,11.8635],[79.762,11.876],[79.809,11.837],[79.8405,11.956]]],[[[79.8015,10.9885],[79.764,11.0025],[79.7325,10.974],[79.7375,10.9355],[79.806,10.903],[79.8125,10.9665],[79.8015,10.9885]]],[[[79.8075,11.8315],[79.7315,11.8365],[79.7545,11.7765],[79.797,11.789],[79.8075,11.8315]]],[[[79.6365,12.0265],[79.616,11.986],[79.625,11.9015],[79.656,11.907],[79.637,11.978],[79.6365,12.0265]]],[[[79.886,12.0645],[79.8455,12.075],[79.835,12.0205],[79.8625,12.017],[79.886,12.0645]]]]},"properties":{"shapeName":"Puducherry"}},
{"type":"Feature","geometry":{"type":"MultiPolygon","coordinates":[[[[75.5405,11.76],[75.541,11.735],[75.529,11.716],[75.548,11.7155],[75.5405,11.76]]],[[[75.5365,11.6925],[75.5445,11.7055],[75.53,11.702],[75.5365,11.6925]]]]},"properties":{"shapeName":"Mahe"}},
{"type":"Feature","geometry":{"type":"Polygon","coordinates":[[[92.86,23.165],[92.834,23.233],[92.714,23.2525],[92.684,23.2255],[92.675,23.321],[92.6505,23.381],[92.566,23.392],[92.554,23.3685],[92.4475,23.3855],[92.4595,23.319],[92.424,23.258],[92.3925,23.269],[92.3605,23.241],[92.3665,23.1845],[92.358,23.1035],[92.392,23.0565],[92.3745,22.9715],[92.3775,22.9315],[92.421,22.9095],[92.4645,22.854],[92.454,22.819],[92.494,22.743],[92.541,22.76],[92.579,22.7435],[92.595,22.7025],[92.6605,22.621],[92.6915,22.6215],[92.7095,22.584],[92.7705,22.5075],[92.7885,22.547],[92.7845,22.5985],[92.826,22.619],[92.886,22.5565],[92.9115,22.5495],[92.926,22.62],[92.897,22.747],[92.91,22.791],[92.8715,22.8615],[92.869,22.925],[92.89,22.956],[92.8855,23.035],[92.8635,23.0995],[92.86,23.165]]]},"properties":{"shapeName":"Lunglei"}},
{"type":"Feature","geometry":{"type":"Polygon","coordinates":[[[92.512,24.172],[92.5255,24.128],[92.523,24.036],[92.5765,24.0445],[92.607,24.0195],[92.604,23.9285],[92.6395,23.8995],[92.617,23.871],[92.6395,23.828],[92.704,23.841],[92.769,23.8365],[92.8055,23.8845],[92.793,23.916],[92.8025,23.9775],[92.8335,24.0055],[92.887,24.1645],[92.9,24.2255],[92.8635,24.2345],[92.869,24.3145],[92.8925,24.3925],[92.845,24.38],[92.8095,24.411],[92.7635,24.5185],[92.6885,24.3525],[92.6225,24.3305],[92.61,24.2515],[92.549,24.244],[92.512,24.172]]]},"properties":{"shapeName":"Kolasib"}},
{"type":"Feature","geometry":{"type":"MultiPolygon","coordinates":[[[[92.494,22.743],[92.5165,22.723],[92.5375,22.594],[92.552,22.4155],[92.5735,22.348],[92.592,22.2395],[92.5975,22.152],[92.5655,22.1335],[92.6025,22.0535],[92.609,21.9975],[92.638,21.994],[92.688,22.0545],[92.6805,22.1105],[92.704,22.167],[92.766,22.118],[92.845,22.0715],[92.8285,22.205],[92.8285,22.279],[92.8535,22.323],[92.9315,22.403],[92.9115,22.5495],[92.886,22.5565],[92.826,22.619],[92.7845,22.5985],[92.7885,22.547],[92.7705,22.5075],[92.7095,22.584],[92.6915,22.6215],[92.6605,22.621],[92.595,22.7025],[92.579,22.7435],[92.541,22.76],[92.494,22.743]]],[[[92.926,22.62],[92.967,22.5895],[93.0085,22.5245],[93.0095,22.4775],[93.0495,22.4815],[93.0775,22.544],[93.1045,22.5375],[93.1415,22.5935],[93.134,22.622],[93.0885,22.68],[93.083,22.715],[93.1055,22.765],[93.087,22.7905],[93.0475,22.7625],[93.002,22.779],[92.9825,22.761],[92.91,22.791],[92.897,22.747],[92.926,22.62]]]]},"properties":{"shapeName":"Lawngtlai"}},
{"type":"Feature","geometry":{"type":"Polygon","coordinates":[[[92.9115,22.5495],[92.9315,22.403],[92.8535,22.323],[92.8285,22.279],[92.8285,22.205],[92.845,22.0715],[92.886,22.0235],[92.9625,22.034],[92.996,22.053],[93.0105,22.0935],[93.053,22.105],[93.0385,22.1385],[93.043,22.1975],[93.162,22.193],[93.1415,22.228],[93.2,22.2475],[93.187,22.331],[93.188,22.4205],[93.125,22.464],[93.1315,22.489],[93.1045,22.5375],[93.0775,22.544],[93.0495,22.4815],[93.0095,22.4775],[93.0085,22.5245],[92.967,22.5895],[92.926,22.62],[92.9115,22.5495]]]},"properties":{"shapeName":"Saiha"}},
{"type":"Feature","geometry":{"type":"MultiPolygon","coordinates":[[[[93.031,23.341],[92.9815,23.2835],[93.0185,23.2405],[93.1235,23.2405],[93.1545,23.212],[93.16,23.0935],[93.1785,23.06],[93.2505,23.0025],[93.294,23.0045],[93.325,23.0295],[93.3665,23.1325],[93.3795,23.213],[93.3565,23.2745],[93.357,23.3155],[93.317,23.3415],[93.2655,23.337],[93.2555,23.3845],[93.1235,23.3225],[93.029,23.315],[93.031,23.341]]],[[[93.2465,23.7295],[93.263,23.6795],[93.2665,23.483],[93.305,23.4205],[93.383,23.4215],[93.389,23.497],[93.4185,23.573],[93.4095,23.6175],[93.4235,23.6615],[93.401,23.6765],[93.381,23.742],[93.3765,23.8435],[93.3895,23.91],[93.3565,23.926],[93.3345,23.899],[93.3445,23.849],[93.3135,23.8015],[93.2465,23.7295]]]]},"properties":{"shapeName":"Champhai"}},
{"type":"Feature","geometry":{"type":"Polygon","coordinates":[[[92.675,23.321],[92.684,23.2255],[92.714,23.2525],[92.834,23.233],[92.86,23.165],[92.901,23.1865],[92.94,23.1485],[92.941,23.1105],[93.0255,23.068],[93.1185,23.0025],[93.1225,23.0475],[93.1785,23.06],[93.16,23.0935],[93.1545,23.212],[93.1235,23.2405],[93.0185,23.2405],[92.9815,23.2835],[93.031,23.341],[93.0375,23.372],[93.0115,23.4855],[92.9635,23.5035],[92.9305,23.537],[92.872,23.5475],[92.7875,23.5425],[92.7655,23.5165],[92.764,23.4705],[92.8155,23.427],[92.813,23.3695],[92.831,23.346],[92.782,23.3175],[92.7095,23.3375],[92.675,23.321]]]},"properties":{"shapeName":"Serchhip"}},
{"type":"Feature","geometry":{"type":"Polygon","coordinates":[[[92.8925,24.3925],[92.869,24.3145],[92.8635,24.2345],[92.9,24.2255],[92.887,24.1645],[92.8335,24.0055],[92.8025,23.9775],[92.793,23.916],[92.8055,23.8845],[92.769,23.8365],[92.704,23.841],[92.6395,23.828],[92.6045,23.7925],[92.6075,23.7525],[92.645,23.692],[92.614,23.6445],[92.6555,23.5985],[92.621,23.5105],[92.639,23.5015],[92.6375,23.433],[92.6505,23.381],[92.675,23.321],[92.7095,23.3375],[92.782,23.3175],[92.831,23.346],[92.813,23.3695],[92.8155,23.427],[92.764,23.4705],[92.7655,23.5165],[92.7875,23.5425],[92.872,23.5475],[92.9305,23.537],[92.9635,23.5035],[93.0115,23.4855],[93.0115,23.6745],[93.0135,23.7435],[92.9855,23.81],[92.9945,23.843],[92.9695,23.873],[92.989,24.027],[92.967,24.0965],[92.966,24.0975],[93.0055,24.1475],[93.028,24.2185],[93.0125,24.259],[93.043,24.3155],[93.014,24.3995],[92.978,24.407],[92.8925,24.3925]]]},"properties":{"shapeName":"Aizawl"}},
{"type":"Feature","geometry":{"type":"Polygon","coordinates":[[[92.3,24.2505],[92.3215,24.195],[92.323,24.11],[92.3085,24.04],[92.323,23.982],[92.3055,23.9305],[92.3245,23.9165],[92.307,23.8595],[92.268,23.8455],[92.256,23.8065],[92.262,23.723],[92.291,23.691],[92.273,23.6425],[92.3085,23.578],[92.3205,23.475],[92.368,23.3255],[92.3925,23.269],[92.424,23.258],[92.4595,23.319],[92.4475,23.3855],[92.554,23.3685],[92.566,23.392],[92.6505,23.381],[92.6375,23.433],[92.639,23.5015],[92.621,23.5105],[92.6555,23.5985],[92.614,23.6445],[92.645,23.692],[92.6075,23.7525],[92.6045,23.7925],[92.6395,23.828],[92.617,23.871],[92.6395,23.8995],[92.604,23.9285],[92.607,24.0195],[92.5765,24.0445],[92.523,24.036],[92.5255,24.128],[92.512,24.172],[92.4645,24.133],[92.4175,24.1925],[92.421,24.2515],[92.3,24.2505]]]},"properties":{"shapeName":"Mamit"}},
{"type":"Feature","geometry":{"type":"Polygon","coordinates":[[[94.008,24.4515],[93.9855,24.469],[93.926,24.408],[93.901,24.3505],[93.895,24.298],[93.8715,24.289],[93.8565,24.2425],[93.8685,24.2165],[93.773,24.125],[93.7435,24],[93.821,23.9235],[93.8955,23.9535],[93.936,23.9535],[93.958,23.9295],[94.0185,23.9205],[94.073,23.883],[94.0975,23.888],[94.1165,23.8355],[94.156,23.8475],[94.1725,23.9345],[94.2465,24.042],[94.265,24.098],[94.2075,24.134],[94.1915,24.1955],[94.1995,24.263],[94.157,24.2985],[94.155,24.3575],[94.102,24.421],[94.055,24.446],[94.008,24.4515]]]},"properties":{"shapeName":"Chandel"}},
{"type":"Feature","geometry":{"type":"Polygon","coordinates":[[[93.2125,24.8585],[93.2355,24.834],[93.2135,24.786],[93.163,24.7735],[93.132,24.705],[93.2055,24.69],[93.246,24.666],[93.291,24.6765],[93.321,24.7065],[93.361,24.8065],[93.438,24.831],[93.495,24.8295],[93.545,24.8105],[93.575,24.842],[93.641,24.8035],[93.6805,24.7945],[93.7215,24.8175],[93.732,24.8745],[93.713,24.9135],[93.7575,24.9465],[93.7745,24.979],[93.793,25.1145],[93.766,25.1645],[93.831,25.241],[93.927,25.3005],[93.885,25.3345],[93.92,25.3895],[93.871,25.4115],[93.8105,25.4625],[93.774,25.437],[93.7235,25.3675],[93.682,25.34],[93.615,25.2225],[93.5745,25.2105],[93.5395,25.2365],[93.489,25.2335],[93.4525,25.291],[93.402,25.2595],[93.3515,25.1785],[93.334,25.0925],[93.295,25.0445],[93.247,25.0155],[93.251,24.972],[93.2515,24.9155],[93.2125,24.8585]]]},"properties":{"shapeName":"Tamenglong"}},
{"type":"Feature","geometry":{"type":"Polygon","coordinates":[[[94.681,25.4315],[94.6825,25.4485],[94.612,25.4745],[94.5725,25.503],[94.565,25.57],[94.5985,25.6555],[94.5675,25.671],[94.4855,25.5995],[94.4745,25.5715],[94.371,25.399],[94.3685,25.35],[94.2965,25.2505],[94.231,25.2215],[94.19,25.174],[94.131,25.1195],[94.126,25.059],[94.147,25.0355],[94.1565,24.9605],[94.176,24.931],[94.2615,24.948],[94.3305,24.991],[94.407,24.994],[94.5075,25.0155],[94.5905,25.0835],[94.615,25.093],[94.733,25.1035],[94.7115,25.15],[94.6145,25.1915],[94.5855,25.217],[94.5985,25.2835],[94.644,25.3645],[94.6415,25.3965],[94.681,25.4315]]]},"properties":{"shapeName":"Ukhrul"}},
{"type":"Feature","geometry":{"type":"Polygon","coordinates":[[[93.862,24.3155],[93.8445,24.4025],[93.86,24.4515],[93.8595,24.5705],[93.7965,24.61],[93.7955,24.666],[93.8595,24.654],[93.883,24.6915],[93.8545,24.709],[93.7665,24.725],[93.7565,24.64],[93.7335,24.6275],[93.723,24.607],[93.728,24.5275],[93.7085,24.4355],[93.739,24.4075],[93.787,24.4165],[93.838,24.3715],[93.862,24.3155]]]},"properties":{"shapeName":"Bishnupur"}},
{"type":"Feature","geometry":{"type":"Polygon","coordinates":[[[93.8715,24.289],[93.862,24.3155],[93.838,24.3715],[93.787,24.4165],[93.739,24.4075],[93.7085,24.4355],[93.728,24.5275],[93.723,24.607],[93.7335,24.6275],[93.708,24.626],[93.5685,24.582],[93.49,24.5925],[93.429,24.634],[93.398,24.608],[93.391,24.5715],[93.413,24.517],[93.356,24.4115],[93.39,24.385],[93.474,24.3865],[93.504,24.358],[93.4955,24.277],[93.4125,24.204],[93.3815,24.1105],[93.4005,24.073],[93.4465,24.008],[93.4635,23.956],[93.5065,23.935],[93.547,23.957],[93.585,23.9535],[93.612,23.9995],[93.7435,24],[93.773,24.125],[93.8685,24.2165],[93.8565,24.2425],[93.8715,24.289]]]},"properties":{"shapeName":"Churachandpur"}},
{"type":"Feature","geometry":{"type":"Polygon","coordinates":[[[94.1295,24.627],[94.108,24.654],[94.1355,24.698],[94.123,24.7455],[94.1095,24.718],[94.0945,24.7005],[94.027,24.67],[93.9345,24.708],[93.8975,24.689],[93.9135,24.6315],[93.9085,24.562],[94.0315,24.5125],[94.084,24.523],[94.1035,24.606],[94.1295,24.627]]]},"properties":{"shapeName":"Thoubal"}},
{"type":"Feature","geometry":{"type":"Polygon","coordinates":[[[94.123,24.7455],[94.1105,24.722],[94.0525,24.714],[94.086,24.813],[94.054,24.87],[94.07,24.905],[94.0265,24.917],[93.996,24.8955],[93.9615,24.931],[93.9385,24.8715],[93.908,24.9165],[93.8955,24.89],[93.9365,24.8265],[93.925,24.733],[93.9345,24.708],[94.027,24.67],[94.0945,24.7005],[94.1095,24.718],[94.123,24.7455]],[[94.0095,24.8515],[94.0125,24.806],[94.069,24.816],[94.0615,24.7635],[94.0095,24.7245],[93.976,24.749],[94.0095,24.8515]]]},"properties":{"shapeName":"Imphal East"}},
{"type":"Feature","geometry":{"type":"MultiPolygon","coordinates":[[[[94.0095,24.8515],[93.976,24.749],[94.0095,24.7245],[94.0615,24.7635],[94.069,24.816],[94.0125,24.806],[94.0095,24.8515]]],[[[93.6805,24.7945],[93.67,24.762],[93.699,24.6815],[93.708,24.626],[93.7335,24.6275],[93.7565,24.64],[93.7665,24.725],[93.7945,24.849],[93.827,24.923],[93.8745,24.9855],[93.9655,25.069],[93.9765,25.0415],[93.901,24.999],[93.8725,24.928],[93.908,24.9165],[93.9385,24.8715],[93.9615,24.931],[93.996,24.8955],[94.0265,24.917],[94.07,24.905],[94.054,24.87],[94.086,24.813],[94.0525,24.714],[94.1105,24.722],[94.123,24.7455],[94.1355,24.698],[94.108,24.654],[94.1295,24.627],[94.191,24.6295],[94.1775,24.7105],[94.1535,24.761],[94.1565,24.8805],[94.145,24.9105],[94.1565,24.9605],[94.147,25.0355],[94.126,25.059],[94.131,25.1195],[94.19,25.174],[94.0905,25.159],[94.043,25.176],[94.02,25.2535],[93.98,25.293],[94.001,25.3415],[93.965,25.383],[93.92,25.3895],[93.885,25.3345],[93.927,25.3005],[93.831,25.241],[93.766,25.1645],[93.793,25.1145],[93.7745,24.979],[93.7575,24.9465],[93.713,24.9135],[93.732,24.8745],[93.7215,24.8175],[93.6805,24.7945]]]]},"properties":{"shapeName":"Kangpokpi"}},
{"type":"Feature","geometry":{"type":"Polygon","coordinates":[[[93.86,24.4515],[93.884,24.4725],[93.875,24.548],[93.9085,24.562],[93.9135,24.6315],[93.8975,24.689],[93.9345,24.708],[93.925,24.733],[93.9365,24.8265],[93.8955,24.89],[93.908,24.9165],[93.8725,24.928],[93.901,24.999],[93.9765,25.0415],[93.9655,25.069],[93.8745,24.9855],[93.827,24.923],[93.7945,24.849],[93.7665,24.725],[93.8545,24.709],[93.883,24.6915],[93.8595,24.654],[93.7955,24.666],[93.7965,24.61],[93.8595,24.5705],[93.86,24.4515]]]},"properties":{"shapeName":"Imphal West"}},
{"type":"Feature","geometry":{"type":"Polygon","coordinates":[[[95.1765,27.0215],[95.0855,26.9475],[94.9845,26.913],[94.928,26.9445],[94.885,26.9275],[94.8055,26.816],[94.8005,26.7845],[94.837,26.7335],[94.801,26.7135],[94.789,26.674],[94.802,26.6425],[94.8905,26.6165],[94.918,26.472],[94.907,26.4235],[94.9205,26.388],[94.9145,26.3435],[94.973,26.29],[95.012,26.285],[95.079,26.3225],[95.139,26.3245],[95.149,26.3625],[95.088,26.4705],[95.125,26.512],[95.1175,26.537],[95.1635,26.575],[95.1555,26.6085],[95.215,26.639],[95.2315,26.684],[95.211,26.7195],[95.224,26.774],[95.176,26.8575],[95.242,26.8805],[95.191,26.964],[95.1765,27.0215]]]},"properties":{"shapeName":"Mon"}},
{"type":"Feature","geometry":{"type":"Polygon","coordinates":[[[94.9205,26.388],[94.864,26.3975],[94.7845,26.466],[94.7275,26.467],[94.7125,26.423],[94.671,26.385],[94.669,26.3575],[94.562,26.297],[94.5865,26.219],[94.62,26.1925],[94.678,26.211],[94.7125,26.1715],[94.702,26.093],[94.675,26.025],[94.7635,26.027],[94.7805,25.993],[94.823,25.9965],[94.8375,25.9645],[94.8865,25.938],[94.955,25.9265],[94.9575,25.897],[95.024,25.8825],[95.058,25.9165],[95.1025,25.929],[95.169,26.003],[95.1955,26.05],[95.177,26.0705],[95.127,26.0755],[95.123,26.1375],[95.15,26.191],[95.1225,26.211],[95.139,26.3245],[95.079,26.3225],[95.012,26.285],[94.973,26.29],[94.9145,26.3435],[94.9205,26.388]]]},"properties":{"shapeName":"Tuensang"}},
{"type":"Feature","geometry":{"type":"Polygon","coordinates":[[[94.594,26.725],[94.544,26.706],[94.4535,26.6345],[94.409,26.612],[94.4015,26.534],[94.302,26.463],[94.3175,26.4025],[94.35,26.372],[94.3655,26.283],[94.389,26.238],[94.3795,26.2075],[94.4465,26.2275],[94.4755,26.2885],[94.521,26.2495],[94.506,26.2225],[94.5865,26.219],[94.562,26.297],[94.669,26.3575],[94.671,26.385],[94.7125,26.423],[94.7275,26.467],[94.7125,26.526],[94.7445,26.578],[94.7285,26.6385],[94.686,26.6685],[94.7605,26.7095],[94.7445,26.777],[94.6855,26.7275],[94.594,26.725]]]},"properties":{"shapeName":"Mokokchung"}},
{"type":"Feature","geometry":{"type":"Polygon","coordinates":[[[94.7445,26.777],[94.7605,26.7095],[94.686,26.6685],[94.7285,26.6385],[94.7445,26.578],[94.7125,26.526],[94.7275,26.467],[94.7845,26.466],[94.864,26.3975],[94.9205,26.388],[94.907,26.4235],[94.918,26.472],[94.8905,26.6165],[94.802,26.6425],[94.789,26.674],[94.801,26.7135],[94.837,26.7335],[94.8005,26.7845],[94.8055,26.816],[94.7445,26.777]]]},"properties":{"shapeName":"Longleng"}},
{"type":"Feature","geometry":{"type":"Polygon","coordinates":[[[94.681,25.4315],[94.6915,25.4515],[94.8135,25.481],[94.8325,25.5305],[94.8965,25.5735],[94.8625,25.613],[94.864,25.7205],[94.8165,25.7635],[94.773,25.775],[94.7245,25.7575],[94.671,25.7795],[94.616,25.7835],[94.5605,25.737],[94.5295,25.7615],[94.547,25.817],[94.463,25.858],[94.429,25.859],[94.344,25.835],[94.2915,25.7645],[94.2975,25.7435],[94.219,25.692],[94.2165,25.605],[94.1955,25.55],[94.2085,25.502],[94.3235,25.509],[94.4055,25.538],[94.4235,25.582],[94.4855,25.5995],[94.5675,25.671],[94.5985,25.6555],[94.565,25.57],[94.5725,25.503],[94.612,25.4745],[94.6825,25.4485],[94.681,25.4315]]]},"properties":{"shapeName":"Phek"}},
{"type":"Feature","geometry":{"type":"Polygon","coordinates":[[[94.2915,25.7645],[94.278,25.8205],[94.2515,25.822],[94.204,25.8815],[94.2335,25.9265],[94.297,25.9585],[94.2885,26.0115],[94.2645,26.026],[94.163,26.023],[94.09,25.999],[94.007,25.9945],[94.0265,25.9575],[93.9725,25.872],[93.991,25.83],[93.9865,25.765],[93.912,25.7035],[93.893,25.6615],[93.944,25.571],[93.939,25.5505],[94.025,25.5645],[94.153,25.5435],[94.1955,25.55],[94.2165,25.605],[94.219,25.692],[94.2975,25.7435],[94.2915,25.7645]]]},"properties":{"shapeName":"Kohima"}},
{"type":"Feature","geometry":{"type":"Polygon","coordinates":[[[93.9575,25.9985],[94.007,25.9945],[94.09,25.999],[94.163,26.023],[94.2645,26.026],[94.2885,26.0115],[94.342,26.009],[94.376,26.057],[94.388,26.13],[94.3405,26.1975],[94.3795,26.2075],[94.389,26.238],[94.3655,26.283],[94.35,26.372],[94.3175,26.4025],[94.302,26.463],[94.2815,26.559],[94.1855,26.4565],[94.1665,26.349],[94.107,26.322],[94.0345,26.199],[94.012,26.182],[93.9575,25.9985]]]},"properties":{"shapeName":"Wokha"}},
{"type":"Feature","geometry":{"type":"Polygon","coordinates":[[[94.5865,26.219],[94.506,26.2225],[94.521,26.2495],[94.4755,26.2885],[94.4465,26.2275],[94.3795,26.2075],[94.3405,26.1975],[94.388,26.13],[94.376,26.057],[94.342,26.009],[94.2885,26.0115],[94.297,25.9585],[94.2335,25.9265],[94.204,25.8815],[94.2515,25.822],[94.278,25.8205],[94.2915,25.7645],[94.344,25.835],[94.429,25.859],[94.463,25.858],[94.547,25.817],[94.5295,25.7615],[94.5605,25.737],[94.616,25.7835],[94.671,25.7795],[94.7245,25.7575],[94.705,25.7945],[94.625,25.821],[94.604,25.8835],[94.582,25.893],[94.6275,25.948],[94.675,26.025],[94.702,26.093],[94.7125,26.1715],[94.678,26.211],[94.62,26.1925],[94.5865,26.219]]]},"properties":{"shapeName":"Zunheboto"}},
{"type":"Feature","geometry":{"type":"Polygon","coordinates":[[[94.675,26.025],[94.6275,25.948],[94.582,25.893],[94.604,25.8835],[94.625,25.821],[94.705,25.7945],[94.7245,25.7575],[94.773,25.775],[94.8165,25.7635],[94.864,25.7205],[94.8625,25.613],[94.8965,25.5735],[94.932,25.5945],[94.95,25.651],[95.0525,25.7255],[95.0595,25.7795],[95.042,25.8005],[95.024,25.8825],[94.9575,25.897],[94.955,25.9265],[94.8865,25.938],[94.8375,25.9645],[94.823,25.9965],[94.7805,25.993],[94.7635,26.027],[94.675,26.025]]]},"properties":{"shapeName":"Kiphire"}},
{"type":"Feature","geometry":{"type":"Polygon","coordinates":[[[93.5425,25.698],[93.5855,25.6785],[93.6485,25.6935],[93.674,25.673],[93.7135,25.701],[93.7645,25.683],[93.868,25.6895],[93.893,25.6615],[93.912,25.7035],[93.9865,25.765],[93.991,25.83],[93.9725,25.872],[94.0265,25.9575],[94.007,25.9945],[93.9575,25.9985],[93.9545,25.97],[93.981,25.922],[93.9145,25.8835],[93.881,25.842],[93.85,25.859],[93.79,25.812],[93.7785,25.8425],[93.797,25.906],[93.772,25.962],[93.749,25.9335],[93.6865,25.9055],[93.705,25.8495],[93.647,25.8205],[93.621,25.776],[93.5435,25.7235],[93.5425,25.698]]]},"properties":{"shapeName":"Dimapur"}},
{"type":"Feature","geometry":{"type":"Polygon","coordinates":[[[93.3305,25.5435],[93.3815,25.494],[93.389,25.466],[93.4555,25.4385],[93.4765,25.3765],[93.45,25.3405],[93.4525,25.291],[93.489,25.2335],[93.5395,25.2365],[93.5745,25.2105],[93.615,25.2225],[93.682,25.34],[93.7235,25.3675],[93.774,25.437],[93.8105,25.4625],[93.814,25.529],[93.8505,25.554],[93.939,25.5505],[93.944,25.571],[93.893,25.6615],[93.868,25.6895],[93.7645,25.683],[93.7135,25.701],[93.674,25.673],[93.6485,25.6935],[93.5855,25.6785],[93.5425,25.698],[93.482,25.6425],[93.4265,25.628],[93.372,25.566],[93.3305,25.5435]]]},"properties":{"shapeName":"Peren"}},
{"type":"Feature","geometry":{"type":"Polygon","coordinates":[[[91.7615,24.142],[91.648,24.1685],[91.637,24.102],[91.5835,24.073],[91.489,24.0955],[91.5335,23.932],[91.5605,23.8625],[91.5615,23.784],[91.568,23.7625],[91.6225,23.768],[91.7045,23.7585],[91.7765,23.6885],[91.8,23.8215],[91.795,23.924],[91.765,23.962],[91.7615,24.142]]]},"properties":{"shapeName":"Khowai"}},
{"type":"Feature","geometry":{"type":"Polygon","coordinates":[[[91.5615,23.784],[91.503,23.7475],[91.4695,23.741],[91.399,23.763],[91.3725,23.744],[91.318,23.763],[91.281,23.734],[91.225,23.7465],[91.168,23.7485],[91.1565,23.691],[91.21,23.688],[91.205,23.6565],[91.163,23.654],[91.1605,23.6195],[91.28,23.4305],[91.281,23.378],[91.3085,23.3605],[91.3115,23.276],[91.3455,23.2785],[91.3955,23.3555],[91.4255,23.375],[91.386,23.4415],[91.387,23.5135],[91.4015,23.578],[91.4385,23.6045],[91.4655,23.653],[91.5635,23.7185],[91.568,23.7625],[91.5615,23.784]]]},"properties":{"shapeName":"Sipahijula"}},
{"type":"Feature","geometry":{"type":"Polygon","coordinates":[[[91.489,24.0955],[91.4125,24.116],[91.376,24.108],[91.398,24.0475],[91.376,24.004],[91.2825,23.977],[91.23,23.898],[91.254,23.84],[91.2275,23.7875],[91.225,23.7465],[91.281,23.734],[91.318,23.763],[91.3725,23.744],[91.399,23.763],[91.4695,23.741],[91.503,23.7475],[91.5615,23.784],[91.5605,23.8625],[91.5335,23.932],[91.489,24.0955]]]},"properties":{"shapeName":"West Tripura"}},
{"type":"Feature","geometry":{"type":"Polygon","coordinates":[[[91.7765,23.6885],[91.764,23.6165],[91.785,23.551],[91.8095,23.539],[91.8355,23.475],[91.8865,23.431],[91.94,23.4395],[91.9655,23.484],[91.9535,23.6135],[91.9345,23.676],[91.9485,23.7335],[91.9855,23.71],[92.024,23.661],[92.075,23.668],[92.103,23.703],[92.175,23.736],[92.1595,23.837],[92.133,23.919],[92.0945,23.9325],[92.0915,23.9905],[92.07,24.03],[92.073,24.1115],[92.007,24.103],[91.9785,24.069],[91.9145,24.1125],[91.904,24.137],[91.8765,24.146],[91.848,24.206],[91.748,24.236],[91.7615,24.142],[91.765,23.962],[91.795,23.924],[91.8,23.8215],[91.7765,23.6885]]]},"properties":{"shapeName":"Dhalai"}},
{"type":"Feature","geometry":{"type":"Polygon","coordinates":[[[92.0915,23.9905],[92.114,24.0385],[92.152,24.0755],[92.148,24.126],[92.182,24.1455],[92.184,24.1865],[92.067,24.2715],[92.073,24.374],[91.996,24.3875],[91.924,24.3305],[91.948,24.264],[91.933,24.2405],[91.904,24.137],[91.9145,24.1125],[91.9785,24.069],[92.007,24.103],[92.073,24.1115],[92.07,24.03],[92.0915,23.9905]]]},"properties":{"shapeName":"Unokoti"}},
{"type":"Feature","geometry":{"type":"Polygon","coordinates":[[[92.2215,24.513],[92.1625,24.5275],[92.153,24.498],[92.169,24.436],[92.138,24.424],[92.1225,24.381],[92.073,24.374],[92.067,24.2715],[92.184,24.1865],[92.182,24.1455],[92.148,24.126],[92.152,24.0755],[92.114,24.0385],[92.0915,23.9905],[92.0945,23.9325],[92.133,23.919],[92.1595,23.837],[92.175,23.736],[92.227,23.667],[92.262,23.723],[92.256,23.8065],[92.268,23.8455],[92.307,23.8595],[92.3245,23.9165],[92.3055,23.9305],[92.323,23.982],[92.3085,24.04],[92.323,24.11],[92.3215,24.195],[92.3,24.2505],[92.2115,24.248],[92.272,24.387],[92.235,24.449],[92.2215,24.513]]]},"properties":{"shapeName":"North Tripura"}},
{"type":"Feature","geometry":{"type":"Polygon","coordinates":[[[91.568,23.7625],[91.5635,23.7185],[91.4655,23.653],[91.4385,23.6045],[91.4015,23.578],[91.387,23.5135],[91.386,23.4415],[91.4255,23.375],[91.476,23.4025],[91.558,23.413],[91.632,23.4055],[91.6595,23.361],[91.6945,23.3705],[91.741,23.319],[91.7595,23.1985],[91.779,23.126],[91.821,23.0845],[91.803,23.1795],[91.7595,23.277],[91.7625,23.31],[91.819,23.354],[91.8365,23.3975],[91.8865,23.431],[91.8355,23.475],[91.8095,23.539],[91.785,23.551],[91.764,23.6165],[91.7765,23.6885],[91.7045,23.7585],[91.6225,23.768],[91.568,23.7625]]]},"properties":{"shapeName":"Gomati"}},
{"type":"Feature","geometry":{"type":"Polygon","coordinates":[[[91.3115,23.276],[91.3255,23.2545],[91.3255,23.1585],[91.3705,23.0715],[91.412,23.077],[91.38,23.1925],[91.4185,23.2685],[91.455,23.261],[91.504,23.1935],[91.4975,23.147],[91.5515,23.0385],[91.544,23.0005],[91.6065,22.972],[91.7375,22.9925],[91.775,23.04],[91.777,23.0725],[91.821,23.0845],[91.779,23.126],[91.7595,23.1985],[91.741,23.319],[91.6945,23.3705],[91.6595,23.361],[91.632,23.4055],[91.558,23.413],[91.476,23.4025],[91.4255,23.375],[91.3955,23.3555],[91.3455,23.2785],[91.3115,23.276]]]},"properties":{"shapeName":"South Tripura"}},
{"type":"Feature","geometry":{"type":"Polygon","coordinates":[[[90.286,25.195],[90.3305,25.1935],[90.3705,25.164],[90.4435,25.146],[90.499,25.171],[90.5895,25.176],[90.7075,25.1625],[90.7585,25.17],[90.851,25.158],[90.9645,25.173],[90.9675,25.241],[90.9255,25.282],[90.8815,25.29],[90.8585,25.306],[90.8515,25.355],[90.766,25.3875],[90.7675,25.444],[90.802,25.47],[90.7795,25.541],[90.75,25.5],[90.6995,25.4745],[90.6495,25.422],[90.6175,25.408],[90.591,25.438],[90.539,25.4375],[90.41,25.4705],[90.339,25.473],[90.277,25.494],[90.2445,25.3985],[90.258,25.3605],[90.2915,25.345],[90.2695,25.2945],[90.294,25.2685],[90.286,25.195]]]},"properties":{"shapeName":"South Garo Hills"}},
{"type":"Feature","geometry":{"type":"Polygon","coordinates":[[[92.2945,26.0765],[92.2935,26.075],[92.2695,26.0665],[92.265,26.064],[92.179,26.078],[92.134,26.0445],[92.054,26.0315],[91.992,26.04],[91.935,26.0135],[91.8845,26.029],[91.877,26.0965],[91.8205,26.1175],[91.792,26.086],[91.7325,26.0585],[91.7215,25.953],[91.6705,25.9045],[91.6315,25.944],[91.6335,26.0215],[91.5715,26.0265],[91.553,25.974],[91.4875,25.892],[91.446,25.8405],[91.4145,25.8535],[91.344,25.8355],[91.3465,25.813],[91.4655,25.7795],[91.572,25.805],[91.672,25.8085],[91.7135,25.793],[91.7495,25.8215],[91.79,25.791],[91.775,25.7455],[91.8205,25.7235],[91.8035,25.6845],[91.7525,25.6735],[91.8215,25.618],[91.878,25.633],[91.969,25.6825],[91.989,25.6555],[92.0305,25.646],[92.072,25.6605],[92.1375,25.652],[92.165,25.6835],[92.1535,25.8115],[92.1805,25.8685],[92.2255,25.9],[92.1605,25.914],[92.1665,25.963],[92.2565,26.0275],[92.3025,26.075],[92.3,26.0755],[92.2945,26.0765]]]},"properties":{"shapeName":"Ribhoi"}},
{"type":"Feature","geometry":{"type":"Polygon","coordinates":[[[91.7525,25.6735],[91.7295,25.634],[91.755,25.6055],[91.727,25.5565],[91.653,25.513],[91.604,25.5065],[91.587,25.437],[91.571,25.3885],[91.591,25.3565],[91.5775,25.315],[91.442,25.2945],[91.433,25.258],[91.3895,25.237],[91.4115,25.172],[91.5005,25.136],[91.5755,25.172],[91.6425,25.118],[91.693,25.1395],[91.8395,25.1755],[92.0265,25.1845],[91.9875,25.2725],[92.014,25.317],[92.062,25.3435],[92.1245,25.3455],[92.1055,25.4935],[92.095,25.5135],[92.13,25.6085],[92.17,25.665],[92.165,25.668],[92.166,25.677],[92.165,25.6835],[92.1375,25.652],[92.072,25.6605],[92.0305,25.646],[91.989,25.6555],[91.969,25.6825],[91.878,25.633],[91.8215,25.618],[91.7525,25.6735]]]},"properties":{"shapeName":"East Khasi Hills"}},
{"type":"Feature","geometry":{"type":"Polygon","coordinates":[[[91.003,25.822],[90.95,25.773],[90.982,25.7375],[90.9265,25.6495],[90.877,25.605],[90.7955,25.58],[90.7795,25.541],[90.802,25.47],[90.7675,25.444],[90.766,25.3875],[90.8515,25.355],[90.8585,25.306],[90.8815,25.29],[90.96,25.3365],[91.041,25.314],[91.089,25.338],[91.119,25.3195],[91.1405,25.372],[91.1715,25.3945],[91.1375,25.4275],[91.191,25.4595],[91.281,25.4515],[91.328,25.4675],[91.427,25.4655],[91.3985,25.389],[91.42,25.373],[91.475,25.4025],[91.528,25.448],[91.587,25.437],[91.604,25.5065],[91.653,25.513],[91.727,25.5565],[91.755,25.6055],[91.7295,25.634],[91.7525,25.6735],[91.8035,25.6845],[91.8205,25.7235],[91.775,25.7455],[91.79,25.791],[91.7495,25.8215],[91.7135,25.793],[91.672,25.8085],[91.572,25.805],[91.4655,25.7795],[91.3465,25.813],[91.344,25.8355],[91.277,25.7465],[91.2255,25.723],[91.1905,25.7385],[91.1815,25.776],[91.2045,25.84],[91.1545,25.8495],[91.0685,25.8255],[91.051,25.8485],[91.003,25.822]]]},"properties":{"shapeName":"West Khasi Hills"}},
{"type":"Feature","geometry":{"type":"Polygon","coordinates":[[[90.9645,25.173],[91.073,25.199],[91.17,25.1965],[91.269,25.209],[91.3275,25.1775],[91.4115,25.172],[91.3895,25.237],[91.433,25.258],[91.442,25.2945],[91.5775,25.315],[91.591,25.3565],[91.571,25.3885],[91.587,25.437],[91.528,25.448],[91.475,25.4025],[91.42,25.373],[91.3985,25.389],[91.427,25.4655],[91.328,25.4675],[91.281,25.4515],[91.191,25.4595],[91.1375,25.4275],[91.1715,25.3945],[91.1405,25.372],[91.119,25.3195],[91.089,25.338],[91.041,25.314],[90.96,25.3365],[90.8815,25.29],[90.9255,25.282],[90.9675,25.241],[90.9645,25.173]]]},"properties":{"shapeName":"South West Khasi Hills"}},
{"type":"Feature","geometry":{"type":"Polygon","coordinates":[[[90.122,25.9615],[90.0665,25.916],[90.0115,25.847],[89.9555,25.811],[89.9585,25.775],[89.917,25.7165],[89.95,25.659],[90.0215,25.6085],[90.005,25.5845],[90.091,25.5585],[90.1165,25.524],[90.0765,25.4965],[90.0425,25.4135],[90.0005,25.411],[90.008,25.3595],[89.9655,25.3045],[89.983,25.282],[90.056,25.263],[90.118,25.225],[90.286,25.195],[90.294,25.2685],[90.2695,25.2945],[90.2915,25.345],[90.258,25.3605],[90.2445,25.3985],[90.277,25.494],[90.339,25.473],[90.419,25.548],[90.4115,25.5925],[90.447,25.685],[90.4325,25.759],[90.4105,25.7925],[90.3505,25.803],[90.369,25.8455],[90.4075,25.8495],[90.3895,25.98],[90.368,26.0105],[90.3275,25.9745],[90.216,25.954],[90.122,25.9615]]]},"properties":{"shapeName":"West Garo Hills"}},
{"type":"Feature","geometry":{"type":"Polygon","coordinates":[[[90.005,25.5845],[89.8895,25.5585],[89.87,25.54],[89.8785,25.492],[89.851,25.477],[89.8295,25.4235],[89.8245,25.349],[89.877,25.287],[89.8985,25.306],[89.9655,25.3045],[90.008,25.3595],[90.0005,25.411],[90.0425,25.4135],[90.0765,25.4965],[90.1165,25.524],[90.091,25.5585],[90.005,25.5845]]]},"properties":{"shapeName":"South West Garo Hills"}},
{"type":"Feature","geometry":{"type":"Polygon","coordinates":[[[92.542,25.0975],[92.581,25.13],[92.621,25.1155],[92.662,25.171],[92.746,25.2055],[92.7785,25.2005],[92.769,25.2665],[92.7915,25.283],[92.7365,25.379],[92.673,25.415],[92.6065,25.4165],[92.598,25.4695],[92.609,25.5105],[92.55,25.481],[92.453,25.477],[92.4075,25.4585],[92.325,25.4605],[92.2715,25.4365],[92.2515,25.387],[92.171,25.352],[92.1975,25.305],[92.205,25.2385],[92.2385,25.2175],[92.234,25.185],[92.1935,25.1345],[92.21,25.108],[92.4005,25.036],[92.4655,25.0555],[92.4835,25.106],[92.542,25.0975]]]},"properties":{"shapeName":"East Jaintia Hills"}},
{"type":"Feature","geometry":{"type":"Polygon","coordinates":[[[92.6605,25.5795],[92.6605,25.581],[92.587,25.551],[92.5575,25.61],[92.498,25.625],[92.4655,25.6805],[92.4345,25.6855],[92.432,25.73],[92.368,25.7395],[92.352,25.733],[92.237,25.707],[92.17,25.665],[92.13,25.6085],[92.095,25.5135],[92.1055,25.4935],[92.1245,25.3455],[92.062,25.3435],[92.014,25.317],[91.9875,25.2725],[92.0265,25.1845],[92.1235,25.17],[92.1355,25.1425],[92.1935,25.1345],[92.234,25.185],[92.2385,25.2175],[92.205,25.2385],[92.1975,25.305],[92.171,25.352],[92.2515,25.387],[92.2715,25.4365],[92.325,25.4605],[92.4075,25.4585],[92.453,25.477],[92.55,25.481],[92.609,25.5105],[92.6445,25.5355],[92.6605,25.5795]]]},"properties":{"shapeName":"West Jaintia Hills"}},
{"type":"Feature","geometry":{"type":"Polygon","coordinates":[[[90.7795,25.541],[90.7955,25.58],[90.877,25.605],[90.9265,25.6495],[90.982,25.7375],[90.959,25.745],[90.901,25.718],[90.787,25.797],[90.7015,25.829],[90.669,25.861],[90.6405,25.8205],[90.594,25.7855],[90.5205,25.7825],[90.566,25.839],[90.4525,25.8425],[90.4105,25.7925],[90.4325,25.759],[90.447,25.685],[90.4115,25.5925],[90.419,25.548],[90.339,25.473],[90.41,25.4705],[90.539,25.4375],[90.591,25.438],[90.6175,25.408],[90.6495,25.422],[90.6995,25.4745],[90.75,25.5],[90.7795,25.541]]]},"properties":{"shapeName":"East Garo Hills"}},
{"type":"Feature","geometry":{"type":"Polygon","coordinates":[[[90.368,26.0105],[90.3895,25.98],[90.4075,25.8495],[90.369,25.8455],[90.3505,25.803],[90.4105,25.7925],[90.4525,25.8425],[90.566,25.839],[90.5205,25.7825],[90.594,25.7855],[90.6405,25.8205],[90.669,25.861],[90.7015,25.829],[90.787,25.797],[90.901,25.718],[90.959,25.745],[90.982,25.7375],[90.95,25.773],[91.003,25.822],[91.0315,25.8875],[90.9695,25.887],[90.96,25.9335],[90.898,25.946],[90.7995,25.9415],[90.7805,25.908],[90.7155,25.952],[90.6315,25.9375],[90.5815,25.958],[90.537,25.958],[90.48,26.0155],[90.4315,25.989],[90.368,26.0105]]]},"properties":{"shapeName":"North Garo Hills"}},
{"type":"Feature","geometry":{"type":"Polygon","coordinates":[[[81.905,21.7835],[81.8415,21.8235],[81.788,21.811],[81.737,21.902],[81.6525,21.925],[81.599,21.9565],[81.5505,21.963],[81.547,21.9905],[81.5055,22.011],[81.4835,21.99],[81.459,21.9165],[81.3945,21.8815],[81.4045,21.835],[81.34,21.8405],[81.326,21.8265],[81.3385,21.7655],[81.2975,21.7685],[81.1765,21.7035],[81.1775,21.5975],[81.1425,21.5575],[81.196,21.515],[81.275,21.524],[81.334,21.498],[81.383,21.5105],[81.468,21.5045],[81.451,21.4475],[81.4935,21.3585],[81.555,21.3355],[81.5965,21.3605],[81.6325,21.417],[81.632,21.507],[81.6445,21.5425],[81.6925,21.5935],[81.6995,21.618],[81.664,21.6465],[81.7255,21.7115],[81.6995,21.751],[81.737,21.766],[81.8075,21.771],[81.8495,21.758],[81.905,21.7835]]]},"properties":{"shapeName":"Bemetra"}},
{"type":"Feature","geometry":{"type":"Polygon","coordinates":[[[82.093,18.74],[82.0995,18.7635],[82.1535,18.781],[82.173,18.8375],[82.179,18.899],[82.2475,18.918],[82.2305,19.0285],[82.202,19.0675],[82.2045,19.124],[82.1635,19.203],[82.1595,19.272],[82.188,19.3385],[82.1745,19.3725],[82.1785,19.436],[82.127,19.43],[82.1045,19.467],[82.1,19.516],[82.034,19.508],[81.9425,19.5375],[81.912,19.5225],[81.8525,19.5475],[81.7995,19.4515],[81.812,19.4105],[81.7975,19.3665],[81.736,19.387],[81.647,19.364],[81.635,19.309],[81.6915,19.27],[81.627,19.245],[81.579,19.2745],[81.5385,19.2295],[81.4875,19.2335],[81.429,19.2695],[81.357,19.28],[81.3605,19.2235],[81.402,19.1935],[81.4505,19.19],[81.502,19.2045],[81.4935,19.085],[81.525,19.0485],[81.5235,19.0165],[81.4705,19.005],[81.479,18.943],[81.5555,18.912],[81.549,18.888],[81.6055,18.852],[81.62,18.82],[81.662,18.799],[81.683,18.8225],[81.7565,18.812],[81.7735,18.757],[81.807,18.737],[81.849,18.7375],[81.943,18.769],[81.9435,18.7305],[81.969,18.6935],[82.093,18.74]]]},"properties":{"shapeName":"Bastar"}},
{"type":"Feature","geometry":{"type":"Polygon","coordinates":[[[81.4815,22.493],[81.494,22.4125],[81.5445,22.339],[81.528,22.298],[81.5505,22.255],[81.5465,22.187],[81.521,22.1375],[81.5355,22.0775],[81.5055,22.011],[81.547,21.9905],[81.5505,21.963],[81.599,21.9565],[81.6525,21.925],[81.737,21.902],[81.788,21.811],[81.8415,21.8235],[81.905,21.7835],[81.9635,21.764],[82.027,21.778],[82.006,21.843],[81.954,21.883],[81.945,21.9275],[81.8705,22.0255],[81.8265,22.1],[81.763,22.154],[81.7455,22.154],[81.6915,22.24],[81.8135,22.2195],[81.847,22.249],[81.8855,22.253],[81.9065,22.322],[81.856,22.4155],[81.8075,22.4175],[81.774,22.4495],[81.7805,22.4895],[81.7405,22.565],[81.7145,22.563],[81.6845,22.608],[81.686,22.649],[81.651,22.6145],[81.6475,22.563],[81.6165,22.5365],[81.5705,22.551],[81.523,22.537],[81.4815,22.493]]]},"properties":{"shapeName":"Mungeli"}},
{"type":"Feature","geometry":{"type":"Polygon","coordinates":[[[81.686,22.649],[81.6845,22.608],[81.7145,22.563],[81.7405,22.565],[81.7805,22.4895],[81.774,22.4495],[81.8075,22.4175],[81.856,22.4155],[81.9065,22.322],[81.8855,22.253],[81.847,22.249],[81.8135,22.2195],[81.6915,22.24],[81.7455,22.154],[81.763,22.154],[81.8265,22.1],[81.8705,22.0255],[81.945,21.9275],[81.954,21.883],[82.006,21.843],[82.027,21.778],[82.093,21.7945],[82.2015,21.7635],[82.2065,21.746],[82.28,21.6895],[82.3325,21.6685],[82.402,21.663],[82.433,21.7015],[82.365,21.731],[82.3125,21.7865],[82.2865,21.864],[82.2875,21.9195],[82.305,21.969],[82.307,22.0465],[82.3485,22.0805],[82.3535,22.112],[82.418,22.121],[82.472,22.2045],[82.3975,22.2625],[82.42,22.283],[82.356,22.325],[82.3085,22.296],[82.256,22.3],[82.2305,22.32],[82.1405,22.3315],[82.183,22.4075],[82.144,22.4575],[82.167,22.5305],[82.1565,22.5425],[82.136,22.6045],[82.085,22.6055],[82.0865,22.5735],[81.997,22.5815],[81.9545,22.617],[81.869,22.6125],[81.837,22.576],[81.783,22.598],[81.7545,22.593],[81.733,22.6725],[81.726,22.666],[81.686,22.649]]]},"properties":{"shapeName":"Bilaspur"}},
{"type":"Feature","geometry":{"type":"Polygon","coordinates":[[[81.878,20.963],[81.8925,20.872],[81.924,20.8195],[81.911,20.791],[81.938,20.739],[81.9725,20.73],[82.015,20.673],[81.9975,20.64],[82.0215,20.5295],[82.0565,20.4785],[82.083,20.413],[82.0805,20.3675],[82.1085,20.29],[82.175,20.2595],[82.1355,20.187],[82.136,20.1475],[82.103,20.105],[82.0425,20.0965],[82.0175,20.0495],[82.0655,20.055],[82.124,20.0155],[82.192,19.9865],[82.2385,20.0035],[82.2695,19.977],[82.306,19.889],[82.347,19.8355],[82.3965,19.8875],[82.45,19.9085],[82.4835,19.906],[82.605,19.8665],[82.5795,19.834],[82.5925,19.777],[82.6265,19.792],[82.6535,19.8315],[82.706,19.833],[82.7185,19.8545],[82.708,19.9125],[82.7185,19.989],[82.705,19.9985],[82.658,20.005],[82.59,19.9955],[82.551,20.0175],[82.4035,20.0545],[82.391,20.1655],[82.421,20.2075],[82.4125,20.2685],[82.43,20.3145],[82.4015,20.3405],[82.4175,20.4075],[82.4365,20.4305],[82.3955,20.457],[82.388,20.5145],[82.3315,20.558],[82.3755,20.6285],[82.351,20.703],[82.3405,20.8235],[82.3495,20.874],[82.2885,20.9135],[82.2845,20.936],[82.2275,20.9505],[82.1995,20.9415],[82.164,21.014],[82.1035,21.0285],[82.008,21.087],[81.996,21.1075],[81.878,20.963]]]},"properties":{"shapeName":"Gariaband"}},
{"type":"Feature","geometry":{"type":"Polygon","coordinates":[[[81.16,22.4645],[81.1175,22.441],[81.1055,22.381],[81.122,22.342],[81.12,22.2935],[81.092,22.247],[81.0455,22.2395],[81.032,22.2],[81.0065,22.062],[80.986,22.0485],[80.958,22.113],[80.9105,22.1075],[80.886,22.061],[80.86,21.967],[80.832,21.909],[80.8505,21.869],[80.8455,21.8305],[80.927,21.824],[80.954,21.7655],[81.0005,21.7255],[81.102,21.732],[81.1765,21.7035],[81.2975,21.7685],[81.3385,21.7655],[81.326,21.8265],[81.34,21.8405],[81.4045,21.835],[81.3945,21.8815],[81.459,21.9165],[81.4835,21.99],[81.5055,22.011],[81.5355,22.0775],[81.521,22.1375],[81.5465,22.187],[81.5505,22.255],[81.528,22.298],[81.5445,22.339],[81.494,22.4125],[81.4815,22.493],[81.4535,22.496],[81.3945,22.4485],[81.3865,22.5025],[81.322,22.5145],[81.2345,22.45],[81.16,22.4645]]]},"properties":{"shapeName":"Kabeerdham"}},
{"type":"Feature","geometry":{"type":"Polygon","coordinates":[[[81.7735,18.757],[81.7405,18.7025],[81.6845,18.6705],[81.636,18.7365],[81.5865,18.7435],[81.549,18.7015],[81.5525,18.6325],[81.4695,18.6335],[81.428,18.5965],[81.4415,18.5635],[81.403,18.505],[81.3865,18.433],[81.3445,18.4375],[81.2795,18.5],[81.259,18.542],[81.201,18.5605],[81.099,18.569],[81.0505,18.552],[80.9935,18.446],[80.9365,18.4015],[81.0025,18.3725],[81.056,18.3675],[81.082,18.3265],[81.0725,18.2985],[81.111,18.23],[81.051,18.187],[81.025,18.193],[80.9825,18.156],[80.9575,18.1305],[80.9525,18.0885],[80.9745,18.051],[80.993,17.9305],[81.013,17.846],[81.041,17.7975],[81.082,17.7945],[81.1065,17.825],[81.168,17.8605],[81.2625,17.8205],[81.3935,17.815],[81.4125,17.897],[81.446,17.8845],[81.4635,17.955],[81.486,17.9785],[81.4825,18.0365],[81.517,18.1005],[81.531,18.165],[81.513,18.1915],[81.5365,18.267],[81.602,18.309],[81.669,18.3235],[81.6665,18.347],[81.7535,18.353],[81.7705,18.419],[81.8525,18.4895],[81.909,18.565],[81.955,18.567],[81.9555,18.6365],[81.969,18.6935],[81.9435,18.7305],[81.943,18.769],[81.849,18.7375],[81.807,18.737],[81.7735,18.757]]]},"properties":{"shapeName":"Sukma"}},
{"type":"Feature","geometry":{"type":"Polygon","coordinates":[[[80.5475,20.113],[80.5535,20.069],[80.54,20.007],[80.5515,19.985],[80.5275,19.934],[80.477,19.937],[80.451,19.956],[80.41,19.913],[80.497,19.897],[80.4675,19.8315],[80.525,19.8325],[80.5515,19.815],[80.547,19.778],[80.673,19.692],[80.726,19.6985],[80.7155,19.775],[80.767,19.8045],[80.7295,19.838],[80.7605,19.8675],[80.8345,19.9055],[80.8635,19.942],[80.915,19.923],[80.914,19.881],[80.936,19.82],[80.99,19.766],[81.0375,19.7665],[81.086,19.692],[81.1405,19.691],[81.155,19.7165],[81.138,19.786],[81.1925,19.78],[81.2445,19.806],[81.302,19.799],[81.346,19.8325],[81.394,19.8335],[81.401,19.8835],[81.331,19.936],[81.2935,20.0175],[81.3895,20.0465],[81.402,20.1145],[81.4485,20.146],[81.5895,20.194],[81.617,20.159],[81.68,20.13],[81.7545,20.1635],[81.817,20.1695],[81.7895,20.2615],[81.7635,20.2885],[81.7975,20.33],[81.7655,20.36],[81.7695,20.388],[81.7395,20.421],[81.7375,20.4825],[81.6955,20.483],[81.621,20.5155],[81.5455,20.515],[81.523,20.4935],[81.489,20.5145],[81.431,20.517],[81.412,20.553],[81.385,20.533],[81.316,20.551],[81.2255,20.418],[81.177,20.4045],[81.1535,20.3785],[81.077,20.4195],[81.0505,20.4215],[81.0005,20.459],[80.981,20.4485],[80.9245,20.4285],[80.8865,20.386],[80.863,20.389],[80.8325,20.314],[80.7305,20.2675],[80.7295,20.203],[80.6915,20.1915],[80.668,20.2225],[80.625,20.188],[80.5855,20.176],[80.5475,20.113]]]},"properties":{"shapeName":"Uttar Bastar Kanker"}},
{"type":"Feature","geometry":{"type":"Polygon","coordinates":[[[81.3605,19.2235],[81.383,19.1815],[81.353,19.15],[81.292,19.188],[81.212,19.175],[81.1935,19.1435],[81.196,19.052],[81.189,18.978],[81.208,18.955],[81.207,18.8635],[81.19,18.8215],[81.2015,18.7545],[81.17,18.705],[81.1865,18.665],[81.1675,18.6175],[81.213,18.6065],[81.201,18.5605],[81.259,18.542],[81.2795,18.5],[81.3445,18.4375],[81.3865,18.433],[81.403,18.505],[81.4415,18.5635],[81.428,18.5965],[81.4695,18.6335],[81.5525,18.6325],[81.549,18.7015],[81.5865,18.7435],[81.636,18.7365],[81.6845,18.6705],[81.7405,18.7025],[81.7735,18.757],[81.7565,18.812],[81.683,18.8225],[81.662,18.799],[81.62,18.82],[81.6055,18.852],[81.549,18.888],[81.5555,18.912],[81.479,18.943],[81.4705,19.005],[81.5235,19.0165],[81.525,19.0485],[81.4935,19.085],[81.502,19.2045],[81.4505,19.19],[81.402,19.1935],[81.3605,19.2235]]]},"properties":{"shapeName":"Dakshin Bastar Dantewada"}},
{"type":"Feature","geometry":{"type":"Polygon","coordinates":[[[82.5755,22.943],[82.58,22.8945],[82.5605,22.8445],[82.6585,22.8095],[82.723,22.8305],[82.778,22.77],[82.835,22.7435],[82.868,22.7475],[82.946,22.6745],[83.019,22.64],[83.0605,22.667],[83.1145,22.6775],[83.122,22.728],[83.155,22.7385],[83.1655,22.773],[83.237,22.786],[83.2535,22.7695],[83.342,22.754],[83.401,22.732],[83.388,22.658],[83.4375,22.6725],[83.535,22.6815],[83.5605,22.7005],[83.6545,22.652],[83.6835,22.682],[83.6385,22.703],[83.6525,22.7395],[83.6485,22.823],[83.5795,22.873],[83.5095,22.9565],[83.551,23.0305],[83.511,23.089],[83.5605,23.1335],[83.557,23.174],[83.53,23.242],[83.379,23.2515],[83.3585,23.1585],[83.3315,23.158],[83.2735,23.211],[83.2545,23.2115],[83.2095,23.186],[83.153,23.214],[83.135,23.1105],[83.0415,23.1115],[83.0055,23.052],[82.9725,23.0515],[82.923,23.1115],[82.8735,23.1055],[82.831,23.0685],[82.7855,23.1965],[82.7355,23.2085],[82.728,23.2325],[82.691,23.2285],[82.6395,23.142],[82.5845,23.13],[82.5715,23.07],[82.609,23.0085],[82.581,22.9865],[82.5755,22.943]]]},"properties":{"shapeName":"Surguja"}},
{"type":"Feature","geometry":{"type":"Polygon","coordinates":[[[82.4995,23.783],[82.5385,23.76],[82.5935,23.695],[82.6035,23.6665],[82.575,23.618],[82.5815,23.5425],[82.642,23.4985],[82.6515,23.474],[82.7225,23.4645],[82.7895,23.4955],[82.8055,23.516],[82.8645,23.4735],[82.9565,23.519],[82.9625,23.547],[83.0525,23.569],[83.018,23.6445],[83,23.6575],[82.8755,23.688],[82.8395,23.735],[82.855,23.8075],[82.917,23.78],[82.983,23.7685],[82.99,23.7995],[83.05,23.787],[83.0795,23.7425],[83.1645,23.7055],[83.2125,23.7245],[83.2205,23.6105],[83.2555,23.542],[83.259,23.5115],[83.362,23.5145],[83.3415,23.4685],[83.368,23.4525],[83.3125,23.363],[83.239,23.3975],[83.2155,23.3135],[83.23,23.297],[83.218,23.225],[83.2545,23.2115],[83.2735,23.211],[83.3315,23.158],[83.3585,23.1585],[83.379,23.2515],[83.53,23.242],[83.557,23.174],[83.604,23.1815],[83.626,23.217],[83.6715,23.227],[83.7225,23.2075],[83.75,23.238],[83.8315,23.234],[83.8955,23.183],[83.949,23.1635],[84.0205,23.188],[84.041,23.1695],[84.063,23.198],[84.0575,23.2425],[84.0775,23.331],[84.0505,23.375],[84.0135,23.354],[83.974,23.3755],[83.977,23.4485],[84.0195,23.509],[84.0295,23.598],[84.008,23.6335],[83.945,23.623],[83.9425,23.564],[83.782,23.6],[83.7595,23.6495],[83.722,23.683],[83.7395,23.705],[83.7365,23.755],[83.703,23.808],[83.6635,23.844],[83.5885,23.862],[83.557,23.893],[83.52,23.967],[83.517,24.025],[83.455,24.042],[83.433,24.0835],[83.391,24.0995],[83.331,24.101],[83.2985,24.0735],[83.2855,24.024],[83.2235,23.989],[83.197,23.9205],[83.135,23.8895],[83.0685,23.875],[83.044,23.8825],[82.9615,23.8725],[82.898,23.904],[82.8285,23.964],[82.8055,23.961],[82.7535,23.917],[82.663,23.905],[82.67,23.8685],[82.6375,23.835],[82.556,23.826],[82.553,23.788],[82.4995,23.783]]]},"properties":{"shapeName":"Balrampur"}},
{"type":"Feature","geometry":{"type":"Polygon","coordinates":[[[82.034,19.508],[82.054,19.5445],[82.0425,19.589],[82.059,19.63],[82.0455,19.7095],[82.065,19.759],[82.06,19.797],[81.988,19.801],[81.968,19.86],[81.866,19.9045],[81.845,19.955],[81.8815,20.051],[81.8505,20.1115],[81.848,20.164],[81.817,20.1695],[81.7545,20.1635],[81.68,20.13],[81.617,20.159],[81.5895,20.194],[81.4485,20.146],[81.402,20.1145],[81.3895,20.0465],[81.2935,20.0175],[81.331,19.936],[81.401,19.8835],[81.394,19.8335],[81.3485,19.81],[81.3515,19.7475],[81.3665,19.733],[81.45,19.7235],[81.4515,19.6155],[81.424,19.483],[81.465,19.4715],[81.4695,19.383],[81.429,19.3835],[81.3685,19.322],[81.357,19.28],[81.429,19.2695],[81.4875,19.2335],[81.5385,19.2295],[81.579,19.2745],[81.627,19.245],[81.6915,19.27],[81.635,19.309],[81.647,19.364],[81.736,19.387],[81.7975,19.3665],[81.812,19.4105],[81.7995,19.4515],[81.8525,19.5475],[81.912,19.5225],[81.9425,19.5375],[82.034,19.508]]]},"properties":{"shapeName":"Kondagaon"}},
{"type":"Feature","geometry":{"type":"Polygon","coordinates":[[[80.673,19.692],[80.6685,19.6135],[80.7285,19.6125],[80.7925,19.5645],[80.835,19.567],[80.8845,19.525],[80.9,19.486],[80.875,19.448],[80.7955,19.4315],[80.834,19.353],[80.955,19.3175],[80.9755,19.252],[81.0005,19.2325],[81.075,19.237],[81.071,19.27],[81.1455,19.26],[81.2385,19.324],[81.305,19.337],[81.3685,19.322],[81.429,19.3835],[81.4695,19.383],[81.465,19.4715],[81.424,19.483],[81.4515,19.6155],[81.45,19.7235],[81.3665,19.733],[81.3515,19.7475],[81.3485,19.81],[81.394,19.8335],[81.346,19.8325],[81.302,19.799],[81.2445,19.806],[81.1925,19.78],[81.138,19.786],[81.155,19.7165],[81.1405,19.691],[81.086,19.692],[81.0375,19.7665],[80.99,19.766],[80.936,19.82],[80.914,19.881],[80.915,19.923],[80.8635,19.942],[80.8345,19.9055],[80.7605,19.8675],[80.7295,19.838],[80.767,19.8045],[80.7155,19.775],[80.726,19.6985],[80.673,19.692]]]},"properties":{"shapeName":"Narayanpur"}},
{"type":"Feature","geometry":{"type":"Polygon","coordinates":[[[81.196,21.515],[81.178,21.4155],[81.1945,21.386],[81.188,21.32],[81.164,21.288],[81.1615,21.217],[81.1995,21.22],[81.2165,21.172],[81.2065,21.103],[81.161,21.102],[81.1465,21.0775],[81.185,21.075],[81.2165,21.049],[81.3635,21.0325],[81.4235,21.003],[81.411,20.971],[81.412,20.8835],[81.3965,20.85],[81.4465,20.8425],[81.476,20.8655],[81.521,20.895],[81.547,20.931],[81.592,20.9425],[81.6245,20.99],[81.613,21.025],[81.581,21.0745],[81.5845,21.1245],[81.607,21.16],[81.6025,21.208],[81.5455,21.248],[81.535,21.303],[81.555,21.3355],[81.4935,21.3585],[81.451,21.4475],[81.468,21.5045],[81.383,21.5105],[81.334,21.498],[81.275,21.524],[81.196,21.515]]]},"properties":{"shapeName":"Durg"}},
{"type":"Feature","geometry":{"type":"Polygon","coordinates":[[[83.2545,23.2115],[83.218,23.225],[83.23,23.297],[83.2155,23.3135],[83.239,23.3975],[83.3125,23.363],[83.368,23.4525],[83.3415,23.4685],[83.362,23.5145],[83.259,23.5115],[83.2555,23.542],[83.2205,23.6105],[83.2125,23.7245],[83.1645,23.7055],[83.0795,23.7425],[83.05,23.787],[82.99,23.7995],[82.983,23.7685],[82.917,23.78],[82.855,23.8075],[82.8395,23.735],[82.8755,23.688],[83,23.6575],[83.018,23.6445],[83.0525,23.569],[82.9625,23.547],[82.9565,23.519],[82.8645,23.4735],[82.8055,23.516],[82.7895,23.4955],[82.7225,23.4645],[82.6515,23.474],[82.653,23.3845],[82.745,23.3585],[82.757,23.3385],[82.7575,23.2555],[82.728,23.2325],[82.7355,23.2085],[82.7855,23.1965],[82.831,23.0685],[82.8735,23.1055],[82.923,23.1115],[82.9725,23.0515],[83.0055,23.052],[83.0415,23.1115],[83.135,23.1105],[83.153,23.214],[83.2095,23.186],[83.2545,23.2115]]]},"properties":{"shapeName":"Surajpur"}},
{"type":"Feature","geometry":{"type":"Polygon","coordinates":[[[81.357,19.28],[81.3685,19.322],[81.305,19.337],[81.2385,19.324],[81.1455,19.26],[81.071,19.27],[81.075,19.237],[81.0005,19.2325],[80.9755,19.252],[80.955,19.3175],[80.834,19.353],[80.757,19.2915],[80.701,19.287],[80.687,19.3285],[80.6115,19.3165],[80.5915,19.3815],[80.567,19.402],[80.5145,19.348],[80.478,19.3335],[80.453,19.2745],[80.396,19.2475],[80.3885,19.185],[80.353,19.1675],[80.3285,19.129],[80.339,19.1055],[80.275,18.992],[80.278,18.9295],[80.333,18.875],[80.354,18.816],[80.302,18.7955],[80.2485,18.754],[80.275,18.723],[80.304,18.691],[80.3445,18.596],[80.365,18.6035],[80.3895,18.5995],[80.458,18.632],[80.5185,18.6215],[80.54,18.592],[80.609,18.551],[80.659,18.4785],[80.721,18.412],[80.731,18.368],[80.7925,18.25],[80.7415,18.2255],[80.743,18.1785],[80.806,18.173],[80.8565,18.2045],[80.8705,18.14],[80.9825,18.156],[81.025,18.193],[81.051,18.187],[81.111,18.23],[81.0725,18.2985],[81.082,18.3265],[81.056,18.3675],[81.0025,18.3725],[80.9365,18.4015],[80.9935,18.446],[81.0505,18.552],[81.099,18.569],[81.201,18.5605],[81.213,18.6065],[81.1675,18.6175],[81.1865,18.665],[81.17,18.705],[81.2015,18.7545],[81.19,18.8215],[81.207,18.8635],[81.208,18.955],[81.189,18.978],[81.196,19.052],[81.1935,19.1435],[81.212,19.175],[81.292,19.188],[81.353,19.15],[81.383,19.1815],[81.3605,19.2235],[81.357,19.28]]]},"properties":{"shapeName":"Bijapur"}},
{"type":"Feature","geometry":{"type":"Polygon","coordinates":[[[81.555,21.3355],[81.535,21.303],[81.5455,21.248],[81.6025,21.208],[81.607,21.16],[81.5845,21.1245],[81.581,21.0745],[81.613,21.025],[81.66,20.999],[81.7115,21.0175],[81.752,21.011],[81.784,20.971],[81.838,20.9405],[81.878,20.963],[81.996,21.1075],[82.016,21.1615],[82.02,21.22],[82.0685,21.2715],[82.1185,21.2915],[82.1665,21.328],[82.2055,21.384],[82.1225,21.368],[82.115,21.406],[82.0765,21.431],[82.007,21.4525],[81.927,21.489],[81.9155,21.5905],[81.7935,21.597],[81.753,21.612],[81.7395,21.5825],[81.6925,21.5935],[81.6445,21.5425],[81.632,21.507],[81.6325,21.417],[81.5965,21.3605],[81.555,21.3355]]]},"properties":{"shapeName":"Raipur"}},
{"type":"Feature","geometry":{"type":"Polygon","coordinates":[[[81.6925,21.5935],[81.7395,21.5825],[81.753,21.612],[81.7935,21.597],[81.9155,21.5905],[81.927,21.489],[82.007,21.4525],[82.0765,21.431],[82.115,21.406],[82.1225,21.368],[82.2055,21.384],[82.2415,21.4335],[82.277,21.401],[82.247,21.365],[82.261,21.3095],[82.301,21.2685],[82.3255,21.2915],[82.3945,21.266],[82.3975,21.289],[82.4655,21.3235],[82.5535,21.3195],[82.649,21.3485],[82.699,21.3305],[82.7045,21.3725],[82.69,21.481],[82.733,21.4905],[82.7725,21.52],[82.828,21.502],[82.838,21.5365],[82.876,21.551],[82.9345,21.495],[82.927,21.552],[82.9845,21.6425],[82.9775,21.669],[82.867,21.6495],[82.806,21.626],[82.705,21.66],[82.6425,21.6625],[82.618,21.6845],[82.5675,21.6565],[82.402,21.663],[82.3325,21.6685],[82.28,21.6895],[82.2065,21.746],[82.2015,21.7635],[82.093,21.7945],[82.027,21.778],[81.9635,21.764],[81.905,21.7835],[81.8495,21.758],[81.8075,21.771],[81.737,21.766],[81.6995,21.751],[81.7255,21.7115],[81.664,21.6465],[81.6995,21.618],[81.6925,21.5935]]]},"properties":{"shapeName":"Baloda Bazar"}},
{"type":"Feature","geometry":{"type":"Polygon","coordinates":[[[81.412,20.553],[81.4915,20.584],[81.514,20.6665],[81.494,20.714],[81.4865,20.778],[81.5195,20.8295],[81.476,20.8655],[81.4465,20.8425],[81.3965,20.85],[81.412,20.8835],[81.411,20.971],[81.4235,21.003],[81.3635,21.0325],[81.2165,21.049],[81.185,21.075],[81.1465,21.0775],[81.12,21.008],[81.0265,20.9935],[80.9875,21.0065],[80.9585,20.991],[80.966,20.9135],[80.9955,20.8865],[80.9525,20.8445],[80.938,20.781],[80.8705,20.788],[80.8225,20.7625],[80.814,20.696],[80.8825,20.6575],[80.989,20.6105],[80.994,20.577],[80.9535,20.547],[80.981,20.4485],[81.0005,20.459],[81.0505,20.4215],[81.077,20.4195],[81.1535,20.3785],[81.177,20.4045],[81.2255,20.418],[81.316,20.551],[81.385,20.533],[81.412,20.553]]]},"properties":{"shapeName":"Balod"}},
{"type":"Feature","geometry":{"type":"Polygon","coordinates":[[[81.607,23.883],[81.615,23.8345],[81.653,23.7975],[81.6975,23.719],[81.656,23.66],[81.621,23.6595],[81.61,23.594],[81.614,23.5075],[81.6555,23.5015],[81.701,23.522],[81.727,23.555],[81.811,23.547],[81.838,23.5085],[81.924,23.531],[81.9585,23.4945],[81.979,23.421],[82.034,23.4075],[82.06,23.3765],[82.1025,23.398],[82.2005,23.3115],[82.1505,23.225],[82.145,23.1645],[82.1585,23.1415],[82.1235,23.1035],[82.178,23.041],[82.18,22.971],[82.224,22.941],[82.2605,22.9385],[82.3315,22.967],[82.3725,22.9975],[82.451,22.967],[82.5675,22.973],[82.5755,22.943],[82.581,22.9865],[82.609,23.0085],[82.5715,23.07],[82.5845,23.13],[82.6395,23.142],[82.691,23.2285],[82.728,23.2325],[82.7575,23.2555],[82.757,23.3385],[82.745,23.3585],[82.653,23.3845],[82.6515,23.474],[82.642,23.4985],[82.5815,23.5425],[82.575,23.618],[82.6035,23.6665],[82.5935,23.695],[82.5385,23.76],[82.4995,23.783],[82.4775,23.807],[82.396,23.8005],[82.2395,23.8065],[82.2125,23.847],[82.182,23.8185],[82.053,23.8195],[82.0085,23.862],[81.908,23.8435],[81.825,23.8055],[81.775,23.814],[81.7105,23.862],[81.6695,23.924],[81.607,23.883]]]},"properties":{"shapeName":"Koriya"}},
{"type":"Feature","geometry":{"type":"Polygon","coordinates":[[[81.878,20.963],[81.838,20.9405],[81.784,20.971],[81.752,21.011],[81.7115,21.0175],[81.66,20.999],[81.613,21.025],[81.6245,20.99],[81.592,20.9425],[81.547,20.931],[81.521,20.895],[81.476,20.8655],[81.5195,20.8295],[81.4865,20.778],[81.494,20.714],[81.514,20.6665],[81.4915,20.584],[81.412,20.553],[81.431,20.517],[81.489,20.5145],[81.523,20.4935],[81.5455,20.515],[81.621,20.5155],[81.6955,20.483],[81.7375,20.4825],[81.7395,20.421],[81.7695,20.388],[81.7655,20.36],[81.7975,20.33],[81.7635,20.2885],[81.7895,20.2615],[81.817,20.1695],[81.848,20.164],[81.8505,20.1115],[81.8815,20.051],[81.9415,20.104],[82.0175,20.0495],[82.0425,20.0965],[82.103,20.105],[82.136,20.1475],[82.1355,20.187],[82.175,20.2595],[82.1085,20.29],[82.0805,20.3675],[82.083,20.413],[82.0565,20.4785],[82.0215,20.5295],[81.9975,20.64],[82.015,20.673],[81.9725,20.73],[81.938,20.739],[81.911,20.791],[81.924,20.8195],[81.8925,20.872],[81.878,20.963]]]},"properties":{"shapeName":"Dhamtari"}},
{"type":"Feature","geometry":{"type":"Polygon","coordinates":[[[82.472,22.2045],[82.531,22.241],[82.5785,22.2225],[82.594,22.259],[82.642,22.2415],[82.66,22.189],[82.6365,22.124],[82.673,22.0815],[82.7305,22.0865],[82.762,22.1195],[82.8715,22.172],[82.941,22.1225],[82.969,22.163],[83.0305,22.1695],[83.054,22.205],[83.038,22.2495],[83.111,22.365],[83.114,22.424],[83.089,22.474],[83.109,22.5115],[83.094,22.576],[83.1145,22.6775],[83.0605,22.667],[83.019,22.64],[82.946,22.6745],[82.868,22.7475],[82.835,22.7435],[82.778,22.77],[82.723,22.8305],[82.6585,22.8095],[82.5605,22.8445],[82.58,22.8945],[82.5755,22.943],[82.5675,22.973],[82.451,22.967],[82.3725,22.9975],[82.3315,22.967],[82.2605,22.9385],[82.224,22.941],[82.1595,22.8505],[82.1545,22.7395],[82.178,22.666],[82.244,22.656],[82.2355,22.5925],[82.2095,22.596],[82.1565,22.5425],[82.167,22.5305],[82.144,22.4575],[82.183,22.4075],[82.1405,22.3315],[82.2305,22.32],[82.256,22.3],[82.3085,22.296],[82.356,22.325],[82.42,22.283],[82.3975,22.2625],[82.472,22.2045]]]},"properties":{"shapeName":"Korba"}},
{"type":"Feature","geometry":{"type":"Polygon","coordinates":[[[83.1145,22.6775],[83.094,22.576],[83.109,22.5115],[83.089,22.474],[83.114,22.424],[83.111,22.365],[83.038,22.2495],[83.054,22.205],[83.0305,22.1695],[82.969,22.163],[82.941,22.1225],[83.015,22.0745],[83.0245,22.008],[83.008,21.964],[83.0935,21.973],[83.117,21.932],[83.152,21.912],[83.1835,21.923],[83.2195,21.8835],[83.184,21.8455],[83.24,21.7905],[83.291,21.6815],[83.23,21.6635],[83.1885,21.6685],[83.131,21.6955],[83.0525,21.6895],[83.0325,21.6705],[82.9775,21.669],[82.9845,21.6425],[82.927,21.552],[82.9345,21.495],[82.999,21.457],[83.0285,21.4545],[83.048,21.4035],[83.1095,21.404],[83.1225,21.37],[83.1605,21.347],[83.2215,21.383],[83.277,21.379],[83.3685,21.3485],[83.408,21.3505],[83.4095,21.385],[83.349,21.489],[83.373,21.553],[83.3755,21.6005],[83.4155,21.6375],[83.47,21.609],[83.49,21.643],[83.427,21.6785],[83.4635,21.6985],[83.491,21.745],[83.4985,21.812],[83.5385,21.835],[83.5805,21.833],[83.5785,21.875],[83.6075,21.914],[83.542,21.9665],[83.5555,22.0095],[83.5455,22.058],[83.6075,22.0685],[83.5645,22.1025],[83.613,22.1605],[83.653,22.227],[83.7075,22.2485],[83.7525,22.244],[83.8045,22.2925],[83.768,22.325],[83.741,22.379],[83.651,22.3955],[83.5775,22.472],[83.596,22.533],[83.4705,22.507],[83.4065,22.554],[83.4375,22.6725],[83.388,22.658],[83.401,22.732],[83.342,22.754],[83.2535,22.7695],[83.237,22.786],[83.1655,22.773],[83.155,22.7385],[83.122,22.728],[83.1145,22.6775]]]},"properties":{"shapeName":"Raigarh"}},
{"type":"Feature","geometry":{"type":"Polygon","coordinates":[[[84.2945,22.773],[84.327,22.8515],[84.3825,22.876],[84.396,22.941],[84.3775,22.977],[84.3385,22.981],[84.2855,22.963],[84.224,22.9785],[84.186,23.0245],[84.151,22.99],[84.1315,23.0335],[84.1385,23.069],[84.095,23.111],[84.043,23.1365],[84.041,23.1695],[84.0205,23.188],[83.949,23.1635],[83.8955,23.183],[83.8315,23.234],[83.75,23.238],[83.7225,23.2075],[83.6715,23.227],[83.626,23.217],[83.604,23.1815],[83.557,23.174],[83.5605,23.1335],[83.511,23.089],[83.551,23.0305],[83.5095,22.9565],[83.5795,22.873],[83.6485,22.823],[83.6525,22.7395],[83.6385,22.703],[83.6835,22.682],[83.6545,22.652],[83.5605,22.7005],[83.535,22.6815],[83.4375,22.6725],[83.4065,22.554],[83.4705,22.507],[83.596,22.533],[83.5775,22.472],[83.651,22.3955],[83.741,22.379],[83.768,22.325],[83.8045,22.2925],[83.868,22.3465],[84.008,22.3725],[84.047,22.4355],[84.0485,22.4665],[83.983,22.5045],[84.0095,22.5235],[84.012,22.572],[84.055,22.5965],[84.087,22.639],[84.1565,22.637],[84.239,22.691],[84.232,22.7375],[84.2945,22.773]]]},"properties":{"shapeName":"Jashpur"}},
{"type":"Feature","geometry":{"type":"Polygon","coordinates":[[[82.3495,20.874],[82.409,20.866],[82.423,20.8295],[82.485,20.8505],[82.4905,20.9035],[82.5605,20.9455],[82.6295,21.0405],[82.639,21.0905],[82.6435,21.153],[82.765,21.162],[82.7895,21.1445],[82.8475,21.167],[82.987,21.1615],[83.048,21.123],[83.127,21.105],[83.1975,21.1395],[83.2495,21.2805],[83.277,21.379],[83.2215,21.383],[83.1605,21.347],[83.1225,21.37],[83.1095,21.404],[83.048,21.4035],[83.0285,21.4545],[82.999,21.457],[82.9345,21.495],[82.876,21.551],[82.838,21.5365],[82.828,21.502],[82.7725,21.52],[82.733,21.4905],[82.69,21.481],[82.7045,21.3725],[82.699,21.3305],[82.649,21.3485],[82.5535,21.3195],[82.4655,21.3235],[82.3975,21.289],[82.3945,21.266],[82.3255,21.2915],[82.301,21.2685],[82.261,21.3095],[82.247,21.365],[82.277,21.401],[82.2415,21.4335],[82.2055,21.384],[82.1665,21.328],[82.1185,21.2915],[82.0685,21.2715],[82.02,21.22],[82.016,21.1615],[81.996,21.1075],[82.008,21.087],[82.1035,21.0285],[82.164,21.014],[82.1995,20.9415],[82.2275,20.9505],[82.2845,20.936],[82.2885,20.9135],[82.3495,20.874]]]},"properties":{"shapeName":"Mahasamund"}},
{"type":"Feature","geometry":{"type":"Polygon","coordinates":[[[82.402,21.663],[82.5675,21.6565],[82.618,21.6845],[82.6425,21.6625],[82.705,21.66],[82.806,21.626],[82.867,21.6495],[82.9775,21.669],[83.0325,21.6705],[83.0525,21.6895],[83.131,21.6955],[83.1885,21.6685],[83.23,21.6635],[83.291,21.6815],[83.24,21.7905],[83.184,21.8455],[83.2195,21.8835],[83.1835,21.923],[83.152,21.912],[83.117,21.932],[83.0935,21.973],[83.008,21.964],[83.0245,22.008],[83.015,22.0745],[82.941,22.1225],[82.8715,22.172],[82.762,22.1195],[82.7305,22.0865],[82.673,22.0815],[82.6365,22.124],[82.66,22.189],[82.642,22.2415],[82.594,22.259],[82.5785,22.2225],[82.531,22.241],[82.472,22.2045],[82.418,22.121],[82.3535,22.112],[82.3485,22.0805],[82.307,22.0465],[82.305,21.969],[82.2875,21.9195],[82.2865,21.864],[82.3125,21.7865],[82.365,21.731],[82.433,21.7015],[82.402,21.663]]]},"properties":{"shapeName":"Janjgir-Champa"}},
{"type":"Feature","geometry":{"type":"Polygon","coordinates":[[[80.6635,21.332],[80.68,21.3125],[80.646,21.256],[80.6105,21.2285],[80.5165,21.1845],[80.4645,21.174],[80.4405,21.0985],[80.4555,21.0535],[80.431,21.011],[80.4725,20.929],[80.545,20.9275],[80.563,20.8215],[80.5505,20.7935],[80.58,20.6765],[80.526,20.664],[80.492,20.6375],[80.507,20.589],[80.566,20.612],[80.6295,20.606],[80.614,20.515],[80.6105,20.436],[80.593,20.398],[80.624,20.3285],[80.549,20.3095],[80.518,20.2725],[80.4635,20.2715],[80.39,20.2445],[80.4205,20.1905],[80.401,20.147],[80.466,20.1475],[80.5475,20.113],[80.5855,20.176],[80.625,20.188],[80.668,20.2225],[80.6915,20.1915],[80.7295,20.203],[80.7305,20.2675],[80.8325,20.314],[80.863,20.389],[80.8865,20.386],[80.9245,20.4285],[80.981,20.4485],[80.9535,20.547],[80.994,20.577],[80.989,20.6105],[80.8825,20.6575],[80.814,20.696],[80.8225,20.7625],[80.8705,20.788],[80.938,20.781],[80.9525,20.8445],[80.9955,20.8865],[80.966,20.9135],[80.9585,20.991],[80.9875,21.0065],[81.0265,20.9935],[81.12,21.008],[81.1465,21.0775],[81.161,21.102],[81.2065,21.103],[81.2165,21.172],[81.1995,21.22],[81.1615,21.217],[81.164,21.288],[81.188,21.32],[81.1945,21.386],[81.178,21.4155],[81.196,21.515],[81.1425,21.5575],[81.1775,21.5975],[81.1765,21.7035],[81.102,21.732],[81.0005,21.7255],[80.954,21.7655],[80.927,21.824],[80.8455,21.8305],[80.8175,21.754],[80.749,21.753],[80.7145,21.672],[80.7165,21.6045],[80.738,21.5395],[80.728,21.447],[80.706,21.431],[80.6915,21.3735],[80.6635,21.332]]]},"properties":{"shapeName":"Rajnandgaon"}},
{"type":"Feature","geometry":{"type":"Polygon","coordinates":[[[78.8655,29.355],[78.937,29.346],[78.9865,29.3135],[79.0245,29.321],[79.0575,29.269],[79.096,29.2825],[79.2845,29.2445],[79.254,29.2045],[79.2815,29.1665],[79.422,29.059],[79.5795,29.057],[79.6305,29.0475],[79.653,29.0725],[79.712,29.0275],[79.8,29.019],[79.8255,28.9895],[79.973,29.049],[79.9565,29.065],[79.968,29.1215],[79.899,29.1315],[79.8805,29.165],[79.929,29.2105],[79.909,29.2465],[79.8415,29.269],[79.895,29.362],[79.8355,29.4015],[79.85,29.4285],[79.734,29.451],[79.689,29.476],[79.682,29.5245],[79.617,29.553],[79.4875,29.494],[79.3885,29.576],[79.334,29.6095],[79.254,29.5515],[79.2285,29.5205],[79.149,29.5365],[79.0815,29.5785],[79.039,29.582],[79.0115,29.5825],[78.9725,29.5355],[78.954,29.4605],[78.923,29.431],[78.9205,29.3995],[78.8655,29.355]]]},"properties":{"shapeName":"Nainital"}},
{"type":"Feature","geometry":{"type":"Polygon","coordinates":[[[77.5805,30.395],[77.65,30.401],[77.6925,30.372],[77.7235,30.3265],[77.849,30.2675],[77.9635,30.239],[78.071,30.0725],[78.0715,30.0395],[78.151,29.964],[78.2045,29.962],[78.2295,30.0135],[78.283,30.057],[78.312,30.1115],[78.2575,30.135],[78.2355,30.1815],[78.302,30.2425],[78.216,30.305],[78.172,30.3025],[78.1355,30.34],[78.17,30.3805],[78.2275,30.4025],[78.2035,30.4415],[78.1245,30.4655],[78.062,30.4725],[77.986,30.4655],[77.939,30.5075],[78.0125,30.5765],[78.015,30.613],[78.0635,30.662],[78.0815,30.737],[78.026,30.786],[77.9765,30.886],[78.0215,30.92],[77.971,30.9735],[77.8725,30.941],[77.844,30.991],[77.809,30.9545],[77.751,30.948],[77.8035,30.89],[77.758,30.869],[77.763,30.8225],[77.709,30.7595],[77.758,30.7035],[77.788,30.6215],[77.7445,30.592],[77.7755,30.5545],[77.82,30.5575],[77.821,30.505],[77.789,30.4975],[77.6925,30.4445],[77.5955,30.4235],[77.5805,30.395]]]},"properties":{"shapeName":"Dehradun"}},
{"type":"Feature","geometry":{"type":"Polygon","coordinates":[[[79.85,29.4285],[79.8895,29.4805],[79.952,29.473],[80.003,29.481],[80.0805,29.518],[80.0125,29.548],[79.954,29.679],[79.896,29.7095],[79.8395,29.713],[79.804,29.6725],[79.7665,29.676],[79.6985,29.7625],[79.681,29.826],[79.6025,29.8325],[79.513,29.8615],[79.504,29.9385],[79.474,29.9755],[79.3765,29.923],[79.288,29.934],[79.227,29.9755],[79.1935,29.9385],[79.0695,29.859],[79.1135,29.828],[79.1295,29.7805],[79.111,29.73],[79.1115,29.6725],[79.039,29.582],[79.0815,29.5785],[79.149,29.5365],[79.2285,29.5205],[79.254,29.5515],[79.334,29.6095],[79.3885,29.576],[79.4875,29.494],[79.617,29.553],[79.682,29.5245],[79.689,29.476],[79.734,29.451],[79.85,29.4285]]]},"properties":{"shapeName":"Almora"}},
{"type":"Feature","geometry":{"type":"Polygon","coordinates":[[[79.973,29.049],[80.0225,29.077],[80.0505,29.022],[80.053,28.9795],[80.077,28.945],[80.127,29.006],[80.1445,29.103],[80.1835,29.1365],[80.2325,29.117],[80.274,29.145],[80.263,29.2055],[80.298,29.2055],[80.305,29.285],[80.3185,29.302],[80.2425,29.4115],[80.2435,29.4415],[80.1695,29.461],[80.1055,29.5205],[80.0805,29.518],[80.003,29.481],[79.952,29.473],[79.8895,29.4805],[79.85,29.4285],[79.8355,29.4015],[79.895,29.362],[79.8415,29.269],[79.909,29.2465],[79.929,29.2105],[79.8805,29.165],[79.899,29.1315],[79.968,29.1215],[79.9565,29.065],[79.973,29.049]]]},"properties":{"shapeName":"Champawat"}},
{"type":"Feature","geometry":{"type":"Polygon","coordinates":[[[78.3135,31.2795],[78.2435,31.2255],[78.161,31.2215],[78.105,31.1815],[78.0435,31.175],[78.022,31.147],[77.97,31.169],[77.912,31.1505],[77.818,31.047],[77.844,30.991],[77.8725,30.941],[77.971,30.9735],[78.0215,30.92],[77.9765,30.886],[78.026,30.786],[78.0815,30.737],[78.0635,30.662],[78.015,30.613],[78.042,30.5975],[78.0795,30.627],[78.127,30.637],[78.1655,30.6225],[78.1665,30.5845],[78.2075,30.574],[78.2505,30.6075],[78.2985,30.5905],[78.3625,30.5185],[78.425,30.49],[78.441,30.5495],[78.4315,30.5955],[78.4765,30.6245],[78.515,30.5915],[78.5,30.5275],[78.549,30.5295],[78.5515,30.57],[78.5995,30.627],[78.592,30.685],[78.73,30.7265],[78.754,30.707],[78.8495,30.734],[78.8645,30.813],[78.852,30.8435],[78.875,30.872],[78.927,30.8745],[78.948,30.85],[78.997,30.8575],[79.033,30.806],[79.21,30.734],[79.277,30.72],[79.2915,30.7465],[79.2255,30.814],[79.263,30.867],[79.285,30.936],[79.3285,30.9805],[79.3105,31.01],[79.3695,31.036],[79.4195,31.0805],[79.4165,31.103],[79.331,31.129],[79.312,31.1505],[79.3025,31.216],[79.2245,31.2595],[79.2145,31.346],[79.1695,31.357],[79.1705,31.3925],[79.1415,31.4295],[79.098,31.448],[79.018,31.42],[79.018,31.344],[78.965,31.3225],[78.9225,31.2535],[78.923,31.221],[78.985,31.172],[78.999,31.106],[78.8915,31.093],[78.832,31.137],[78.7985,31.193],[78.7495,31.184],[78.5885,31.2185],[78.501,31.1945],[78.4385,31.2505],[78.372,31.2825],[78.3135,31.2795]]]},"properties":{"shapeName":"Uttarkashi"}},
{"type":"Feature","geometry":{"type":"Polygon","coordinates":[[[79.039,29.582],[79.1115,29.6725],[79.111,29.73],[79.1295,29.7805],[79.1135,29.828],[79.0695,29.859],[79.1935,29.9385],[79.227,29.9755],[79.2195,30.0195],[79.191,30.034],[79.1955,30.08],[79.1365,30.1145],[79.141,30.163],[79.0775,30.2165],[78.992,30.1835],[78.9075,30.165],[78.893,30.1855],[78.899,30.247],[78.82,30.237],[78.7495,30.21],[78.7015,30.2325],[78.645,30.2],[78.565,30.0655],[78.4535,30.0655],[78.441,30.108],[78.3935,30.1315],[78.3445,30.131],[78.312,30.1115],[78.283,30.057],[78.2295,30.0135],[78.2045,29.962],[78.3165,29.8615],[78.3435,29.789],[78.519,29.717],[78.523,29.655],[78.5425,29.623],[78.6215,29.554],[78.707,29.498],[78.744,29.498],[78.8125,29.4625],[78.923,29.431],[78.954,29.4605],[78.9725,29.5355],[79.0115,29.5825],[79.039,29.582]]]},"properties":{"shapeName":"Garhwal"}},
{"type":"Feature","geometry":{"type":"Polygon","coordinates":[[[77.9635,30.239],[77.9205,30.2075],[77.912,30.176],[77.836,30.086],[77.798,30.0765],[77.79,30.0215],[77.7495,29.977],[77.717,29.881],[77.783,29.7615],[77.7715,29.714],[77.812,29.698],[77.8245,29.668],[77.8845,29.6985],[77.9435,29.708],[77.987,29.657],[77.998,29.5925],[78.022,29.5555],[78.049,29.599],[78.0835,29.603],[78.146,29.67],[78.1965,29.6815],[78.2175,29.7375],[78.2635,29.734],[78.3435,29.789],[78.3165,29.8615],[78.2045,29.962],[78.151,29.964],[78.0715,30.0395],[78.071,30.0725],[77.9635,30.239]]]},"properties":{"shapeName":"Hardwar"}},
{"type":"Feature","geometry":{"type":"Polygon","coordinates":[[[79.033,30.806],[79.03,30.7625],[78.9945,30.728],[78.9545,30.7295],[78.913,30.6865],[78.9125,30.626],[78.861,30.548],[78.8715,30.5145],[78.834,30.4805],[78.853,30.4525],[78.8375,30.3535],[78.8765,30.35],[78.86,30.297],[78.899,30.247],[78.893,30.1855],[78.9075,30.165],[78.992,30.1835],[79.0775,30.2165],[79.08,30.265],[79.1145,30.3845],[79.1675,30.3845],[79.1675,30.437],[79.2285,30.495],[79.248,30.5555],[79.297,30.557],[79.341,30.593],[79.3575,30.6395],[79.309,30.6705],[79.277,30.72],[79.21,30.734],[79.033,30.806]]]},"properties":{"shapeName":"Rudraprayag"}},
{"type":"Feature","geometry":{"type":"Polygon","coordinates":[[[78.312,30.1115],[78.3445,30.131],[78.3935,30.1315],[78.441,30.108],[78.4535,30.0655],[78.565,30.0655],[78.645,30.2],[78.7015,30.2325],[78.7495,30.21],[78.82,30.237],[78.899,30.247],[78.86,30.297],[78.8765,30.35],[78.8375,30.3535],[78.853,30.4525],[78.834,30.4805],[78.8715,30.5145],[78.861,30.548],[78.9125,30.626],[78.913,30.6865],[78.9545,30.7295],[78.9945,30.728],[79.03,30.7625],[79.033,30.806],[78.997,30.8575],[78.948,30.85],[78.927,30.8745],[78.875,30.872],[78.852,30.8435],[78.8645,30.813],[78.8495,30.734],[78.754,30.707],[78.73,30.7265],[78.592,30.685],[78.5995,30.627],[78.5515,30.57],[78.549,30.5295],[78.5,30.5275],[78.515,30.5915],[78.4765,30.6245],[78.4315,30.5955],[78.441,30.5495],[78.425,30.49],[78.3625,30.5185],[78.2985,30.5905],[78.2505,30.6075],[78.2075,30.574],[78.1665,30.5845],[78.1655,30.6225],[78.127,30.637],[78.0795,30.627],[78.042,30.5975],[78.015,30.613],[78.0125,30.5765],[77.939,30.5075],[77.986,30.4655],[78.062,30.4725],[78.1245,30.4655],[78.2035,30.4415],[78.2275,30.4025],[78.17,30.3805],[78.1355,30.34],[78.172,30.3025],[78.216,30.305],[78.302,30.2425],[78.2355,30.1815],[78.2575,30.135],[78.312,30.1115]]]},"properties":{"shapeName":"Tehri Garhwal"}},
{"type":"Feature","geometry":{"type":"Polygon","coordinates":[[[79.896,29.7095],[79.8675,29.7365],[79.896,29.7905],[79.9775,29.756],[80.031,29.783],[79.9975,29.8335],[80.014,29.903],[80.106,29.8895],[80.1555,29.8945],[80.1575,29.9255],[80.0785,29.984],[80.072,30.024],[80.084,30.108],[80.1055,30.1445],[80.118,30.2235],[80.078,30.2365],[80.07,30.2775],[80.0265,30.3105],[79.989,30.313],[79.8745,30.267],[79.8015,30.2805],[79.8225,30.2215],[79.8025,30.2075],[79.767,30.1385],[79.792,30.073],[79.8295,30.0545],[79.8135,30.0175],[79.723,29.998],[79.614,30.0165],[79.55,29.9925],[79.4865,30.0195],[79.474,29.9755],[79.504,29.9385],[79.513,29.8615],[79.6025,29.8325],[79.681,29.826],[79.6985,29.7625],[79.7665,29.676],[79.804,29.6725],[79.8395,29.713],[79.896,29.7095]]]},"properties":{"shapeName":"Bageshwar"}},
{"type":"Feature","geometry":{"type":"Polygon","coordinates":[[[80.0805,29.518],[80.1055,29.5205],[80.1695,29.461],[80.2435,29.4415],[80.3035,29.455],[80.3,29.4905],[80.3415,29.51],[80.408,29.5955],[80.4165,29.651],[80.3845,29.6745],[80.368,29.7505],[80.407,29.7945],[80.464,29.8025],[80.5525,29.8505],[80.5955,29.953],[80.674,29.957],[80.738,29.9995],[80.8055,30.0895],[80.8775,30.1285],[80.8715,30.161],[80.91,30.2235],[80.94,30.18],[81.0285,30.1955],[81.0225,30.246],[80.834,30.3095],[80.7085,30.4135],[80.607,30.467],[80.5415,30.445],[80.4995,30.484],[80.4195,30.5135],[80.3475,30.517],[80.3175,30.5615],[80.2565,30.5615],[80.211,30.585],[80.222,30.6395],[80.195,30.6635],[80.2515,30.7165],[80.2405,30.759],[80.2025,30.761],[80.182,30.806],[80.102,30.79],[80.105,30.7265],[80.027,30.7285],[79.986,30.686],[80.0335,30.634],[80.025,30.5835],[79.9985,30.5335],[80.039,30.441],[80.0395,30.401],[79.989,30.313],[80.0265,30.3105],[80.07,30.2775],[80.078,30.2365],[80.118,30.2235],[80.1055,30.1445],[80.084,30.108],[80.072,30.024],[80.0785,29.984],[80.1575,29.9255],[80.1555,29.8945],[80.106,29.8895],[80.014,29.903],[79.9975,29.8335],[80.031,29.783],[79.9775,29.756],[79.896,29.7905],[79.8675,29.7365],[79.896,29.7095],[79.954,29.679],[80.0125,29.548],[80.0805,29.518]]]},"properties":{"shapeName":"Pithoragarh"}},
{"type":"Feature","geometry":{"type":"Polygon","coordinates":[[[79.474,29.9755],[79.4865,30.0195],[79.55,29.9925],[79.614,30.0165],[79.723,29.998],[79.8135,30.0175],[79.8295,30.0545],[79.792,30.073],[79.767,30.1385],[79.8025,30.2075],[79.8225,30.2215],[79.8015,30.2805],[79.8745,30.267],[79.989,30.313],[80.0395,30.401],[80.039,30.441],[79.9985,30.5335],[80.025,30.5835],[80.0335,30.634],[79.986,30.686],[80.027,30.7285],[80.105,30.7265],[80.102,30.79],[80.011,30.8705],[79.932,30.8775],[79.8905,30.914],[79.877,30.963],[79.7785,30.9825],[79.6675,30.9645],[79.603,30.937],[79.5555,30.9535],[79.511,31.0115],[79.4745,31.031],[79.4295,31.0195],[79.4195,31.0805],[79.3695,31.036],[79.3105,31.01],[79.3285,30.9805],[79.285,30.936],[79.263,30.867],[79.2255,30.814],[79.2915,30.7465],[79.277,30.72],[79.309,30.6705],[79.3575,30.6395],[79.341,30.593],[79.297,30.557],[79.248,30.5555],[79.2285,30.495],[79.1675,30.437],[79.1675,30.3845],[79.1145,30.3845],[79.08,30.265],[79.0775,30.2165],[79.141,30.163],[79.1365,30.1145],[79.1955,30.08],[79.191,30.034],[79.2195,30.0195],[79.227,29.9755],[79.288,29.934],[79.3765,29.923],[79.474,29.9755]]]},"properties":{"shapeName":"Chamoli"}},
{"type":"Feature","geometry":{"type":"Polygon","coordinates":[[[78.8655,29.355],[78.813,29.33],[78.776,29.342],[78.7315,29.3085],[78.778,29.28],[78.813,29.244],[78.849,29.2465],[78.901,29.205],[78.944,29.1345],[79.0115,29.1245],[79.0465,29.173],[79.164,29.1215],[79.155,29.0695],[79.1835,29.0165],[79.2215,29.031],[79.3165,28.971],[79.417,28.9565],[79.4375,28.924],[79.4345,28.872],[79.541,28.874],[79.564,28.9035],[79.633,28.8595],[79.7105,28.8475],[79.802,28.883],[79.8475,28.87],[79.92,28.7785],[79.941,28.72],[80.0005,28.711],[80.0455,28.7555],[80.038,28.7935],[80.071,28.8295],[80.0585,28.9165],[80.077,28.945],[80.053,28.9795],[80.0505,29.022],[80.0225,29.077],[79.973,29.049],[79.8255,28.9895],[79.8,29.019],[79.712,29.0275],[79.653,29.0725],[79.6305,29.0475],[79.5795,29.057],[79.422,29.059],[79.2815,29.1665],[79.254,29.2045],[79.2845,29.2445],[79.096,29.2825],[79.0575,29.269],[79.0245,29.321],[78.9865,29.3135],[78.937,29.346],[78.8655,29.355]]]},"properties":{"shapeName":"Udham Singh Nagar"}},
{"type":"Feature","geometry":{"type":"Polygon","coordinates":[[[75.5445,11.7055],[75.5965,11.7125],[75.6845,11.775],[75.693,11.7995],[75.751,11.783],[75.774,11.8025],[75.8105,11.8565],[75.9195,11.845],[75.938,11.8905],[75.94,11.939],[75.883,11.948],[75.83,11.991],[75.8035,12.0395],[75.801,12.081],[75.722,12.069],[75.689,12.109],[75.653,12.112],[75.6395,12.149],[75.581,12.157],[75.487,12.2925],[75.416,12.293],[75.348,12.2685],[75.2885,12.2615],[75.291,12.234],[75.2395,12.2185],[75.2045,12.1915],[75.1945,12.102],[75.165,12.089],[75.2035,12.005],[75.243,12.014],[75.367,11.851],[75.3835,11.857],[75.53,11.702],[75.5445,11.7055]],[[75.5405,11.76],[75.548,11.7155],[75.529,11.716],[75.541,11.735],[75.5405,11.76]]]},"properties":{"shapeName":"Kannur"}},
{"type":"Feature","geometry":{"type":"Polygon","coordinates":[[[77.209,9.072],[77.2135,9.0985],[77.2695,9.153],[77.268,9.2005],[77.285,9.2725],[77.23,9.2975],[77.2495,9.377],[77.2085,9.45],[77.1565,9.4705],[77.069,9.4535],[77.0545,9.418],[76.971,9.465],[76.927,9.4155],[76.8625,9.453],[76.796,9.454],[76.746,9.4735],[76.7095,9.4585],[76.6775,9.485],[76.6045,9.4575],[76.5805,9.422],[76.515,9.4005],[76.502,9.325],[76.553,9.348],[76.6435,9.341],[76.676,9.2875],[76.649,9.207],[76.678,9.1935],[76.664,9.15],[76.6365,9.142],[76.6945,9.092],[76.759,9.074],[76.7895,9.1135],[76.843,9.092],[76.8775,9.131],[76.961,9.1535],[77.011,9.14],[77.132,9.088],[77.209,9.072]]]},"properties":{"shapeName":"Pathanamthitta"}},
{"type":"Feature","geometry":{"type":"Polygon","coordinates":[[[76.515,9.4005],[76.499,9.4525],[76.5115,9.5015],[76.481,9.506],[76.467,9.562],[76.394,9.548],[76.4045,9.686],[76.378,9.6965],[76.374,9.837],[76.354,9.8845],[76.2945,9.8915],[76.277,9.79],[76.295,9.6225],[76.328,9.4485],[76.3525,9.378],[76.468,9.1255],[76.544,9.1425],[76.57,9.112],[76.6365,9.142],[76.664,9.15],[76.678,9.1935],[76.649,9.207],[76.676,9.2875],[76.6435,9.341],[76.553,9.348],[76.502,9.325],[76.515,9.4005]]]},"properties":{"shapeName":"Alappuzha"}},
{"type":"Feature","geometry":{"type":"Polygon","coordinates":[[[76.374,9.837],[76.429,9.8245],[76.46,9.8485],[76.516,9.8485],[76.563,9.8205],[76.5815,9.843],[76.6305,9.856],[76.631,9.9135],[76.6735,9.9185],[76.716,9.943],[76.7135,9.9795],[76.746,9.991],[76.785,10.036],[76.8255,10.014],[76.8265,10.0895],[76.8685,10.0945],[76.9285,10.179],[76.977,10.1605],[77.025,10.1785],[77.056,10.211],[77.0535,10.2615],[76.9955,10.2295],[76.9055,10.2525],[76.8375,10.2835],[76.6975,10.2645],[76.6635,10.2805],[76.623,10.274],[76.5785,10.303],[76.556,10.283],[76.439,10.2945],[76.381,10.245],[76.341,10.231],[76.3135,10.1845],[76.2755,10.175],[76.261,10.202],[76.2215,10.207],[76.1635,10.179],[76.182,10.1305],[76.226,9.9725],[76.2605,9.882],[76.277,9.79],[76.2945,9.8915],[76.354,9.8845],[76.374,9.837]]]},"properties":{"shapeName":"Ernakulam"}},
{"type":"Feature","geometry":{"type":"Polygon","coordinates":[[[76.6365,9.142],[76.57,9.112],[76.544,9.1425],[76.468,9.1255],[76.5195,9.0095],[76.547,8.9025],[76.6185,8.851],[76.6675,8.781],[76.724,8.8035],[76.7915,8.8145],[76.8255,8.845],[76.853,8.8165],[76.9005,8.81],[76.9365,8.7605],[77.0265,8.7755],[77.01,8.812],[77.052,8.8465],[77.109,8.8305],[77.2015,8.771],[77.2335,8.7855],[77.2655,8.842],[77.2585,8.878],[77.2245,8.903],[77.1985,8.957],[77.15,9.0215],[77.209,9.072],[77.132,9.088],[77.011,9.14],[76.961,9.1535],[76.8775,9.131],[76.843,9.092],[76.7895,9.1135],[76.759,9.074],[76.6945,9.092],[76.6365,9.142]]]},"properties":{"shapeName":"Kollam"}},
{"type":"Feature","geometry":{"type":"Polygon","coordinates":[[[75.416,12.293],[75.4245,12.373],[75.3685,12.413],[75.4275,12.4725],[75.4175,12.503],[75.373,12.4895],[75.3075,12.5025],[75.273,12.5595],[75.304,12.605],[75.279,12.6175],[75.2405,12.57],[75.216,12.579],[75.2035,12.631],[75.1565,12.6255],[75.163,12.6695],[75.114,12.6815],[75.049,12.6675],[75.0505,12.72],[75.004,12.719],[75.001,12.789],[74.9545,12.7845],[74.868,12.75],[74.9815,12.4835],[75.0405,12.387],[75.073,12.3175],[75.165,12.089],[75.1945,12.102],[75.2045,12.1915],[75.2395,12.2185],[75.291,12.234],[75.2885,12.2615],[75.348,12.2685],[75.416,12.293]]]},"properties":{"shapeName":"Kasaragod"}},
{"type":"Feature","geometry":{"type":"Polygon","coordinates":[[[77.285,9.2725],[77.284,9.301],[77.338,9.3615],[77.341,9.4185],[77.3895,9.456],[77.4135,9.507],[77.4035,9.5275],[77.3875,9.5195],[77.321,9.6035],[77.2775,9.577],[77.239,9.583],[77.202,9.616],[77.1815,9.6585],[77.224,9.732],[77.2395,9.8535],[77.2145,9.876],[77.2375,9.933],[77.277,9.974],[77.264,10.026],[77.203,10.106],[77.2455,10.1305],[77.2685,10.122],[77.2895,10.231],[77.229,10.316],[77.2365,10.3505],[77.177,10.3565],[77.0955,10.3095],[77.0535,10.2615],[77.056,10.211],[77.025,10.1785],[76.977,10.1605],[76.9285,10.179],[76.8685,10.0945],[76.8265,10.0895],[76.8255,10.014],[76.785,10.036],[76.746,9.991],[76.7135,9.9795],[76.716,9.943],[76.6735,9.9185],[76.631,9.9135],[76.6305,9.856],[76.744,9.8045],[76.807,9.7915],[76.8615,9.7295],[76.8895,9.7175],[76.9285,9.653],[76.8905,9.609],[76.8895,9.5465],[76.971,9.465],[77.0545,9.418],[77.069,9.4535],[77.1565,9.4705],[77.2085,9.45],[77.2495,9.377],[77.23,9.2975],[77.285,9.2725]]]},"properties":{"shapeName":"Idukki"}},
{"type":"Feature","geometry":{"type":"Polygon","coordinates":[[[75.5365,11.6925],[75.5645,11.633],[75.6175,11.4875],[75.6805,11.451],[75.7155,11.3925],[75.8,11.171],[75.826,11.1225],[75.861,11.166],[75.887,11.17],[75.8945,11.214],[75.9285,11.246],[76.0155,11.2675],[76.047,11.2645],[76.0705,11.294],[76.116,11.315],[76.094,11.3515],[76.101,11.3955],[76.148,11.4285],[76.1445,11.4515],[76.002,11.526],[75.9595,11.575],[75.9,11.622],[75.902,11.699],[75.852,11.703],[75.79,11.765],[75.774,11.8025],[75.751,11.783],[75.693,11.7995],[75.6845,11.775],[75.5965,11.7125],[75.5445,11.7055],[75.5365,11.6925]]]},"properties":{"shapeName":"Kozhikode"}},
{"type":"Feature","geometry":{"type":"Polygon","coordinates":[[[76.971,9.465],[76.8895,9.5465],[76.8905,9.609],[76.9285,9.653],[76.8895,9.7175],[76.8615,9.7295],[76.807,9.7915],[76.744,9.8045],[76.6305,9.856],[76.5815,9.843],[76.563,9.8205],[76.516,9.8485],[76.46,9.8485],[76.429,9.8245],[76.374,9.837],[76.378,9.6965],[76.4045,9.686],[76.394,9.548],[76.467,9.562],[76.481,9.506],[76.5115,9.5015],[76.499,9.4525],[76.515,9.4005],[76.5805,9.422],[76.6045,9.4575],[76.6775,9.485],[76.7095,9.4585],[76.746,9.4735],[76.796,9.454],[76.8625,9.453],[76.927,9.4155],[76.971,9.465]]]},"properties":{"shapeName":"Kottayam"}},
{"type":"Feature","geometry":{"type":"Polygon","coordinates":[[[76.9055,10.2525],[76.833,10.3045],[76.8395,10.3375],[76.753,10.3385],[76.716,10.3735],[76.6295,10.384],[76.59,10.4355],[76.5385,10.4485],[76.492,10.4785],[76.4335,10.5375],[76.4145,10.5955],[76.419,10.6315],[76.4535,10.6755],[76.479,10.735],[76.47,10.7525],[76.3605,10.745],[76.2085,10.7785],[76.205,10.752],[76.163,10.7065],[76.07,10.7305],[76.0535,10.7075],[75.9565,10.6855],[76.0335,10.5155],[76.0665,10.4565],[76.1215,10.3155],[76.1635,10.179],[76.2215,10.207],[76.261,10.202],[76.2755,10.175],[76.3135,10.1845],[76.341,10.231],[76.381,10.245],[76.439,10.2945],[76.556,10.283],[76.5785,10.303],[76.623,10.274],[76.6635,10.2805],[76.6975,10.2645],[76.8375,10.2835],[76.9055,10.2525]]]},"properties":{"shapeName":"Thrissur"}},
{"type":"Feature","geometry":{"type":"Polygon","coordinates":[[[76.8395,10.3375],[76.8525,10.369],[76.82,10.424],[76.8305,10.448],[76.842,10.5945],[76.8175,10.6355],[76.885,10.639],[76.8875,10.716],[76.91,10.7805],[76.872,10.809],[76.8295,10.871],[76.7845,10.891],[76.744,10.89],[76.6585,10.938],[76.7015,11.0265],[76.7455,11.073],[76.7515,11.119],[76.6965,11.1665],[76.737,11.2155],[76.7075,11.2405],[76.6335,11.1945],[76.6035,11.206],[76.5315,11.199],[76.516,11.2105],[76.4475,11.203],[76.4165,11.211],[76.4085,11.118],[76.3335,11.0725],[76.319,11.029],[76.322,10.9515],[76.337,10.906],[76.2685,10.9155],[76.2545,10.886],[76.162,10.9115],[76.104,10.8685],[76.1045,10.847],[76.031,10.8265],[76.0415,10.7565],[76.07,10.7305],[76.163,10.7065],[76.205,10.752],[76.2085,10.7785],[76.3605,10.745],[76.47,10.7525],[76.479,10.735],[76.4535,10.6755],[76.419,10.6315],[76.4145,10.5955],[76.4335,10.5375],[76.492,10.4785],[76.5385,10.4485],[76.59,10.4355],[76.6295,10.384],[76.716,10.3735],[76.753,10.3385],[76.8395,10.3375]]]},"properties":{"shapeName":"Palakkad"}},
{"type":"Feature","geometry":{"type":"Polygon","coordinates":[[[76.6675,8.781],[76.6995,8.7345],[76.883,8.5065],[76.9595,8.422],[76.9695,8.39],[77.0965,8.2905],[77.142,8.332],[77.1695,8.331],[77.1735,8.387],[77.2085,8.444],[77.2105,8.4975],[77.267,8.511],[77.285,8.5475],[77.271,8.581],[77.2175,8.651],[77.186,8.7175],[77.2015,8.771],[77.109,8.8305],[77.052,8.8465],[77.01,8.812],[77.0265,8.7755],[76.9365,8.7605],[76.9005,8.81],[76.853,8.8165],[76.8255,8.845],[76.7915,8.8145],[76.724,8.8035],[76.6675,8.781]]]},"properties":{"shapeName":"Thiruvananthapuram"}},
{"type":"Feature","geometry":{"type":"Polygon","coordinates":[[[75.826,11.1225],[75.843,11.0745],[75.9105,10.786],[75.9565,10.6855],[76.0535,10.7075],[76.07,10.7305],[76.0415,10.7565],[76.031,10.8265],[76.1045,10.847],[76.104,10.8685],[76.162,10.9115],[76.2545,10.886],[76.2685,10.9155],[76.337,10.906],[76.322,10.9515],[76.319,11.029],[76.3335,11.0725],[76.4085,11.118],[76.4165,11.211],[76.4475,11.203],[76.456,11.239],[76.5235,11.2705],[76.5505,11.3355],[76.548,11.36],[76.4575,11.39],[76.3705,11.456],[76.3295,11.453],[76.2665,11.481],[76.2415,11.5265],[76.201,11.5065],[76.1445,11.4515],[76.148,11.4285],[76.101,11.3955],[76.094,11.3515],[76.116,11.315],[76.0705,11.294],[76.047,11.2645],[76.0155,11.2675],[75.9285,11.246],[75.8945,11.214],[75.887,11.17],[75.861,11.166],[75.826,11.1225]]]},"properties":{"shapeName":"Malappuram"}},
{"type":"Feature","geometry":{"type":"Polygon","coordinates":[[[75.774,11.8025],[75.79,11.765],[75.852,11.703],[75.902,11.699],[75.9,11.622],[75.9595,11.575],[76.002,11.526],[76.1445,11.4515],[76.201,11.5065],[76.2415,11.5265],[76.234,11.5725],[76.279,11.601],[76.3065,11.5725],[76.3795,11.6015],[76.3885,11.6305],[76.43,11.6335],[76.432,11.6675],[76.417,11.676],[76.3685,11.6905],[76.308,11.7465],[76.2565,11.7585],[76.1915,11.8715],[76.115,11.8585],[76.115,11.978],[76.036,11.94],[75.94,11.939],[75.938,11.8905],[75.9195,11.845],[75.8105,11.8565],[75.774,11.8025]]]},"properties":{"shapeName":"Wayanad"}},
{"type":"Feature","geometry":{"type":"MultiPolygon","coordinates":[[[[72.1,11.2155],[72.04,11.175],[71.9925,11.176],[72.0245,11.1115],[72.068,11.1165],[72.093,11.1525],[72.1,11.2155]]],[[[71.9015,12.2885],[71.9235,12.3485],[71.919,12.386],[71.885,12.3925],[71.9015,12.2885]]]]},"properties":{"shapeName":"Lakshadweep"}},
{"type":"Feature","geometry":{"type":"Polygon","coordinates":[[[88.8125,27.414],[88.79,27.4555],[88.7955,27.526],[88.774,27.5665],[88.8125,27.603],[88.8135,27.632],[88.8535,27.6685],[88.8695,27.739],[88.8615,27.8165],[88.888,27.839],[88.8885,27.8925],[88.8435,27.932],[88.8485,27.991],[88.7585,28.073],[88.6745,28.074],[88.6455,28.104],[88.5825,28.0855],[88.541,28.0365],[88.491,28.0455],[88.4695,28.0195],[88.3975,27.9775],[88.3455,27.9875],[88.252,27.948],[88.2115,27.966],[88.1815,27.9445],[88.147,27.963],[88.1215,27.917],[88.139,27.878],[88.2,27.8365],[88.1785,27.747],[88.1585,27.741],[88.144,27.665],[88.115,27.619],[88.131,27.591],[88.176,27.6145],[88.2245,27.574],[88.2265,27.524],[88.2745,27.519],[88.35,27.5345],[88.4075,27.4755],[88.4215,27.4185],[88.488,27.378],[88.525,27.397],[88.6175,27.3875],[88.6965,27.398],[88.7205,27.4165],[88.8125,27.414]]]},"properties":{"shapeName":"North District"}},
{"type":"Feature","geometry":{"type":"Polygon","coordinates":[[[88.2745,27.519],[88.306,27.4935],[88.3045,27.4205],[88.3565,27.408],[88.2985,27.3265],[88.3095,27.226],[88.336,27.1945],[88.3025,27.1735],[88.285,27.1305],[88.438,27.0815],[88.5385,27.154],[88.5275,27.178],[88.493,27.202],[88.4965,27.2305],[88.449,27.261],[88.4565,27.315],[88.4845,27.3285],[88.488,27.378],[88.4215,27.4185],[88.4075,27.4755],[88.35,27.5345],[88.2745,27.519]]]},"properties":{"shapeName":"South District"}},
{"type":"Feature","geometry":{"type":"Polygon","coordinates":[[[88.115,27.619],[88.0895,27.595],[88.0435,27.496],[88.0785,27.432],[88.0505,27.413],[88.042,27.37],[88.0665,27.336],[88.0315,27.2865],[88.019,27.225],[88.065,27.2135],[88.0995,27.136],[88.162,27.112],[88.186,27.1345],[88.239,27.1195],[88.285,27.1305],[88.3025,27.1735],[88.336,27.1945],[88.3095,27.226],[88.2985,27.3265],[88.3565,27.408],[88.3045,27.4205],[88.306,27.4935],[88.2745,27.519],[88.2265,27.524],[88.2245,27.574],[88.176,27.6145],[88.131,27.591],[88.115,27.619]]]},"properties":{"shapeName":"West District"}},
{"type":"Feature","geometry":{"type":"Polygon","coordinates":[[[88.488,27.378],[88.4845,27.3285],[88.4565,27.315],[88.449,27.261],[88.4965,27.2305],[88.493,27.202],[88.5275,27.178],[88.598,27.1945],[88.666,27.162],[88.6905,27.18],[88.724,27.144],[88.758,27.148],[88.791,27.182],[88.8075,27.2475],[88.9055,27.275],[88.9285,27.326],[88.849,27.378],[88.8125,27.414],[88.7205,27.4165],[88.6965,27.398],[88.6175,27.3875],[88.525,27.397],[88.488,27.378]]]},"properties":{"shapeName":"East District"}},
{"type":"Feature","geometry":{"type":"Polygon","coordinates":[[[88.7045,24.0995],[88.653,24.07],[88.6335,24.025],[88.584,24.0285],[88.513,23.9835],[88.5215,23.948],[88.47,23.938],[88.484,23.905],[88.41,23.818],[88.3395,23.807],[88.271,23.81],[88.197,23.765],[88.195,23.7365],[88.137,23.6595],[88.1565,23.6275],[88.2175,23.6055],[88.2655,23.6155],[88.2955,23.5595],[88.361,23.5435],[88.391,23.497],[88.365,23.478],[88.343,23.424],[88.359,23.396],[88.3325,23.3665],[88.329,23.316],[88.351,23.2915],[88.3575,23.238],[88.419,23.2125],[88.4755,23.21],[88.453,23.151],[88.509,23.1295],[88.504,23.0865],[88.4745,23.0835],[88.459,23.045],[88.4185,23.016],[88.411,22.9455],[88.43,22.9615],[88.4775,22.935],[88.51,22.9435],[88.6135,22.905],[88.6585,22.8745],[88.6635,22.9835],[88.688,23.026],[88.6775,23.0945],[88.7215,23.183],[88.7115,23.236],[88.7525,23.24],[88.7185,23.2555],[88.696,23.302],[88.731,23.334],[88.758,23.384],[88.755,23.477],[88.652,23.5555],[88.6305,23.607],[88.606,23.5985],[88.5595,23.7115],[88.5905,23.8],[88.587,23.873],[88.6505,23.87],[88.7075,23.918],[88.7315,23.9225],[88.727,24.002],[88.7395,24.0325],[88.7045,24.0995]]]},"properties":{"shapeName":"Nadia"}},
{"type":"Feature","geometry":{"type":"Polygon","coordinates":[[[88.4435,25.1975],[88.5,25.2115],[88.578,25.179],[88.6145,25.207],[88.719,25.2075],[88.756,25.181],[88.8025,25.172],[88.8435,25.2155],[88.8775,25.181],[88.9205,25.1685],[88.9575,25.211],[88.95,25.2475],[88.984,25.2735],[88.883,25.3245],[88.8365,25.368],[88.8265,25.42],[88.836,25.455],[88.8065,25.518],[88.7625,25.4935],[88.7175,25.498],[88.7,25.47],[88.6445,25.4765],[88.6215,25.496],[88.551,25.5145],[88.447,25.5955],[88.3975,25.5955],[88.272,25.4895],[88.2645,25.441],[88.205,25.4335],[88.176,25.3525],[88.2145,25.3035],[88.347,25.301],[88.385,25.288],[88.43,25.3035],[88.462,25.2515],[88.4435,25.1975]]]},"properties":{"shapeName":"Dakshin Dinajpur"}},
{"type":"Feature","geometry":{"type":"Polygon","coordinates":[[[87.8365,24.747],[87.9055,24.723],[87.916,24.6635],[87.892,24.564],[87.95,24.5165],[87.974,24.4705],[87.978,24.4155],[87.962,24.34],[88.0145,24.3145],[88.023,24.2435],[87.9955,24.243],[87.986,24.1945],[87.943,24.1945],[87.9,24.146],[87.9095,24.099],[87.875,24.017],[87.869,23.9175],[87.8545,23.8865],[87.8945,23.8365],[87.926,23.8405],[87.9655,23.8035],[87.98,23.841],[88.0245,23.825],[88.036,23.759],[88.0615,23.721],[88.0935,23.7515],[88.197,23.765],[88.271,23.81],[88.3395,23.807],[88.41,23.818],[88.484,23.905],[88.47,23.938],[88.5215,23.948],[88.513,23.9835],[88.584,24.0285],[88.6335,24.025],[88.653,24.07],[88.7045,24.0995],[88.699,24.145],[88.741,24.201],[88.724,24.291],[88.647,24.341],[88.541,24.334],[88.467,24.3685],[88.388,24.3825],[88.304,24.477],[88.271,24.478],[88.202,24.448],[88.153,24.4845],[88.1715,24.571],[88.134,24.6365],[88.037,24.6445],[88.008,24.6665],[87.965,24.681],[87.97,24.757],[87.9015,24.8555],[87.87,24.7755],[87.8365,24.747]]]},"properties":{"shapeName":"Murshidabad"}},
{"type":"Feature","geometry":{"type":"Polygon","coordinates":[[[88.2735,22.556],[88.291,22.518],[88.367,22.4995],[88.402,22.5585],[88.3915,22.63],[88.3625,22.6335],[88.3315,22.556],[88.2735,22.556]]]},"properties":{"shapeName":"Kolkata"}},
{"type":"Feature","geometry":{"type":"Polygon","coordinates":[[[87.9015,24.8555],[87.97,24.757],[87.965,24.681],[88.008,24.6665],[88.058,24.719],[88.064,24.7505],[88.1095,24.813],[88.165,24.8615],[88.1385,24.913],[88.17,24.9515],[88.225,24.9615],[88.2655,24.895],[88.333,24.871],[88.324,24.9165],[88.3635,24.949],[88.4015,24.951],[88.4485,25.065],[88.4395,25.118],[88.46,25.159],[88.4435,25.1975],[88.462,25.2515],[88.43,25.3035],[88.385,25.288],[88.347,25.301],[88.2145,25.3035],[88.1965,25.2755],[88.1455,25.2805],[88.1135,25.3235],[88.127,25.3635],[88.0755,25.481],[88.0095,25.4945],[87.961,25.5385],[87.931,25.537],[87.875,25.5035],[87.8685,25.466],[87.792,25.4495],[87.768,25.3895],[87.787,25.339],[87.836,25.303],[87.8565,25.27],[87.828,25.235],[87.7925,25.2215],[87.776,25.153],[87.7775,25.1],[87.798,25.0765],[87.869,25.041],[87.9745,24.9245],[87.971,24.8825],[87.9015,24.8555]]]},"properties":{"shapeName":"Maldah"}},
{"type":"Feature","geometry":{"type":"Polygon","coordinates":[[[88.2735,22.556],[88.2465,22.561],[88.2275,22.5175],[88.125,22.476],[88.1255,22.4055],[88.082,22.3755],[88.097,22.319],[88.0825,22.239],[88.0635,22.2065],[88.146,22.196],[88.182,22.179],[88.2125,22.112],[88.1895,22.0615],[88.132,22.0005],[88.081,21.9655],[88.067,21.91],[88.0125,21.7455],[87.9535,21.6565],[87.9445,21.5625],[88.001,21.5245],[88.072,21.5075],[88.159,21.52],[88.2005,21.574],[88.296,21.5635],[88.3465,21.631],[88.3435,21.666],[88.3795,21.6825],[88.3945,21.6205],[88.4645,21.6345],[88.5225,21.6305],[88.485,21.585],[88.5055,21.542],[88.5945,21.594],[88.664,21.595],[88.733,21.577],[88.8315,21.5985],[88.8435,21.5585],[88.8985,21.5575],[88.845,21.627],[88.8855,21.658],[88.946,21.6395],[88.999,21.605],[89.063,21.622],[89.121,21.661],[89.0825,21.7305],[89.0305,21.787],[89.0435,21.8365],[89.024,21.898],[89.0835,21.952],[89.0765,22.0275],[89.0445,22.0915],[89.089,22.14],[89.0695,22.182],[89.0365,22.2165],[88.98,22.202],[88.9615,22.243],[88.8635,22.2795],[88.8155,22.2885],[88.8305,22.365],[88.791,22.358],[88.712,22.423],[88.7155,22.439],[88.663,22.4935],[88.6015,22.601],[88.5655,22.6185],[88.5495,22.569],[88.508,22.5395],[88.459,22.5555],[88.431,22.5105],[88.402,22.5585],[88.367,22.4995],[88.291,22.518],[88.2735,22.556]]]},"properties":{"shapeName":"South Twenty Four Parganas"}},
{"type":"Feature","geometry":{"type":"Polygon","coordinates":[[[88.2425,26.4495],[88.2705,26.486],[88.3355,26.496],[88.376,26.598],[88.4145,26.635],[88.4045,26.673],[88.43,26.71],[88.4475,26.835],[88.484,26.8755],[88.4755,26.9145],[88.423,26.962],[88.42,27.063],[88.438,27.0815],[88.285,27.1305],[88.239,27.1195],[88.186,27.1345],[88.162,27.112],[88.0995,27.136],[88.065,27.2135],[88.019,27.225],[88.0075,27.1435],[88.012,27.0975],[88.0375,27.0365],[88.0775,27.0355],[88.1105,26.9915],[88.1365,26.899],[88.1735,26.8655],[88.1675,26.838],[88.1895,26.7605],[88.167,26.6995],[88.1655,26.6405],[88.1405,26.6205],[88.1025,26.542],[88.138,26.5125],[88.1885,26.543],[88.2395,26.5325],[88.1855,26.494],[88.2425,26.4495]]]},"properties":{"shapeName":"Darjiling"}},
{"type":"Feature","geometry":{"type":"Polygon","coordinates":[[[88.4145,26.635],[88.4325,26.5505],[88.476,26.546],[88.5215,26.5125],[88.5655,26.459],[88.624,26.4725],[88.631,26.4365],[88.687,26.406],[88.7055,26.3425],[88.747,26.3475],[88.7585,26.307],[88.7495,26.356],[88.88,26.4015],[88.9495,26.477],[88.9875,26.534],[89.0295,26.517],[89.074,26.5385],[89.1275,26.522],[89.0465,26.6525],[89.0895,26.771],[89.117,26.825],[89.0915,26.8975],[89.052,26.9035],[89.0305,26.9405],[88.977,26.9205],[88.949,26.937],[88.9545,26.976],[88.925,26.996],[88.878,26.9645],[88.8175,26.99],[88.763,26.964],[88.767,26.9245],[88.6685,26.9265],[88.61,26.879],[88.5765,26.8885],[88.5135,26.862],[88.484,26.8755],[88.4475,26.835],[88.43,26.71],[88.4045,26.673],[88.4145,26.635]]]},"properties":{"shapeName":"Jalpaiguri"}},
{"type":"Feature","geometry":{"type":"Polygon","coordinates":[[[87.8265,25.8775],[87.9165,25.852],[87.9065,25.7805],[87.9665,25.725],[88.056,25.6865],[88.041,25.6415],[88.032,25.554],[88.074,25.5135],[88.0755,25.481],[88.127,25.3635],[88.1135,25.3235],[88.1455,25.2805],[88.1965,25.2755],[88.2145,25.3035],[88.176,25.3525],[88.205,25.4335],[88.2645,25.441],[88.272,25.4895],[88.3975,25.5955],[88.447,25.5955],[88.452,25.663],[88.402,25.6705],[88.371,25.7145],[88.264,25.781],[88.2365,25.8105],[88.1425,25.7915],[88.099,25.8295],[88.0995,25.8985],[88.136,26.014],[88.158,26.0245],[88.175,26.15],[88.349,26.223],[88.3485,26.283],[88.369,26.3065],[88.434,26.3375],[88.4445,26.3645],[88.512,26.365],[88.5205,26.3905],[88.4795,26.4705],[88.3935,26.488],[88.357,26.457],[88.3355,26.496],[88.2705,26.486],[88.2425,26.4495],[88.2685,26.428],[88.235,26.39],[88.2795,26.3775],[88.2305,26.2895],[88.15,26.253],[88.0805,26.1815],[88.043,26.178],[88.005,26.1405],[87.9755,26.1545],[87.9655,26.084],[87.9185,26.091],[87.848,26.0445],[87.8295,25.9465],[87.8125,25.93],[87.8265,25.8775]]]},"properties":{"shapeName":"Uttar Dinajpur"}},
{"type":"Feature","geometry":{"type":"Polygon","coordinates":[[[88.0635,22.2065],[88.018,22.2225],[87.9535,22.283],[87.9435,22.3765],[87.953,22.4165],[87.88,22.444],[87.898,22.4795],[87.892,22.5195],[87.8575,22.517],[87.7705,22.474],[87.696,22.505],[87.647,22.4245],[87.6585,22.395],[87.641,22.327],[87.7205,22.3065],[87.6885,22.209],[87.7075,22.1765],[87.69,22.111],[87.6615,22.086],[87.4875,22.081],[87.4525,21.9945],[87.476,21.945],[87.443,21.7695],[87.4745,21.7125],[87.4625,21.6505],[87.487,21.611],[87.644,21.652],[87.676,21.653],[87.8375,21.718],[87.893,21.7945],[87.9255,21.8],[88.0495,21.912],[88.067,21.91],[88.081,21.9655],[88.132,22.0005],[88.1895,22.0615],[88.2125,22.112],[88.182,22.179],[88.146,22.196],[88.0635,22.2065]]]},"properties":{"shapeName":"Purba Medinipur"}},
{"type":"Feature","geometry":{"type":"Polygon","coordinates":[[[88.3625,22.6335],[88.355,22.6505],[88.3435,22.665],[88.275,22.6645],[88.242,22.6765],[88.104,22.692],[88.014,22.684],[87.9965,22.7035],[87.9945,22.7735],[87.9555,22.774],[87.933,22.649],[87.892,22.609],[87.8545,22.598],[87.846,22.5565],[87.892,22.5195],[87.898,22.4795],[87.88,22.444],[87.953,22.4165],[87.9435,22.3765],[87.9535,22.283],[88.018,22.2225],[88.0635,22.2065],[88.0825,22.239],[88.097,22.319],[88.082,22.3755],[88.1255,22.4055],[88.125,22.476],[88.2275,22.5175],[88.2465,22.561],[88.2735,22.556],[88.3315,22.556],[88.3625,22.6335]]]},"properties":{"shapeName":"Haora"}},
{"type":"Feature","geometry":{"type":"Polygon","coordinates":[[[88.411,22.9455],[88.41,22.8845],[88.3745,22.8545],[88.3555,22.7955],[88.3665,22.6855],[88.355,22.6505],[88.3625,22.6335],[88.3915,22.63],[88.402,22.5585],[88.431,22.5105],[88.459,22.5555],[88.508,22.5395],[88.5495,22.569],[88.5655,22.6185],[88.6015,22.601],[88.663,22.4935],[88.7155,22.439],[88.712,22.423],[88.791,22.358],[88.8305,22.365],[88.8155,22.2885],[88.8635,22.2795],[88.9615,22.243],[88.98,22.202],[89.0365,22.2165],[89.0695,22.182],[89.038,22.233],[89.025,22.297],[88.9845,22.3275],[88.99,22.445],[88.962,22.549],[88.94,22.558],[88.9245,22.657],[88.9605,22.694],[88.9265,22.7175],[88.914,22.7605],[88.963,22.8185],[88.948,22.875],[88.9095,22.878],[88.8905,22.9275],[88.855,22.956],[88.879,23.01],[88.869,23.1015],[88.9295,23.147],[88.9425,23.2045],[88.909,23.233],[88.778,23.2195],[88.7525,23.24],[88.7115,23.236],[88.7215,23.183],[88.6775,23.0945],[88.688,23.026],[88.6635,22.9835],[88.6585,22.8745],[88.6135,22.905],[88.51,22.9435],[88.4775,22.935],[88.43,22.9615],[88.411,22.9455]]]},"properties":{"shapeName":"North Twenty Four Parganas"}},
{"type":"Feature","geometry":{"type":"Polygon","coordinates":[[[87.0895,23.8075],[87.153,23.7465],[87.223,23.738],[87.2655,23.75],[87.2975,23.722],[87.3605,23.7165],[87.4025,23.695],[87.414,23.6595],[87.4555,23.6095],[87.5425,23.6075],[87.5775,23.5915],[87.6685,23.618],[87.7185,23.618],[87.807,23.56],[87.908,23.5405],[87.9555,23.6245],[87.915,23.66],[87.912,23.7155],[87.9365,23.7295],[87.9655,23.8035],[87.926,23.8405],[87.8945,23.8365],[87.8545,23.8865],[87.869,23.9175],[87.875,24.017],[87.9095,24.099],[87.9,24.146],[87.943,24.1945],[87.986,24.1945],[87.9955,24.243],[88.023,24.2435],[88.0145,24.3145],[87.962,24.34],[87.978,24.4155],[87.974,24.4705],[87.95,24.5165],[87.892,24.564],[87.8525,24.5525],[87.804,24.5605],[87.803,24.4935],[87.8225,24.47],[87.7925,24.4335],[87.802,24.384],[87.7605,24.3055],[87.673,24.2445],[87.646,24.2515],[87.694,24.152],[87.584,24.1635],[87.5745,24.0895],[87.501,24.1175],[87.4955,24.054],[87.5155,24.0415],[87.4435,23.98],[87.3945,24.004],[87.32,24.0065],[87.2485,24.044],[87.2375,24.0265],[87.264,23.972],[87.2965,23.958],[87.297,23.8925],[87.251,23.859],[87.135,23.853],[87.1585,23.8005],[87.0895,23.8075]]]},"properties":{"shapeName":"Birbhum"}},
{"type":"Feature","geometry":{"type":"Polygon","coordinates":[[[88.197,23.765],[88.0935,23.7515],[88.0615,23.721],[88.036,23.759],[88.0245,23.825],[87.98,23.841],[87.9655,23.8035],[87.9365,23.7295],[87.912,23.7155],[87.915,23.66],[87.9555,23.6245],[87.908,23.5405],[87.807,23.56],[87.7185,23.618],[87.6685,23.618],[87.5775,23.5915],[87.5425,23.6075],[87.479,23.5335],[87.469,23.4845],[87.4825,23.451],[87.448,23.4045],[87.5005,23.3485],[87.5605,23.31],[87.6025,23.2585],[87.6555,23.2385],[87.65,23.1985],[87.6925,23.129],[87.7485,23.108],[87.7635,23.0805],[87.7435,23.0315],[87.7135,23.011],[87.7415,22.9665],[87.7935,22.9415],[87.9315,22.946],[87.971,22.965],[88.0125,22.963],[88.0515,22.988],[88.053,23.0465],[88.101,23.048],[88.15,23.0775],[88.17,23.151],[88.1895,23.1625],[88.2555,23.1515],[88.273,23.131],[88.3475,23.1325],[88.419,23.2125],[88.3575,23.238],[88.351,23.2915],[88.329,23.316],[88.3325,23.3665],[88.359,23.396],[88.343,23.424],[88.365,23.478],[88.391,23.497],[88.361,23.5435],[88.2955,23.5595],[88.2655,23.6155],[88.2175,23.6055],[88.1565,23.6275],[88.137,23.6595],[88.195,23.7365],[88.197,23.765]]]},"properties":{"shapeName":"Barddhaman"}},
{"type":"Feature","geometry":{"type":"Polygon","coordinates":[[[87.448,23.4045],[87.3775,23.44],[87.2545,23.5165],[87.214,23.556],[87.1245,23.576],[87.017,23.6345],[86.916,23.63],[86.899,23.6405],[86.887,23.6265],[86.8745,23.4975],[86.849,23.443],[86.8415,23.3825],[86.7835,23.342],[86.7745,23.2315],[86.7155,23.122],[86.7445,23.095],[86.733,23.026],[86.692,22.93],[86.704,22.8725],[86.6195,22.826],[86.612,22.7995],[86.6595,22.788],[86.717,22.746],[86.774,22.7265],[86.9265,22.627],[86.9505,22.67],[87.0205,22.668],[87.0375,22.7195],[87.077,22.7285],[87.0765,22.7835],[87.0535,22.824],[87.0665,22.85],[87.1285,22.844],[87.1655,22.8795],[87.286,22.9115],[87.32,22.944],[87.3595,22.953],[87.479,22.913],[87.5245,22.9305],[87.6175,22.892],[87.6465,22.9225],[87.645,22.988],[87.7135,23.011],[87.7435,23.0315],[87.7635,23.0805],[87.7485,23.108],[87.6925,23.129],[87.65,23.1985],[87.6555,23.2385],[87.6025,23.2585],[87.5605,23.31],[87.5005,23.3485],[87.448,23.4045]]]},"properties":{"shapeName":"Bankura"}},
{"type":"Feature","geometry":{"type":"Polygon","coordinates":[[[86.24,22.9965],[86.297,23.013],[86.398,22.9775],[86.4215,22.998],[86.5025,22.993],[86.5235,22.9475],[86.475,22.95],[86.468,22.9],[86.438,22.864],[86.421,22.78],[86.459,22.763],[86.484,22.726],[86.56,22.7115],[86.612,22.7995],[86.6195,22.826],[86.704,22.8725],[86.692,22.93],[86.733,23.026],[86.7445,23.095],[86.7155,23.122],[86.7745,23.2315],[86.7835,23.342],[86.8415,23.3825],[86.849,23.443],[86.8745,23.4975],[86.887,23.6265],[86.899,23.6405],[86.8495,23.679],[86.8005,23.696],[86.743,23.68],[86.716,23.6995],[86.596,23.6645],[86.534,23.6315],[86.4865,23.6375],[86.4445,23.622],[86.3635,23.5455],[86.357,23.466],[86.3055,23.446],[86.23,23.438],[86.1845,23.4775],[86.1485,23.5295],[86.154,23.5675],[86.0785,23.5705],[86.043,23.5855],[86.0165,23.5635],[86.0385,23.5205],[86.026,23.49],[85.9435,23.4575],[85.8835,23.478],[85.8665,23.4305],[85.867,23.306],[85.832,23.2655],[85.8405,23.1945],[85.895,23.1545],[85.9205,23.1325],[85.9875,23.1485],[86.0425,23.1465],[86.05,23.1145],[86.121,23.0965],[86.1835,23.015],[86.24,22.9965]]]},"properties":{"shapeName":"Puruliya"}},
{"type":"Feature","geometry":{"type":"Polygon","coordinates":[[[89.8375,26.4125],[89.833,26.4585],[89.7665,26.464],[89.6995,26.421],[89.6795,26.435],[89.6255,26.4165],[89.5545,26.4255],[89.531,26.4775],[89.4585,26.49],[89.3935,26.465],[89.3605,26.4955],[89.3095,26.483],[89.1865,26.5],[89.1275,26.522],[89.074,26.5385],[89.0295,26.517],[88.9875,26.534],[88.9495,26.477],[88.88,26.4015],[88.7495,26.356],[88.7585,26.307],[88.8205,26.294],[88.815,26.2575],[88.86,26.2335],[88.88,26.288],[88.9305,26.28],[88.957,26.2405],[89.034,26.248],[89.0455,26.274],[88.979,26.309],[88.9735,26.3485],[88.922,26.3585],[88.906,26.3805],[88.9445,26.4485],[88.9845,26.447],[89.039,26.4015],[89.088,26.3995],[89.103,26.3375],[89.1375,26.323],[89.1115,26.2745],[89.1435,26.2375],[89.1385,26.186],[89.156,26.1415],[89.23,26.125],[89.284,26.064],[89.3585,26.0105],[89.4335,26.0385],[89.4585,26.001],[89.541,26.0075],[89.63,26.064],[89.6065,26.0875],[89.596,26.1625],[89.635,26.1965],[89.6285,26.2255],[89.6875,26.226],[89.7085,26.184],[89.6965,26.168],[89.7205,26.165],[89.7065,26.1775],[89.7355,26.215],[89.714,26.2195],[89.7215,26.2595],[89.785,26.331],[89.831,26.367],[89.8375,26.4125]]]},"properties":{"shapeName":"Koch Bihar"}},
{"type":"Feature","geometry":{"type":"Polygon","coordinates":[[[87.892,22.5195],[87.846,22.5565],[87.8545,22.598],[87.765,22.6955],[87.722,22.7895],[87.6355,22.813],[87.5095,22.904],[87.5245,22.9305],[87.479,22.913],[87.3595,22.953],[87.32,22.944],[87.286,22.9115],[87.1655,22.8795],[87.1285,22.844],[87.0665,22.85],[87.0535,22.824],[87.0765,22.7835],[87.077,22.7285],[87.1265,22.6745],[87.0915,22.6355],[87.0895,22.5895],[87.111,22.5415],[87.0795,22.4795],[87.115,22.464],[87.1055,22.429],[87.177,22.3955],[87.1665,22.3365],[87.204,22.2985],[87.224,22.2345],[87.1755,22.2385],[87.181,22.1925],[87.1375,22.13],[87.1515,22.0815],[87.2005,22.0365],[87.2295,21.962],[87.233,21.961],[87.255,21.927],[87.239,21.9005],[87.2845,21.8045],[87.356,21.791],[87.3775,21.772],[87.443,21.7695],[87.476,21.945],[87.4525,21.9945],[87.4875,22.081],[87.6615,22.086],[87.69,22.111],[87.7075,22.1765],[87.6885,22.209],[87.7205,22.3065],[87.641,22.327],[87.6585,22.395],[87.647,22.4245],[87.696,22.505],[87.7705,22.474],[87.8575,22.517],[87.892,22.5195]]]},"properties":{"shapeName":"Paschim Medinipur"}},
{"type":"Feature","geometry":{"type":"Polygon","coordinates":[[[88.419,23.2125],[88.3475,23.1325],[88.273,23.131],[88.2555,23.1515],[88.1895,23.1625],[88.17,23.151],[88.15,23.0775],[88.101,23.048],[88.053,23.0465],[88.0515,22.988],[88.0125,22.963],[87.971,22.965],[87.9315,22.946],[87.7935,22.9415],[87.7415,22.9665],[87.7135,23.011],[87.645,22.988],[87.6465,22.9225],[87.6175,22.892],[87.5245,22.9305],[87.5095,22.904],[87.6355,22.813],[87.722,22.7895],[87.765,22.6955],[87.8545,22.598],[87.892,22.609],[87.933,22.649],[87.9555,22.774],[87.9945,22.7735],[87.9965,22.7035],[88.014,22.684],[88.104,22.692],[88.242,22.6765],[88.275,22.6645],[88.3435,22.665],[88.355,22.6505],[88.3665,22.6855],[88.3555,22.7955],[88.3745,22.8545],[88.41,22.8845],[88.411,22.9455],[88.4185,23.016],[88.459,23.045],[88.4745,23.0835],[88.504,23.0865],[88.509,23.1295],[88.453,23.151],[88.4755,23.21],[88.419,23.2125]]]},"properties":{"shapeName":"Hugli"}},
{"type":"Feature","geometry":{"type":"Polygon","coordinates":[[[75.853,32.516],[75.7955,32.4745],[75.7625,32.476],[75.728,32.4175],[75.6645,32.3885],[75.609,32.3815],[75.5405,32.34],[75.532,32.298],[75.484,32.3175],[75.348,32.345],[75.3255,32.335],[75.321,32.2975],[75.3715,32.2795],[75.3655,32.22],[75.3285,32.2155],[75.402,32.19],[75.436,32.1485],[75.471,32.157],[75.588,32.138],[75.6165,32.0935],[75.6715,32.1455],[75.672,32.176],[75.6345,32.1965],[75.6405,32.236],[75.692,32.2635],[75.7525,32.273],[75.8605,32.3785],[75.928,32.4085],[75.921,32.455],[75.853,32.516]]]},"properties":{"shapeName":"Pathankot"}},
{"type":"Feature","geometry":{"type":"Polygon","coordinates":[[[75.6165,32.0935],[75.588,32.138],[75.471,32.157],[75.436,32.1485],[75.402,32.19],[75.3285,32.2155],[75.3165,32.181],[75.2615,32.1015],[75.2105,32.114],[75.1965,32.0855],[75.1225,32.0775],[75.0125,32.0355],[74.9255,32.0665],[74.9125,32.054],[74.9375,32.015],[74.9025,31.9335],[74.919,31.882],[74.97,31.834],[75.0465,31.8025],[75.078,31.8055],[75.204,31.7275],[75.228,31.685],[75.2875,31.6945],[75.302,31.6515],[75.3385,31.6405],[75.406,31.594],[75.4265,31.627],[75.4765,31.651],[75.497,31.6995],[75.569,31.775],[75.5735,31.855],[75.5535,31.92],[75.5315,31.943],[75.559,31.9955],[75.563,32.036],[75.5945,32.081],[75.6165,32.0935]]]},"properties":{"shapeName":"Gurdaspur"}},
{"type":"Feature","geometry":{"type":"Polygon","coordinates":[[[76.4665,30.0965],[76.5465,30.0785],[76.5755,30.101],[76.638,30.148],[76.6405,30.151],[76.652,30.2015],[76.6035,30.25],[76.749,30.363],[76.718,30.3765],[76.7405,30.417],[76.782,30.5195],[76.7325,30.571],[76.6925,30.569],[76.636,30.62],[76.5865,30.574],[76.502,30.561],[76.476,30.482],[76.437,30.4415],[76.376,30.4765],[76.327,30.5365],[76.262,30.557],[76.0875,30.5335],[76.081,30.4715],[76.054,30.421],[75.991,30.3375],[76.0495,30.3365],[76.088,30.309],[76.1175,30.318],[76.184,30.3055],[76.204,30.284],[76.1015,30.2255],[76.051,30.1885],[76.0945,30.0795],[76.0585,30.0735],[76.006,30.0035],[76.0325,29.9645],[75.992,29.9475],[75.9835,29.9065],[76.061,29.8685],[76.1025,29.807],[76.133,29.7955],[76.2165,29.8405],[76.254,29.865],[76.195,29.89],[76.2155,29.9405],[76.2015,30.0005],[76.262,30.1035],[76.4025,30.1235],[76.435,30.159],[76.4665,30.0965]]]},"properties":{"shapeName":"Patiala"}},
{"type":"Feature","geometry":{"type":"Polygon","coordinates":[[[74.95,31.1495],[75.052,31.1915],[75.085,31.272],[75.1345,31.311],[75.191,31.4075],[75.2285,31.4235],[75.2385,31.46],[75.2805,31.4825],[75.1855,31.509],[75.0755,31.5265],[74.9375,31.524],[74.847,31.531],[74.7955,31.571],[74.731,31.566],[74.632,31.5275],[74.6135,31.4945],[74.6515,31.452],[74.6435,31.416],[74.5965,31.4165],[74.554,31.3665],[74.521,31.272],[74.5325,31.2495],[74.512,31.1825],[74.5105,31.132],[74.5485,31.122],[74.5505,31.089],[74.689,31.128],[74.698,31.104],[74.7655,31.1285],[74.8515,31.134],[74.898,31.1605],[74.95,31.1495]]]},"properties":{"shapeName":"Tarn Taran"}},
{"type":"Feature","geometry":{"type":"MultiPolygon","coordinates":[[[[75.406,31.594],[75.346,31.5565],[75.2805,31.4825],[75.2385,31.46],[75.2285,31.4235],[75.191,31.4075],[75.1345,31.311],[75.085,31.272],[75.052,31.1915],[74.95,31.1495],[75.0095,31.1195],[75.018,31.1495],[75.0855,31.1515],[75.1315,31.169],[75.2305,31.155],[75.3475,31.232],[75.393,31.2455],[75.463,31.238],[75.4565,31.2845],[75.4905,31.323],[75.515,31.39],[75.453,31.3885],[75.4425,31.4175],[75.462,31.5045],[75.528,31.479],[75.541,31.5265],[75.5835,31.553],[75.596,31.6045],[75.5715,31.638],[75.4765,31.651],[75.4265,31.627],[75.406,31.594]]],[[[75.8925,31.276],[75.855,31.2955],[75.8975,31.34],[75.856,31.3645],[75.7895,31.3695],[75.7605,31.33],[75.687,31.319],[75.6725,31.2405],[75.7075,31.166],[75.78,31.1655],[75.789,31.1985],[75.813,31.222],[75.903,31.2555],[75.8925,31.276]]]]},"properties":{"shapeName":"Kapurthala"}},
{"type":"Feature","geometry":{"type":"Polygon","coordinates":[[[76.636,30.62],[76.5745,30.6705],[76.523,30.7295],[76.5255,30.7595],[76.496,30.7455],[76.447,30.759],[76.415,30.8385],[76.367,30.873],[76.3235,30.879],[76.311,30.838],[76.2695,30.7965],[76.3095,30.759],[76.2855,30.723],[76.304,30.6785],[76.2185,30.678],[76.1535,30.653],[76.0845,30.5615],[76.0875,30.5335],[76.262,30.557],[76.327,30.5365],[76.376,30.4765],[76.437,30.4415],[76.476,30.482],[76.502,30.561],[76.5865,30.574],[76.636,30.62]]]},"properties":{"shapeName":"Fatehgarh Sahib"}},
{"type":"Feature","geometry":{"type":"Polygon","coordinates":[[[76.1025,29.807],[76.061,29.8685],[75.9835,29.9065],[75.992,29.9475],[76.0325,29.9645],[76.006,30.0035],[76.0585,30.0735],[76.0945,30.0795],[76.051,30.1885],[76.1015,30.2255],[76.204,30.284],[76.184,30.3055],[76.1175,30.318],[76.088,30.309],[76.0495,30.3365],[75.991,30.3375],[76.054,30.421],[76.081,30.4715],[76.0875,30.5335],[76.0845,30.5615],[76.0365,30.589],[76.029,30.6145],[75.9295,30.5755],[75.839,30.695],[75.8125,30.666],[75.732,30.6155],[75.6795,30.595],[75.6535,30.5415],[75.6815,30.507],[75.6625,30.4025],[75.682,30.344],[75.654,30.334],[75.6985,30.241],[75.6505,30.237],[75.5605,30.2015],[75.577,30.144],[75.625,30.1425],[75.646,30.1025],[75.643,30.03],[75.6925,30.0075],[75.6475,29.952],[75.6745,29.9085],[75.7335,29.933],[75.761,29.8915],[75.7755,29.8345],[75.7375,29.8085],[75.783,29.822],[75.8495,29.8155],[75.8755,29.749],[75.947,29.7295],[76.053,29.745],[76.1025,29.807]]]},"properties":{"shapeName":"Sangrur"}},
{"type":"Feature","geometry":{"type":"Polygon","coordinates":[[[75.7375,29.8085],[75.7755,29.8345],[75.761,29.8915],[75.7335,29.933],[75.6745,29.9085],[75.6475,29.952],[75.6925,30.0075],[75.643,30.03],[75.646,30.1025],[75.625,30.1425],[75.577,30.144],[75.5085,30.1455],[75.465,30.196],[75.4285,30.1865],[75.373,30.2005],[75.347,30.1295],[75.2615,30.0985],[75.255,30.036],[75.2805,30],[75.2355,29.9565],[75.185,29.9685],[75.1895,29.835],[75.242,29.75],[75.209,29.7285],[75.184,29.628],[75.232,29.604],[75.2435,29.548],[75.3025,29.5605],[75.291,29.601],[75.3285,29.668],[75.4085,29.7585],[75.463,29.801],[75.5175,29.7715],[75.5675,29.763],[75.58,29.7395],[75.6775,29.7695],[75.709,29.752],[75.7375,29.8085]]]},"properties":{"shapeName":"Mansa"}},
{"type":"Feature","geometry":{"type":"Polygon","coordinates":[[[74.9125,32.054],[74.8305,32.0035],[74.8215,31.9645],[74.719,31.924],[74.677,31.926],[74.62,31.8875],[74.571,31.837],[74.5475,31.752],[74.504,31.7405],[74.502,31.6955],[74.535,31.6775],[74.5555,31.608],[74.616,31.5575],[74.6135,31.4945],[74.632,31.5275],[74.731,31.566],[74.7955,31.571],[74.847,31.531],[74.9375,31.524],[75.0755,31.5265],[75.1855,31.509],[75.2805,31.4825],[75.346,31.5565],[75.406,31.594],[75.3385,31.6405],[75.302,31.6515],[75.2875,31.6945],[75.228,31.685],[75.204,31.7275],[75.078,31.8055],[75.0465,31.8025],[74.97,31.834],[74.919,31.882],[74.9025,31.9335],[74.9375,32.015],[74.9125,32.054]]]},"properties":{"shapeName":"Amritsar"}},
{"type":"Feature","geometry":{"type":"Polygon","coordinates":[[[75.0095,30.488],[74.993,30.543],[74.947,30.5695],[74.9565,30.674],[74.916,30.68],[74.912,30.7355],[74.8615,30.742],[74.8135,30.7675],[74.7725,30.812],[74.626,30.831],[74.5255,30.7685],[74.476,30.749],[74.4755,30.6975],[74.503,30.667],[74.562,30.663],[74.62,30.6375],[74.6695,30.5785],[74.7115,30.5575],[74.6885,30.5205],[74.7635,30.4845],[74.735,30.464],[74.7545,30.3935],[74.8235,30.393],[74.8755,30.3895],[74.933,30.368],[74.974,30.395],[75.0435,30.377],[75.0535,30.4085],[75.0095,30.488]]]},"properties":{"shapeName":"Faridkot"}},
{"type":"Feature","geometry":{"type":"Polygon","coordinates":[[[76.3235,30.879],[76.3175,30.9955],[76.2705,31.022],[76.1355,30.986],[76.008,30.9955],[75.954,31.0115],[75.8465,31.01],[75.8075,30.9945],[75.7605,31.0145],[75.597,30.969],[75.4955,30.9705],[75.3565,30.9885],[75.379,30.9115],[75.408,30.8935],[75.375,30.8565],[75.3975,30.8085],[75.379,30.748],[75.379,30.6225],[75.409,30.582],[75.4955,30.598],[75.5635,30.5665],[75.6265,30.5955],[75.6795,30.595],[75.732,30.6155],[75.8125,30.666],[75.839,30.695],[75.9295,30.5755],[76.029,30.6145],[76.0365,30.589],[76.0845,30.5615],[76.1535,30.653],[76.2185,30.678],[76.304,30.6785],[76.2855,30.723],[76.3095,30.759],[76.2695,30.7965],[76.311,30.838],[76.3235,30.879]]]},"properties":{"shapeName":"Ludhiana"}},
{"type":"Feature","geometry":{"type":"Polygon","coordinates":[[[75.1895,29.835],[75.185,29.9685],[75.2355,29.9565],[75.2805,30],[75.255,30.036],[75.2615,30.0985],[75.347,30.1295],[75.373,30.2005],[75.379,30.2345],[75.323,30.3325],[75.3025,30.4235],[75.2595,30.46],[75.2935,30.5095],[75.268,30.519],[75.188,30.506],[75.1755,30.5625],[75.141,30.5785],[75.1105,30.52],[75.0095,30.488],[75.0535,30.4085],[75.0435,30.377],[74.974,30.395],[74.933,30.368],[74.8755,30.3895],[74.8235,30.393],[74.786,30.335],[74.7265,30.3075],[74.724,30.2575],[74.701,30.159],[74.6595,30.163],[74.633,30.127],[74.704,30.0645],[74.7185,30.014],[74.7085,29.97],[74.735,29.961],[74.8125,29.9915],[74.8605,29.958],[74.935,29.94],[74.993,29.864],[75.025,29.863],[75.114,29.895],[75.114,29.8375],[75.136,29.8035],[75.1895,29.835]]]},"properties":{"shapeName":"Bathinda"}},
{"type":"Feature","geometry":{"type":"Polygon","coordinates":[[[75.0855,31.1515],[75.1405,31.104],[75.229,31.034],[75.296,31.034],[75.308,31.0005],[75.3565,30.9885],[75.4955,30.9705],[75.597,30.969],[75.7605,31.0145],[75.8075,30.9945],[75.8465,31.01],[75.954,31.0115],[75.9285,31.0935],[75.854,31.1815],[75.789,31.1985],[75.78,31.1655],[75.7075,31.166],[75.6725,31.2405],[75.687,31.319],[75.7605,31.33],[75.7895,31.3695],[75.824,31.4055],[75.8025,31.4545],[75.761,31.4755],[75.7015,31.5385],[75.672,31.607],[75.596,31.6045],[75.5835,31.553],[75.541,31.5265],[75.528,31.479],[75.462,31.5045],[75.4425,31.4175],[75.453,31.3885],[75.515,31.39],[75.4905,31.323],[75.4565,31.2845],[75.463,31.238],[75.393,31.2455],[75.3475,31.232],[75.2305,31.155],[75.1315,31.169],[75.0855,31.1515]]]},"properties":{"shapeName":"Jalandhar"}},
{"type":"Feature","geometry":{"type":"Polygon","coordinates":[[[74.7085,29.97],[74.7185,30.014],[74.704,30.0645],[74.633,30.127],[74.6595,30.163],[74.701,30.159],[74.724,30.2575],[74.7265,30.3075],[74.786,30.335],[74.8235,30.393],[74.7545,30.3935],[74.735,30.464],[74.7635,30.4845],[74.6885,30.5205],[74.7115,30.5575],[74.6695,30.5785],[74.62,30.6375],[74.562,30.663],[74.503,30.667],[74.494,30.6385],[74.3805,30.591],[74.4045,30.557],[74.33,30.446],[74.263,30.42],[74.318,30.387],[74.3225,30.3285],[74.2625,30.2465],[74.288,30.231],[74.358,30.2395],[74.338,30.1615],[74.3755,30.1505],[74.368,30.085],[74.4275,30.023],[74.4525,29.9465],[74.5285,29.943],[74.637,29.905],[74.7085,29.97]]]},"properties":{"shapeName":"Muktsar"}},
{"type":"Feature","geometry":{"type":"Polygon","coordinates":[[[75.0095,30.488],[75.1105,30.52],[75.141,30.5785],[75.1755,30.5625],[75.188,30.506],[75.268,30.519],[75.2935,30.5095],[75.3155,30.5345],[75.365,30.514],[75.4225,30.5505],[75.409,30.582],[75.379,30.6225],[75.379,30.748],[75.3975,30.8085],[75.375,30.8565],[75.408,30.8935],[75.379,30.9115],[75.3565,30.9885],[75.308,31.0005],[75.296,31.034],[75.229,31.034],[75.1405,31.104],[75.0845,31.044],[75.112,31.0125],[75.0975,30.9615],[75.034,30.8945],[75.0005,30.902],[74.9465,30.877],[74.9485,30.8235],[74.912,30.7355],[74.916,30.68],[74.9565,30.674],[74.947,30.5695],[74.993,30.543],[75.0095,30.488]]]},"properties":{"shapeName":"Moga"}},
{"type":"Feature","geometry":{"type":"Polygon","coordinates":[[[75.96,31.856],[75.9285,31.915],[75.9465,31.9295],[75.852,31.9805],[75.811,31.9875],[75.75,32.0365],[75.665,32.0765],[75.5945,32.081],[75.563,32.036],[75.559,31.9955],[75.5315,31.943],[75.5535,31.92],[75.5735,31.855],[75.569,31.775],[75.497,31.6995],[75.4765,31.651],[75.5715,31.638],[75.596,31.6045],[75.672,31.607],[75.7015,31.5385],[75.761,31.4755],[75.8025,31.4545],[75.824,31.4055],[75.7895,31.3695],[75.856,31.3645],[75.8975,31.34],[75.855,31.2955],[75.8925,31.276],[75.946,31.273],[76.054,31.227],[76.09,31.2245],[76.104,31.178],[76.174,31.1355],[76.2075,31.1375],[76.1985,31.1875],[76.2395,31.238],[76.3095,31.212],[76.3395,31.2255],[76.3525,31.238],[76.292,31.307],[76.1875,31.304],[76.149,31.38],[76.1715,31.402],[76.143,31.4415],[76.099,31.535],[76.0185,31.644],[75.9485,31.8135],[75.96,31.856]]]},"properties":{"shapeName":"Hoshiarpur"}},
{"type":"Feature","geometry":{"type":"Polygon","coordinates":[[[76.292,31.307],[76.3525,31.238],[76.3395,31.2255],[76.388,31.1485],[76.4275,31.124],[76.4375,31.08],[76.521,30.995],[76.4495,30.9725],[76.3295,30.98],[76.3175,30.9955],[76.3235,30.879],[76.367,30.873],[76.415,30.8385],[76.447,30.759],[76.496,30.7455],[76.5255,30.7595],[76.6125,30.8905],[76.7395,30.94],[76.6245,31.0005],[76.6135,31.05],[76.6385,31.1145],[76.604,31.124],[76.605,31.1795],[76.65,31.2095],[76.5825,31.2745],[76.5605,31.2525],[76.4815,31.307],[76.443,31.322],[76.3965,31.4075],[76.331,31.3995],[76.345,31.3425],[76.292,31.307]]]},"properties":{"shapeName":"Rupnagar"}},
{"type":"Feature","geometry":{"type":"Polygon","coordinates":[[[74.698,31.104],[74.671,31.0535],[74.547,31.032],[74.546,30.9935],[74.48,30.974],[74.4285,30.9425],[74.423,30.908],[74.366,30.893],[74.3695,30.8575],[74.325,30.8495],[74.3015,30.804],[74.342,30.786],[74.3865,30.802],[74.4785,30.769],[74.476,30.749],[74.5255,30.7685],[74.626,30.831],[74.7725,30.812],[74.8135,30.7675],[74.8615,30.742],[74.912,30.7355],[74.9485,30.8235],[74.9465,30.877],[75.0005,30.902],[75.034,30.8945],[75.0975,30.9615],[75.112,31.0125],[75.0845,31.044],[75.1405,31.104],[75.0855,31.1515],[75.018,31.1495],[75.0095,31.1195],[74.95,31.1495],[74.898,31.1605],[74.8515,31.134],[74.7655,31.1285],[74.698,31.104]]]},"properties":{"shapeName":"Firozpur"}},
{"type":"Feature","geometry":{"type":"Polygon","coordinates":[[[74.476,30.749],[74.4785,30.769],[74.3865,30.802],[74.342,30.786],[74.3015,30.804],[74.261,30.77],[74.275,30.737],[74.2325,30.7245],[74.219,30.6935],[74.149,30.6315],[74.1285,30.632],[74.0725,30.523],[74.05,30.537],[73.993,30.514],[73.9635,30.485],[73.9645,30.4245],[73.883,30.3655],[73.931,30.32],[73.962,30.264],[73.9725,30.1985],[73.946,30.1775],[73.974,30.173],[73.9685,30.1205],[73.9085,30.055],[73.8915,29.9975],[73.9015,29.971],[74.0795,29.9695],[74.353,29.952],[74.4525,29.9465],[74.4275,30.023],[74.368,30.085],[74.3755,30.1505],[74.338,30.1615],[74.358,30.2395],[74.288,30.231],[74.2625,30.2465],[74.3225,30.3285],[74.318,30.387],[74.263,30.42],[74.33,30.446],[74.4045,30.557],[74.3805,30.591],[74.494,30.6385],[74.503,30.667],[74.4755,30.6975],[74.476,30.749]]]},"properties":{"shapeName":"Fazilka"}},
{"type":"Feature","geometry":{"type":"Polygon","coordinates":[[[75.6795,30.595],[75.6265,30.5955],[75.5635,30.5665],[75.4955,30.598],[75.409,30.582],[75.4225,30.5505],[75.365,30.514],[75.3155,30.5345],[75.2935,30.5095],[75.2595,30.46],[75.3025,30.4235],[75.323,30.3325],[75.379,30.2345],[75.373,30.2005],[75.4285,30.1865],[75.465,30.196],[75.5085,30.1455],[75.577,30.144],[75.5605,30.2015],[75.6505,30.237],[75.6985,30.241],[75.654,30.334],[75.682,30.344],[75.6625,30.4025],[75.6815,30.507],[75.6535,30.5415],[75.6795,30.595]]]},"properties":{"shapeName":"Barnala"}},
{"type":"Feature","geometry":{"type":"Polygon","coordinates":[[[76.7395,30.94],[76.6125,30.8905],[76.5255,30.7595],[76.523,30.7295],[76.5745,30.6705],[76.636,30.62],[76.6925,30.569],[76.7325,30.571],[76.782,30.5195],[76.7405,30.417],[76.822,30.4075],[76.846,30.4295],[76.911,30.358],[76.9405,30.384],[76.9035,30.4325],[76.9105,30.4595],[76.9335,30.5205],[76.9015,30.534],[76.927,30.5955],[76.825,30.681],[76.7945,30.659],[76.7545,30.6815],[76.711,30.7615],[76.7555,30.7865],[76.8295,30.762],[76.861,30.7885],[76.842,30.8285],[76.783,30.8725],[76.778,30.907],[76.7395,30.94]]]},"properties":{"shapeName":"Sahibzada Ajit Singh Nagar"}},
{"type":"Feature","geometry":{"type":"Polygon","coordinates":[[[75.789,31.1985],[75.854,31.1815],[75.9285,31.0935],[75.954,31.0115],[76.008,30.9955],[76.1355,30.986],[76.2705,31.022],[76.3175,30.9955],[76.3295,30.98],[76.4495,30.9725],[76.521,30.995],[76.4375,31.08],[76.4275,31.124],[76.388,31.1485],[76.3395,31.2255],[76.3095,31.212],[76.2395,31.238],[76.1985,31.1875],[76.2075,31.1375],[76.174,31.1355],[76.104,31.178],[76.09,31.2245],[76.054,31.227],[75.946,31.273],[75.8925,31.276],[75.903,31.2555],[75.813,31.222],[75.789,31.1985]]]},"properties":{"shapeName":"Shahid Bhagat Singh Nagar"}},
{"type":"Feature","geometry":{"type":"Polygon","coordinates":[[[76.346,12.657],[76.382,12.576],[76.4145,12.557],[76.4535,12.4845],[76.569,12.4255],[76.558,12.392],[76.626,12.3685],[76.6515,12.3965],[76.7205,12.356],[76.7585,12.303],[76.772,12.351],[76.8125,12.361],[76.8365,12.4035],[76.8975,12.4095],[76.9085,12.4395],[76.974,12.443],[76.95,12.3625],[76.978,12.3535],[76.974,12.291],[77.0005,12.245],[77.036,12.2345],[77.114,12.2435],[77.1705,12.2605],[77.1665,12.31],[77.3235,12.308],[77.3345,12.3545],[77.315,12.391],[77.288,12.393],[77.27,12.466],[77.215,12.487],[77.1675,12.4835],[77.1485,12.463],[77.1155,12.554],[77.101,12.668],[77.0775,12.6795],[77.082,12.747],[77.011,12.765],[76.972,12.8035],[76.926,12.8055],[76.893,12.854],[76.8885,12.899],[76.8405,12.9455],[76.828,13.0015],[76.763,13.036],[76.6745,13.055],[76.6325,13.0065],[76.633,12.973],[76.5975,12.9215],[76.5775,12.849],[76.5235,12.8425],[76.4705,12.796],[76.4125,12.847],[76.3715,12.8215],[76.3455,12.733],[76.366,12.708],[76.346,12.657]]]},"properties":{"shapeName":"Mandya"}},
{"type":"Feature","geometry":{"type":"Polygon","coordinates":[[[76.417,11.676],[76.4115,11.715],[76.4245,11.8065],[76.4625,11.7915],[76.493,11.822],[76.4915,11.8595],[76.535,11.872],[76.5775,11.9225],[76.561,11.9465],[76.5845,11.9835],[76.6445,11.9835],[76.654,12.006],[76.768,11.997],[76.825,12.0115],[76.8615,11.9975],[76.9125,12.041],[76.8725,12.0575],[76.8755,12.117],[76.948,12.099],[76.99,12.145],[77.0365,12.1415],[77.047,12.17],[77.1345,12.21],[77.114,12.2435],[77.036,12.2345],[77.0005,12.245],[76.974,12.291],[76.978,12.3535],[76.95,12.3625],[76.974,12.443],[76.9085,12.4395],[76.8975,12.4095],[76.8365,12.4035],[76.8125,12.361],[76.772,12.351],[76.7585,12.303],[76.7205,12.356],[76.6515,12.3965],[76.626,12.3685],[76.558,12.392],[76.569,12.4255],[76.4535,12.4845],[76.4145,12.557],[76.382,12.576],[76.346,12.657],[76.3115,12.611],[76.2295,12.644],[76.194,12.575],[76.1695,12.58],[76.138,12.528],[76.1015,12.53],[76.0485,12.576],[76.0215,12.5675],[75.965,12.5045],[75.976,12.449],[75.9285,12.4365],[75.912,12.403],[75.9625,12.346],[76.001,12.326],[76.024,12.253],[76.0835,12.26],[76.1335,12.199],[76.172,12.1195],[76.19,12.0535],[76.115,11.978],[76.115,11.8585],[76.1915,11.8715],[76.2565,11.7585],[76.308,11.7465],[76.3685,11.6905],[76.417,11.676]]]},"properties":{"shapeName":"Mysore"}},
{"type":"Feature","geometry":{"type":"Polygon","coordinates":[[[78.128,13.7865],[78.1155,13.863],[78.0505,13.896],[78.047,13.8625],[77.951,13.8805],[77.987,13.9025],[77.96,13.937],[77.9205,13.9065],[77.896,13.9405],[77.817,13.9315],[77.8365,13.8695],[77.737,13.8105],[77.704,13.7705],[77.679,13.7865],[77.623,13.769],[77.59,13.7395],[77.536,13.7155],[77.488,13.712],[77.458,13.6845],[77.3845,13.6615],[77.3635,13.614],[77.394,13.533],[77.3875,13.501],[77.4465,13.463],[77.5065,13.4575],[77.556,13.4185],[77.593,13.422],[77.664,13.3795],[77.6855,13.3505],[77.755,13.3625],[77.829,13.327],[77.812,13.2625],[77.94,13.268],[78.0135,13.301],[78.049,13.28],[78.098,13.31],[78.1365,13.2875],[78.1395,13.405],[78.183,13.419],[78.202,13.4825],[78.199,13.5665],[78.204,13.6265],[78.1655,13.6585],[78.0895,13.66],[78.119,13.72],[78.0945,13.7435],[78.128,13.7865]]]},"properties":{"shapeName":"Chikkaballapura"}},
{"type":"Feature","geometry":{"type":"Polygon","coordinates":[[[77.457,16.886],[77.427,16.885],[77.3525,16.911],[77.343,16.934],[77.265,16.9285],[77.2135,16.945],[77.1625,16.9155],[77.095,16.9065],[77.0675,16.949],[77.0195,16.899],[76.983,16.8095],[76.9455,16.831],[76.906,16.828],[76.903,16.8925],[76.818,16.8735],[76.791,16.837],[76.7635,16.8385],[76.7165,16.795],[76.6715,16.7895],[76.625,16.765],[76.519,16.751],[76.505,16.7235],[76.4615,16.711],[76.439,16.7075],[76.406,16.6485],[76.4185,16.6],[76.438,16.436],[76.3345,16.425],[76.335,16.3905],[76.303,16.2845],[76.349,16.275],[76.3555,16.227],[76.33,16.192],[76.408,16.236],[76.4795,16.291],[76.516,16.3],[76.581,16.3415],[76.606,16.3405],[76.748,16.413],[76.849,16.4345],[76.8835,16.494],[76.913,16.4865],[76.971,16.506],[76.973,16.554],[77.012,16.5465],[77.015,16.502],[77.0595,16.5185],[77.1155,16.483],[77.146,16.479],[77.172,16.436],[77.2895,16.408],[77.2395,16.473],[77.371,16.489],[77.42,16.5235],[77.426,16.57],[77.469,16.589],[77.4605,16.625],[77.4215,16.6675],[77.47,16.683],[77.4735,16.7135],[77.4315,16.723],[77.44,16.782],[77.4765,16.7915],[77.4765,16.7955],[77.457,16.886]]]},"properties":{"shapeName":"Yadgir"}},
{"type":"Feature","geometry":{"type":"Polygon","coordinates":[[[75.604,12.956],[75.647,13.033],[75.741,13.032],[75.7285,13.098],[75.731,13.1825],[75.755,13.2145],[75.81,13.219],[75.8365,13.2515],[75.897,13.265],[75.9365,13.256],[76.0155,13.2605],[76.042,13.2795],[76.034,13.3475],[76.0565,13.3805],[76.1415,13.4085],[76.163,13.471],[76.232,13.4685],[76.238,13.508],[76.292,13.505],[76.3205,13.5375],[76.365,13.547],[76.355,13.579],[76.2805,13.6065],[76.267,13.6485],[76.2215,13.7125],[76.1525,13.7305],[76.0995,13.8645],[76.035,13.897],[76.032,13.8705],[75.9725,13.856],[75.9415,13.8125],[75.8805,13.8115],[75.826,13.8185],[75.808,13.7955],[75.7615,13.7945],[75.734,13.7705],[75.623,13.7665],[75.5785,13.725],[75.5365,13.762],[75.473,13.712],[75.4445,13.6275],[75.3995,13.5745],[75.375,13.5935],[75.331,13.561],[75.297,13.586],[75.2725,13.52],[75.2305,13.4945],[75.171,13.5075],[75.141,13.4645],[75.1515,13.422],[75.1135,13.359],[75.081,13.3455],[75.116,13.2855],[75.1395,13.291],[75.177,13.203],[75.2005,13.1795],[75.255,13.13],[75.3115,13.1335],[75.353,13.1845],[75.4435,13.1665],[75.4555,13.1145],[75.5775,13.0815],[75.58,13.002],[75.604,12.956]]]},"properties":{"shapeName":"Chikmagalur"}},
{"type":"Feature","geometry":{"type":"Polygon","coordinates":[[[77.026,14.18],[77.0045,14.1995],[77.0105,14.239],[76.944,14.247],[76.9305,14.279],[76.949,14.3125],[76.9045,14.326],[76.8845,14.3585],[76.8885,14.397],[76.979,14.485],[76.912,14.491],[76.8695,14.4815],[76.8495,14.516],[76.805,14.5345],[76.766,14.6025],[76.776,14.68],[76.803,14.741],[76.785,14.7855],[76.839,14.7915],[76.865,14.8975],[76.8695,14.97],[76.7685,14.976],[76.7615,14.989],[76.7345,15.034],[76.674,15.02],[76.6895,14.981],[76.7185,14.9735],[76.6795,14.893],[76.715,14.863],[76.703,14.817],[76.651,14.7575],[76.6535,14.73],[76.6125,14.6875],[76.604,14.625],[76.5385,14.567],[76.509,14.565],[76.534,14.5365],[76.461,14.5025],[76.461,14.452],[76.3845,14.4215],[76.2795,14.4065],[76.2625,14.4425],[76.2055,14.4575],[76.1385,14.4265],[76.1525,14.407],[76.1575,14.3205],[76.1115,14.3165],[76.1325,14.256],[76.0805,14.2445],[76.063,14.2205],[76.0625,14.16],[76.0265,14.1145],[76.055,14.0665],[76.0475,13.941],[76.035,13.897],[76.0995,13.8645],[76.1525,13.7305],[76.2215,13.7125],[76.267,13.6485],[76.2805,13.6065],[76.355,13.579],[76.4115,13.58],[76.462,13.618],[76.519,13.634],[76.574,13.714],[76.661,13.7215],[76.726,13.797],[76.7645,13.7805],[76.768,13.8365],[76.724,13.896],[76.7825,13.9245],[76.8155,13.917],[76.85,13.9635],[76.826,13.995],[76.872,14.01],[76.893,14.048],[76.9525,14.0925],[76.949,14.119],[76.8895,14.138],[76.8975,14.166],[76.9645,14.1825],[77.026,14.18]]]},"properties":{"shapeName":"Chitradurga"}},
{"type":"Feature","geometry":{"type":"Polygon","coordinates":[[[75.082,15.0735],[75.0705,15.0165],[75.105,14.927],[75.0715,14.919],[75.072,14.781],[75.033,14.708],[75.052,14.6495],[75.1025,14.6495],[75.164,14.618],[75.2085,14.6155],[75.2105,14.575],[75.2665,14.58],[75.348,14.484],[75.345,14.4355],[75.379,14.411],[75.3715,14.371],[75.429,14.35],[75.537,14.2785],[75.5805,14.2775],[75.6235,14.338],[75.6425,14.4315],[75.689,14.4905],[75.716,14.4725],[75.7555,14.5145],[75.7965,14.5095],[75.82,14.563],[75.8075,14.594],[75.812,14.6545],[75.7995,14.6815],[75.74,14.687],[75.758,14.7395],[75.6665,14.809],[75.682,14.8425],[75.735,14.8645],[75.698,14.893],[75.703,14.949],[75.6925,14.975],[75.638,14.9935],[75.5965,14.9575],[75.545,14.979],[75.54,15.0275],[75.5,15.0475],[75.4205,15.0625],[75.3695,15.0485],[75.3435,15.0665],[75.3395,15.1605],[75.255,15.1065],[75.1435,15.101],[75.1565,15.146],[75.109,15.1395],[75.081,15.1105],[75.082,15.0735]]]},"properties":{"shapeName":"Haveri"}},
{"type":"Feature","geometry":{"type":"Polygon","coordinates":[[[75.4175,12.503],[75.437,12.5295],[75.473,12.499],[75.466,12.473],[75.5585,12.502],[75.5935,12.5385],[75.619,12.5115],[75.6735,12.556],[75.6495,12.6675],[75.6735,12.7015],[75.6445,12.785],[75.662,12.814],[75.617,12.8325],[75.558,12.916],[75.604,12.956],[75.58,13.002],[75.5775,13.0815],[75.4555,13.1145],[75.4435,13.1665],[75.353,13.1845],[75.3115,13.1335],[75.255,13.13],[75.2005,13.1795],[75.168,13.1405],[75.118,13.1825],[75.0925,13.16],[75.0435,13.167],[74.991,13.156],[74.955,13.1705],[74.9135,13.1505],[74.847,13.1745],[74.7605,13.139],[74.8225,12.8515],[74.868,12.75],[74.9545,12.7845],[75.001,12.789],[75.004,12.719],[75.0505,12.72],[75.049,12.6675],[75.114,12.6815],[75.163,12.6695],[75.1565,12.6255],[75.2035,12.631],[75.216,12.579],[75.2405,12.57],[75.279,12.6175],[75.304,12.605],[75.273,12.5595],[75.3075,12.5025],[75.373,12.4895],[75.4175,12.503]]]},"properties":{"shapeName":"Dakshina Kannada"}},
{"type":"Feature","geometry":{"type":"Polygon","coordinates":[[[77.515,15.9265],[77.5155,16.008],[77.496,16.0365],[77.5085,16.079],[77.492,16.1215],[77.5,16.1925],[77.493,16.255],[77.539,16.268],[77.5485,16.2925],[77.5965,16.3175],[77.5955,16.341],[77.4865,16.383],[77.4165,16.368],[77.2895,16.408],[77.172,16.436],[77.146,16.479],[77.1155,16.483],[77.0595,16.5185],[77.015,16.502],[77.012,16.5465],[76.973,16.554],[76.971,16.506],[76.913,16.4865],[76.8835,16.494],[76.849,16.4345],[76.748,16.413],[76.606,16.3405],[76.581,16.3415],[76.516,16.3],[76.4795,16.291],[76.408,16.236],[76.33,16.192],[76.2825,16.1505],[76.2415,16.166],[76.2365,16.1345],[76.304,16.0735],[76.313,15.9985],[76.303,15.97],[76.329,15.9315],[76.2865,15.902],[76.3615,15.9085],[76.4285,15.8885],[76.452,15.852],[76.445,15.737],[76.5325,15.7],[76.5885,15.6975],[76.6005,15.6735],[76.6935,15.6465],[76.691,15.5955],[76.7485,15.5915],[76.776,15.558],[76.8145,15.5475],[76.8365,15.562],[76.835,15.6165],[76.874,15.6655],[76.9195,15.7005],[76.9285,15.736],[77.029,15.8345],[77.0815,15.915],[77.148,15.946],[77.254,15.962],[77.433,15.9475],[77.515,15.9265]]]},"properties":{"shapeName":"Raichur"}},
{"type":"Feature","geometry":{"type":"Polygon","coordinates":[[[78.199,13.5665],[78.202,13.4825],[78.183,13.419],[78.1395,13.405],[78.1365,13.2875],[78.098,13.31],[78.049,13.28],[78.0135,13.301],[77.94,13.268],[77.9275,13.207],[77.9365,13.149],[77.8965,13.125],[77.849,13.006],[77.8345,12.943],[77.836,12.869],[77.893,12.8685],[77.944,12.8235],[77.9925,12.821],[78.033,12.852],[78.0755,12.841],[78.132,12.781],[78.232,12.764],[78.2535,12.8235],[78.2525,12.8585],[78.3145,12.8585],[78.328,12.904],[78.357,12.9395],[78.39,12.9065],[78.4125,12.944],[78.4695,12.9745],[78.4615,13.037],[78.516,13.064],[78.52,13.131],[78.5805,13.168],[78.571,13.2445],[78.5785,13.283],[78.5125,13.2885],[78.447,13.3095],[78.44,13.328],[78.366,13.366],[78.382,13.4015],[78.378,13.506],[78.4085,13.577],[78.391,13.592],[78.26,13.5845],[78.2185,13.592],[78.199,13.5665]]]},"properties":{"shapeName":"Kolar"}},
{"type":"Feature","geometry":{"type":"Polygon","coordinates":[[[76.4615,16.711],[76.436,16.7635],[76.3725,16.7685],[76.3555,16.8195],[76.3755,16.8595],[76.439,16.868],[76.4305,17.1],[76.388,17.075],[76.365,17.1175],[76.367,17.1765],[76.2435,17.151],[76.131,17.2415],[76.091,17.257],[76.098,17.292],[76.074,17.335],[76.064,17.3545],[75.9315,17.3265],[75.894,17.356],[75.8945,17.408],[75.822,17.422],[75.8115,17.372],[75.7365,17.424],[75.6905,17.415],[75.6805,17.456],[75.635,17.4795],[75.615,17.394],[75.605,17.3055],[75.6595,17.264],[75.6615,17.2105],[75.631,17.1625],[75.6735,17.116],[75.6805,17.0735],[75.6685,16.9805],[75.6445,16.9535],[75.61,16.972],[75.609,17.0055],[75.569,17.0085],[75.5695,16.966],[75.4885,16.968],[75.467,16.988],[75.43,16.966],[75.3935,16.979],[75.344,16.955],[75.3355,16.869],[75.3955,16.8615],[75.379,16.809],[75.3885,16.763],[75.4285,16.7675],[75.493,16.746],[75.4855,16.694],[75.44,16.6975],[75.4625,16.6225],[75.491,16.6005],[75.4795,16.503],[75.5265,16.469],[75.571,16.4885],[75.622,16.4765],[75.6445,16.441],[75.7255,16.391],[75.783,16.3805],[75.96,16.2985],[76.0145,16.3025],[76.0675,16.2595],[76.0645,16.211],[76.1425,16.1815],[76.2415,16.166],[76.2825,16.1505],[76.33,16.192],[76.3555,16.227],[76.349,16.275],[76.303,16.2845],[76.335,16.3905],[76.3345,16.425],[76.438,16.436],[76.4185,16.6],[76.406,16.6485],[76.439,16.7075],[76.4615,16.711]]]},"properties":{"shapeName":"Bijapur"}},
{"type":"Feature","geometry":{"type":"Polygon","coordinates":[[[74.253,15.489],[74.277,15.4465],[74.2845,15.3845],[74.323,15.3705],[74.318,15.333],[74.3365,15.2965],[74.2715,15.278],[74.258,15.2455],[74.3015,15.2265],[74.317,15.1875],[74.2845,15.1465],[74.276,15.1055],[74.2975,15.0435],[74.2685,14.979],[74.2365,14.95],[74.181,14.957],[74.092,14.8995],[74.1245,14.8085],[74.162,14.753],[74.206,14.7285],[74.25,14.7385],[74.282,14.675],[74.2805,14.61],[74.318,14.519],[74.355,14.5085],[74.393,14.418],[74.4135,14.317],[74.4535,14.2],[74.4695,14.189],[74.5145,13.9875],[74.5825,13.926],[74.633,13.9495],[74.6685,13.9855],[74.6785,14.039],[74.641,14.0985],[74.645,14.145],[74.6675,14.1885],[74.73,14.1795],[74.718,14.235],[74.8225,14.2345],[74.858,14.215],[74.9195,14.2325],[74.9415,14.2625],[74.9115,14.29],[74.927,14.323],[74.977,14.336],[74.896,14.476],[74.907,14.5305],[74.98,14.5535],[75,14.4625],[75.0335,14.46],[75.0435,14.502],[75.0275,14.56],[75.028,14.6095],[75.052,14.6495],[75.033,14.708],[75.072,14.781],[75.0715,14.919],[75.105,14.927],[75.0705,15.0165],[75.082,15.0735],[74.9415,15.067],[74.894,15.046],[74.882,15.085],[74.8295,15.1345],[74.878,15.194],[74.91,15.2515],[74.905,15.31],[74.8675,15.322],[74.848,15.3665],[74.8125,15.407],[74.749,15.4155],[74.7,15.411],[74.63,15.368],[74.604,15.4005],[74.577,15.3935],[74.5355,15.42],[74.481,15.397],[74.4245,15.4175],[74.4215,15.463],[74.3765,15.483],[74.3415,15.52],[74.2785,15.5225],[74.253,15.489]]]},"properties":{"shapeName":"Uttara Kannada"}},
{"type":"Feature","geometry":{"type":"Polygon","coordinates":[[[76.035,13.897],[76.0475,13.941],[76.055,14.0665],[76.0265,14.1145],[76.0625,14.16],[76.063,14.2205],[76.0805,14.2445],[76.1325,14.256],[76.1115,14.3165],[76.1575,14.3205],[76.1525,14.407],[76.1385,14.4265],[76.2055,14.4575],[76.2625,14.4425],[76.2795,14.4065],[76.3845,14.4215],[76.461,14.452],[76.461,14.5025],[76.534,14.5365],[76.509,14.565],[76.426,14.5825],[76.4335,14.62],[76.3955,14.629],[76.378,14.6645],[76.3245,14.6935],[76.2505,14.695],[76.232,14.65],[76.1875,14.7015],[76.2035,14.7515],[76.146,14.8105],[76.159,14.849],[76.053,14.919],[75.998,14.899],[75.973,14.908],[75.888,14.8705],[75.829,14.899],[75.8045,14.875],[75.838,14.807],[75.8015,14.77],[75.7735,14.7935],[75.758,14.7395],[75.74,14.687],[75.7995,14.6815],[75.812,14.6545],[75.8075,14.594],[75.82,14.563],[75.7965,14.5095],[75.7555,14.5145],[75.716,14.4725],[75.689,14.4905],[75.6425,14.4315],[75.6235,14.338],[75.5805,14.2775],[75.537,14.2785],[75.5295,14.211],[75.4795,14.2155],[75.462,14.1745],[75.401,14.1155],[75.4545,14.0965],[75.517,14.0975],[75.587,14.058],[75.637,14.0795],[75.6685,14.0665],[75.724,14.0755],[75.7405,14.102],[75.818,14.102],[75.828,13.973],[75.8585,13.915],[75.8805,13.8115],[75.9415,13.8125],[75.9725,13.856],[76.032,13.8705],[76.035,13.897]]]},"properties":{"shapeName":"Davanagere"}},
{"type":"Feature","geometry":{"type":"Polygon","coordinates":[[[75.4205,15.0625],[75.4365,15.107],[75.403,15.175],[75.4355,15.1995],[75.4055,15.2735],[75.452,15.3025],[75.4595,15.3495],[75.494,15.373],[75.496,15.472],[75.474,15.494],[75.4865,15.5315],[75.5325,15.5395],[75.536,15.5915],[75.557,15.6485],[75.505,15.649],[75.49,15.703],[75.4145,15.6565],[75.2795,15.69],[75.2035,15.6825],[75.204,15.651],[75.108,15.6725],[75.0995,15.6275],[74.9685,15.6525],[74.9645,15.6265],[74.8915,15.6305],[74.8435,15.608],[74.8415,15.575],[74.799,15.547],[74.8145,15.504],[74.749,15.4155],[74.8125,15.407],[74.848,15.3665],[74.8675,15.322],[74.905,15.31],[74.91,15.2515],[74.878,15.194],[74.8295,15.1345],[74.882,15.085],[74.894,15.046],[74.9415,15.067],[75.082,15.0735],[75.081,15.1105],[75.109,15.1395],[75.1565,15.146],[75.1435,15.101],[75.255,15.1065],[75.3395,15.1605],[75.3435,15.0665],[75.3695,15.0485],[75.4205,15.0625]]]},"properties":{"shapeName":"Dharwad"}},
{"type":"Feature","geometry":{"type":"Polygon","coordinates":[[[77.268,18.4205],[77.2435,18.411],[77.2095,18.28],[77.181,18.284],[77.143,18.2095],[77.0985,18.1975],[77.112,18.155],[77.061,18.1545],[76.957,18.187],[76.9255,18.1185],[76.9565,18.1125],[76.955,18.04],[76.9205,18.0355],[76.916,17.9395],[76.884,17.8955],[76.8565,17.9005],[76.777,17.8795],[76.743,17.9005],[76.74,17.8595],[76.791,17.829],[76.742,17.7815],[76.695,17.708],[76.693,17.6825],[76.772,17.6475],[76.8375,17.652],[76.9295,17.6355],[76.9815,17.6505],[76.996,17.696],[77.039,17.669],[77.0895,17.6605],[77.117,17.6855],[77.1555,17.6295],[77.1915,17.6165],[77.2315,17.633],[77.278,17.6275],[77.3015,17.5985],[77.3795,17.584],[77.444,17.585],[77.4545,17.6945],[77.5435,17.729],[77.559,17.7645],[77.509,17.786],[77.5305,17.83],[77.621,17.906],[77.6245,17.9475],[77.658,17.9725],[77.611,18.021],[77.5575,18.0375],[77.5715,18.079],[77.602,18.087],[77.602,18.1545],[77.5745,18.192],[77.577,18.243],[77.6035,18.2755],[77.554,18.294],[77.4695,18.2625],[77.4115,18.302],[77.3965,18.343],[77.4045,18.4],[77.368,18.432],[77.317,18.4415],[77.268,18.4205]]]},"properties":{"shapeName":"Bidar"}},
{"type":"Feature","geometry":{"type":"Polygon","coordinates":[[[76.432,11.6675],[76.473,11.6575],[76.467,11.615],[76.4995,11.5965],[76.53,11.6265],[76.6175,11.609],[76.7615,11.6155],[76.8265,11.6065],[76.8475,11.5835],[76.84,11.6385],[76.8635,11.708],[76.891,11.7335],[76.9095,11.7925],[76.9545,11.7905],[77.0145,11.8125],[77.107,11.7325],[77.1245,11.7715],[77.2525,11.8125],[77.296,11.8085],[77.3375,11.769],[77.3665,11.7885],[77.424,11.7725],[77.442,11.7825],[77.468,11.8495],[77.4655,11.901],[77.496,11.9425],[77.5355,11.9325],[77.6765,11.9505],[77.698,12.017],[77.758,12.08],[77.779,12.12],[77.7505,12.1585],[77.738,12.178],[77.6075,12.2065],[77.5225,12.194],[77.4765,12.2125],[77.4735,12.246],[77.431,12.288],[77.348,12.28],[77.3235,12.308],[77.1665,12.31],[77.1705,12.2605],[77.114,12.2435],[77.1345,12.21],[77.047,12.17],[77.0365,12.1415],[76.99,12.145],[76.948,12.099],[76.8755,12.117],[76.8725,12.0575],[76.9125,12.041],[76.8615,11.9975],[76.825,12.0115],[76.768,11.997],[76.654,12.006],[76.6445,11.9835],[76.5845,11.9835],[76.561,11.9465],[76.5775,11.9225],[76.535,11.872],[76.4915,11.8595],[76.493,11.822],[76.4625,11.7915],[76.4245,11.8065],[76.4115,11.715],[76.417,11.676],[76.432,11.6675]]]},"properties":{"shapeName":"Chamarajanagar"}},
{"type":"Feature","geometry":{"type":"Polygon","coordinates":[[[77.457,16.886],[77.4685,16.932],[77.483,16.9945],[77.504,17.0115],[77.467,17.108],[77.4415,17.1175],[77.428,17.118],[77.3645,17.1655],[77.3845,17.2235],[77.459,17.2795],[77.4385,17.292],[77.461,17.349],[77.5255,17.366],[77.5145,17.431],[77.577,17.4335],[77.6155,17.474],[77.6905,17.5095],[77.6615,17.525],[77.553,17.553],[77.532,17.577],[77.4945,17.57],[77.444,17.585],[77.3795,17.584],[77.3015,17.5985],[77.278,17.6275],[77.2315,17.633],[77.1915,17.6165],[77.1555,17.6295],[77.117,17.6855],[77.0895,17.6605],[77.039,17.669],[76.996,17.696],[76.9815,17.6505],[76.9295,17.6355],[76.8375,17.652],[76.772,17.6475],[76.693,17.6825],[76.606,17.758],[76.5255,17.761],[76.5255,17.7175],[76.488,17.716],[76.4865,17.672],[76.4305,17.647],[76.4175,17.6065],[76.333,17.5975],[76.3515,17.4745],[76.375,17.437],[76.3635,17.378],[76.41,17.372],[76.3835,17.3145],[76.2775,17.333],[76.23,17.366],[76.164,17.3435],[76.122,17.369],[76.074,17.335],[76.098,17.292],[76.091,17.257],[76.131,17.2415],[76.2435,17.151],[76.367,17.1765],[76.365,17.1175],[76.388,17.075],[76.4305,17.1],[76.439,16.868],[76.3755,16.8595],[76.3555,16.8195],[76.3725,16.7685],[76.436,16.7635],[76.4615,16.711],[76.505,16.7235],[76.519,16.751],[76.625,16.765],[76.6715,16.7895],[76.7165,16.795],[76.7635,16.8385],[76.791,16.837],[76.818,16.8735],[76.903,16.8925],[76.906,16.828],[76.9455,16.831],[76.983,16.8095],[77.0195,16.899],[77.0675,16.949],[77.095,16.9065],[77.1625,16.9155],[77.2135,16.945],[77.265,16.9285],[77.343,16.934],[77.3525,16.911],[77.427,16.885],[77.457,16.886]]]},"properties":{"shapeName":"Gulbarga"}},
{"type":"Feature","geometry":{"type":"Polygon","coordinates":[[[75.703,14.949],[75.7445,14.9455],[75.7865,15.0005],[75.8415,15.042],[75.8755,15.036],[75.906,15.1325],[75.9515,15.138],[75.9265,15.182],[75.891,15.289],[75.904,15.4035],[75.8665,15.4085],[75.8605,15.4455],[75.824,15.453],[75.819,15.509],[75.861,15.5145],[75.869,15.596],[75.9,15.608],[75.873,15.6745],[75.8725,15.7165],[75.9165,15.702],[75.9695,15.666],[76.008,15.7175],[76.047,15.726],[76.041,15.7695],[75.9905,15.803],[75.9285,15.794],[75.8465,15.8385],[75.779,15.8515],[75.7465,15.8145],[75.6645,15.8375],[75.5405,15.8335],[75.496,15.875],[75.4565,15.8875],[75.4675,15.8295],[75.439,15.7805],[75.417,15.7845],[75.4285,15.8435],[75.3785,15.844],[75.366,15.8055],[75.305,15.8115],[75.315,15.732],[75.2795,15.69],[75.4145,15.6565],[75.49,15.703],[75.505,15.649],[75.557,15.6485],[75.536,15.5915],[75.5325,15.5395],[75.4865,15.5315],[75.474,15.494],[75.496,15.472],[75.494,15.373],[75.4595,15.3495],[75.452,15.3025],[75.4055,15.2735],[75.4355,15.1995],[75.403,15.175],[75.4365,15.107],[75.4205,15.0625],[75.5,15.0475],[75.54,15.0275],[75.545,14.979],[75.5965,14.9575],[75.638,14.9935],[75.6925,14.975],[75.703,14.949]]]},"properties":{"shapeName":"Gadag"}},
{"type":"Feature","geometry":{"type":"Polygon","coordinates":[[[75.141,13.4645],[75.0855,13.535],[75.0875,13.569],[75.0535,13.629],[75.0565,13.67],[75.019,13.7325],[74.9645,13.77],[74.9495,13.8435],[74.8475,13.896],[74.777,13.9175],[74.718,13.908],[74.702,13.9515],[74.6685,13.9855],[74.633,13.9495],[74.5825,13.926],[74.608,13.8645],[74.6455,13.681],[74.6615,13.656],[74.68,13.559],[74.6975,13.407],[74.696,13.348],[74.715,13.32],[74.7605,13.139],[74.847,13.1745],[74.9135,13.1505],[74.955,13.1705],[74.991,13.156],[75.0435,13.167],[75.0925,13.16],[75.118,13.1825],[75.168,13.1405],[75.2005,13.1795],[75.177,13.203],[75.1395,13.291],[75.116,13.2855],[75.081,13.3455],[75.1135,13.359],[75.1515,13.422],[75.141,13.4645]]]},"properties":{"shapeName":"Udupi"}},
{"type":"Feature","geometry":{"type":"Polygon","coordinates":[[[76.2415,16.166],[76.1425,16.1815],[76.0645,16.211],[76.0675,16.2595],[76.0145,16.3025],[75.96,16.2985],[75.783,16.3805],[75.7255,16.391],[75.6445,16.441],[75.622,16.4765],[75.571,16.4885],[75.5265,16.469],[75.4795,16.503],[75.491,16.6005],[75.4625,16.6225],[75.44,16.6975],[75.4855,16.694],[75.493,16.746],[75.4285,16.7675],[75.3885,16.763],[75.3645,16.715],[75.2915,16.714],[75.2645,16.679],[75.268,16.637],[75.1705,16.602],[75.159,16.5305],[75.109,16.51],[75.0665,16.541],[75.009,16.539],[74.994,16.5085],[74.9965,16.459],[75.0255,16.4335],[75.0785,16.4365],[75.0735,16.404],[75.035,16.3875],[75.0345,16.338],[75.137,16.3235],[75.1275,16.2885],[75.233,16.2605],[75.2455,16.207],[75.282,16.1995],[75.292,16.1705],[75.277,16.119],[75.4165,16.1095],[75.417,16.0525],[75.4405,16.0015],[75.4565,15.8875],[75.496,15.875],[75.5405,15.8335],[75.6645,15.8375],[75.7465,15.8145],[75.779,15.8515],[75.8465,15.8385],[75.849,15.8695],[75.7745,15.9145],[75.854,15.9365],[75.904,15.9235],[75.946,15.866],[75.9785,15.868],[75.9765,15.9825],[75.995,16.0045],[76.087,15.9935],[76.061,15.9055],[76.119,15.886],[76.157,15.9125],[76.229,15.94],[76.2865,15.902],[76.329,15.9315],[76.303,15.97],[76.313,15.9985],[76.304,16.0735],[76.2365,16.1345],[76.2415,16.166]]]},"properties":{"shapeName":"Bagalkot"}},
{"type":"Feature","geometry":{"type":"Polygon","coordinates":[[[76.6325,13.0065],[76.609,13.0095],[76.6135,13.069],[76.534,13.0785],[76.4695,13.0965],[76.477,13.142],[76.428,13.1855],[76.373,13.1995],[76.357,13.2515],[76.347,13.361],[76.383,13.3645],[76.419,13.4485],[76.3985,13.492],[76.4025,13.525],[76.365,13.547],[76.3205,13.5375],[76.292,13.505],[76.238,13.508],[76.232,13.4685],[76.163,13.471],[76.1415,13.4085],[76.0565,13.3805],[76.034,13.3475],[76.042,13.2795],[76.0155,13.2605],[75.9365,13.256],[75.897,13.265],[75.8365,13.2515],[75.81,13.219],[75.755,13.2145],[75.731,13.1825],[75.7285,13.098],[75.741,13.032],[75.647,13.033],[75.604,12.956],[75.558,12.916],[75.617,12.8325],[75.662,12.814],[75.6445,12.785],[75.6735,12.7015],[75.708,12.7095],[75.7635,12.676],[75.813,12.701],[75.84,12.6695],[75.8885,12.6775],[75.858,12.724],[75.875,12.781],[75.866,12.8215],[75.929,12.8205],[75.9715,12.797],[75.94,12.7625],[75.9455,12.7175],[75.9675,12.7015],[75.9405,12.6455],[75.9435,12.603],[75.9675,12.5595],[75.994,12.584],[76.0215,12.5675],[76.0485,12.576],[76.1015,12.53],[76.138,12.528],[76.1695,12.58],[76.194,12.575],[76.2295,12.644],[76.3115,12.611],[76.346,12.657],[76.366,12.708],[76.3455,12.733],[76.3715,12.8215],[76.4125,12.847],[76.4705,12.796],[76.5235,12.8425],[76.5775,12.849],[76.5975,12.9215],[76.633,12.973],[76.6325,13.0065]]]},"properties":{"shapeName":"Hassan"}},
{"type":"Feature","geometry":{"type":"Polygon","coordinates":[[[75.8805,13.8115],[75.8585,13.915],[75.828,13.973],[75.818,14.102],[75.7405,14.102],[75.724,14.0755],[75.6685,14.0665],[75.637,14.0795],[75.587,14.058],[75.517,14.0975],[75.4545,14.0965],[75.401,14.1155],[75.462,14.1745],[75.4795,14.2155],[75.5295,14.211],[75.537,14.2785],[75.429,14.35],[75.3715,14.371],[75.379,14.411],[75.345,14.4355],[75.348,14.484],[75.2665,14.58],[75.2105,14.575],[75.2085,14.6155],[75.164,14.618],[75.1025,14.6495],[75.052,14.6495],[75.028,14.6095],[75.0275,14.56],[75.0435,14.502],[75.0335,14.46],[75,14.4625],[74.98,14.5535],[74.907,14.5305],[74.896,14.476],[74.977,14.336],[74.927,14.323],[74.9115,14.29],[74.9415,14.2625],[74.9195,14.2325],[74.858,14.215],[74.8225,14.2345],[74.718,14.235],[74.73,14.1795],[74.6675,14.1885],[74.645,14.145],[74.641,14.0985],[74.6785,14.039],[74.6685,13.9855],[74.702,13.9515],[74.718,13.908],[74.777,13.9175],[74.8475,13.896],[74.9495,13.8435],[74.9645,13.77],[75.019,13.7325],[75.0565,13.67],[75.0535,13.629],[75.0875,13.569],[75.0855,13.535],[75.141,13.4645],[75.171,13.5075],[75.2305,13.4945],[75.2725,13.52],[75.297,13.586],[75.331,13.561],[75.375,13.5935],[75.3995,13.5745],[75.4445,13.6275],[75.473,13.712],[75.5365,13.762],[75.5785,13.725],[75.623,13.7665],[75.734,13.7705],[75.7615,13.7945],[75.808,13.7955],[75.826,13.8185],[75.8805,13.8115]]]},"properties":{"shapeName":"Shimoga"}},
{"type":"Feature","geometry":{"type":"Polygon","coordinates":[[[77.029,15.8345],[76.9285,15.736],[76.9195,15.7005],[76.874,15.6655],[76.835,15.6165],[76.8365,15.562],[76.8145,15.5475],[76.8135,15.516],[76.782,15.494],[76.7035,15.486],[76.67,15.451],[76.6125,15.4425],[76.5925,15.4135],[76.4915,15.3435],[76.3635,15.3265],[76.3415,15.276],[76.384,15.2215],[76.2795,15.193],[76.248,15.16],[76.197,15.2235],[76.111,15.1925],[76.101,15.166],[76.029,15.1445],[75.979,15.154],[75.9515,15.138],[75.906,15.1325],[75.8755,15.036],[75.8415,15.042],[75.7865,15.0005],[75.7445,14.9455],[75.703,14.949],[75.698,14.893],[75.735,14.8645],[75.682,14.8425],[75.6665,14.809],[75.758,14.7395],[75.7735,14.7935],[75.8015,14.77],[75.838,14.807],[75.8045,14.875],[75.829,14.899],[75.888,14.8705],[75.973,14.908],[75.998,14.899],[76.053,14.919],[76.159,14.849],[76.146,14.8105],[76.2035,14.7515],[76.1875,14.7015],[76.232,14.65],[76.2505,14.695],[76.3245,14.6935],[76.378,14.6645],[76.3955,14.629],[76.4335,14.62],[76.426,14.5825],[76.509,14.565],[76.5385,14.567],[76.604,14.625],[76.6125,14.6875],[76.6535,14.73],[76.651,14.7575],[76.703,14.817],[76.715,14.863],[76.6795,14.893],[76.7185,14.9735],[76.6895,14.981],[76.674,15.02],[76.7345,15.034],[76.7615,14.989],[76.789,15.0225],[76.777,15.071],[76.8015,15.0965],[76.8655,15.063],[76.8815,15.035],[76.972,15.0195],[77.051,15.0355],[77.084,15.0065],[77.115,15.035],[77.133,15.1],[77.158,15.138],[77.17,15.175],[77.1465,15.2245],[77.153,15.292],[77.1205,15.296],[77.115,15.3335],[77.074,15.3255],[77.043,15.3645],[77.032,15.441],[76.9795,15.488],[77.0315,15.5055],[77.032,15.635],[77.086,15.6585],[77.0805,15.6965],[77.052,15.7305],[77.0685,15.8285],[77.029,15.8345]]]},"properties":{"shapeName":"Bellary"}},
{"type":"Feature","geometry":{"type":"Polygon","coordinates":[[[75.94,11.939],[76.036,11.94],[76.115,11.978],[76.19,12.0535],[76.172,12.1195],[76.1335,12.199],[76.0835,12.26],[76.024,12.253],[76.001,12.326],[75.9625,12.346],[75.912,12.403],[75.9285,12.4365],[75.976,12.449],[75.965,12.5045],[76.0215,12.5675],[75.994,12.584],[75.9675,12.5595],[75.9435,12.603],[75.9405,12.6455],[75.9675,12.7015],[75.9455,12.7175],[75.94,12.7625],[75.9715,12.797],[75.929,12.8205],[75.866,12.8215],[75.875,12.781],[75.858,12.724],[75.8885,12.6775],[75.84,12.6695],[75.813,12.701],[75.7635,12.676],[75.708,12.7095],[75.6735,12.7015],[75.6495,12.6675],[75.6735,12.556],[75.619,12.5115],[75.5935,12.5385],[75.5585,12.502],[75.466,12.473],[75.473,12.499],[75.437,12.5295],[75.4175,12.503],[75.4275,12.4725],[75.3685,12.413],[75.4245,12.373],[75.416,12.293],[75.487,12.2925],[75.581,12.157],[75.6395,12.149],[75.653,12.112],[75.689,12.109],[75.722,12.069],[75.801,12.081],[75.8035,12.0395],[75.83,11.991],[75.883,11.948],[75.94,11.939]]]},"properties":{"shapeName":"Kodagu"}},
{"type":"Feature","geometry":{"type":"Polygon","coordinates":[[[77.3875,13.501],[77.351,13.4535],[77.3405,13.3305],[77.3095,13.3115],[77.2315,13.312],[77.224,13.2695],[77.19,13.2725],[77.2045,13.1845],[77.219,13.145],[77.2565,13.153],[77.315,13.1065],[77.3125,13.046],[77.3275,12.996],[77.3945,13.0295],[77.4055,13.114],[77.435,13.1555],[77.4625,13.161],[77.4805,13.222],[77.548,13.2325],[77.5995,13.19],[77.621,13.206],[77.73,13.189],[77.735,13.1155],[77.7085,13.0745],[77.73,13.047],[77.7245,13.0095],[77.744,12.979],[77.7355,12.9165],[77.771,12.904],[77.8205,12.853],[77.836,12.869],[77.8345,12.943],[77.849,13.006],[77.8965,13.125],[77.9365,13.149],[77.9275,13.207],[77.94,13.268],[77.812,13.2625],[77.829,13.327],[77.755,13.3625],[77.6855,13.3505],[77.664,13.3795],[77.593,13.422],[77.556,13.4185],[77.5065,13.4575],[77.4465,13.463],[77.3875,13.501]]]},"properties":{"shapeName":"Bangalore Rural"}},
{"type":"Feature","geometry":{"type":"MultiPolygon","coordinates":[[[[76.9525,14.0925],[76.893,14.048],[76.872,14.01],[76.826,13.995],[76.85,13.9635],[76.8155,13.917],[76.7825,13.9245],[76.724,13.896],[76.768,13.8365],[76.7645,13.7805],[76.726,13.797],[76.661,13.7215],[76.574,13.714],[76.519,13.634],[76.462,13.618],[76.4115,13.58],[76.355,13.579],[76.365,13.547],[76.4025,13.525],[76.3985,13.492],[76.419,13.4485],[76.383,13.3645],[76.347,13.361],[76.357,13.2515],[76.373,13.1995],[76.428,13.1855],[76.477,13.142],[76.4695,13.0965],[76.534,13.0785],[76.6135,13.069],[76.609,13.0095],[76.6325,13.0065],[76.6745,13.055],[76.763,13.036],[76.828,13.0015],[76.8405,12.9455],[76.8885,12.899],[76.893,12.854],[76.926,12.8055],[76.972,12.8035],[77.011,12.765],[77.082,12.747],[77.101,12.7755],[77.15,12.784],[77.158,12.826],[77.134,12.8595],[77.161,12.957],[77.11,12.9955],[77.0855,13.0365],[77.083,13.133],[77.1575,13.1925],[77.2045,13.1845],[77.19,13.2725],[77.224,13.2695],[77.2315,13.312],[77.3095,13.3115],[77.3405,13.3305],[77.351,13.4535],[77.3875,13.501],[77.394,13.533],[77.3635,13.614],[77.3845,13.6615],[77.458,13.6845],[77.4705,13.752],[77.459,13.794],[77.4165,13.8075],[77.434,13.838],[77.3275,13.834],[77.3145,13.8655],[77.258,13.8475],[77.2475,13.902],[77.2,13.864],[77.1465,13.867],[77.169,13.8235],[77.174,13.7625],[77.1025,13.769],[77.067,13.7465],[77.042,13.777],[76.9995,13.7505],[76.9755,13.818],[77.0125,13.8575],[77.0425,13.933],[76.9955,13.964],[77.001,13.989],[76.9375,14.03],[76.9525,14.0925]]],[[[77.0105,14.239],[77.0045,14.1995],[77.026,14.18],[77.017,14.0995],[77.03,14.0605],[77.128,14.05],[77.141,14.006],[77.2855,14.015],[77.321,14.033],[77.351,13.959],[77.356,13.9045],[77.427,13.903],[77.394,13.982],[77.391,14.0155],[77.3335,14.031],[77.3455,14.062],[77.403,14.1115],[77.384,14.1375],[77.397,14.173],[77.518,14.18],[77.4975,14.2355],[77.507,14.2685],[77.4495,14.3175],[77.402,14.337],[77.382,14.303],[77.408,14.2685],[77.422,14.211],[77.391,14.1995],[77.3625,14.238],[77.3665,14.277],[77.2865,14.2835],[77.288,14.3385],[77.203,14.322],[77.1585,14.345],[77.1185,14.295],[77.1165,14.229],[77.0815,14.2165],[77.056,14.2465],[77.0105,14.239]]]]},"properties":{"shapeName":"Tumkur"}},
{"type":"Feature","geometry":{"type":"Polygon","coordinates":[[[74.2785,15.5225],[74.3415,15.52],[74.3765,15.483],[74.4215,15.463],[74.4245,15.4175],[74.481,15.397],[74.5355,15.42],[74.577,15.3935],[74.604,15.4005],[74.63,15.368],[74.7,15.411],[74.749,15.4155],[74.8145,15.504],[74.799,15.547],[74.8415,15.575],[74.8435,15.608],[74.8915,15.6305],[74.9645,15.6265],[74.9685,15.6525],[75.0995,15.6275],[75.108,15.6725],[75.204,15.651],[75.2035,15.6825],[75.2795,15.69],[75.315,15.732],[75.305,15.8115],[75.366,15.8055],[75.3785,15.844],[75.4285,15.8435],[75.417,15.7845],[75.439,15.7805],[75.4675,15.8295],[75.4565,15.8875],[75.4405,16.0015],[75.417,16.0525],[75.4165,16.1095],[75.277,16.119],[75.292,16.1705],[75.282,16.1995],[75.2455,16.207],[75.233,16.2605],[75.1275,16.2885],[75.137,16.3235],[75.0345,16.338],[75.035,16.3875],[75.0735,16.404],[75.0785,16.4365],[75.0255,16.4335],[74.9965,16.459],[74.994,16.5085],[75.009,16.539],[75.0665,16.541],[75.109,16.51],[75.159,16.5305],[75.1705,16.602],[75.268,16.637],[75.2645,16.679],[75.2915,16.714],[75.3645,16.715],[75.3885,16.763],[75.379,16.809],[75.3955,16.8615],[75.3355,16.869],[75.344,16.955],[75.283,16.956],[75.284,16.8815],[75.228,16.8435],[75.181,16.8445],[75.1695,16.8675],[75.0925,16.9235],[75.001,16.948],[74.95,16.909],[74.909,16.8585],[74.913,16.788],[74.847,16.763],[74.7755,16.751],[74.733,16.7185],[74.694,16.7175],[74.692,16.6775],[74.6565,16.64],[74.6865,16.607],[74.5875,16.558],[74.555,16.5625],[74.547,16.6355],[74.493,16.629],[74.4675,16.6075],[74.3985,16.581],[74.38,16.53],[74.3265,16.556],[74.271,16.523],[74.289,16.477],[74.3335,16.4545],[74.337,16.403],[74.318,16.3565],[74.3435,16.294],[74.375,16.296],[74.4175,16.26],[74.4795,16.2495],[74.5035,16.2255],[74.4845,16.09],[74.4295,16.1135],[74.366,16.0625],[74.385,16.038],[74.4355,16.06],[74.463,16.0495],[74.4305,15.954],[74.387,15.904],[74.4065,15.8555],[74.3775,15.8505],[74.366,15.7855],[74.2865,15.7425],[74.238,15.7475],[74.2115,15.782],[74.1615,15.7525],[74.1295,15.7125],[74.1195,15.6535],[74.2495,15.6575],[74.262,15.62],[74.2485,15.569],[74.2785,15.5225]]]},"properties":{"shapeName":"Belgaum"}},
{"type":"Feature","geometry":{"type":"Polygon","coordinates":[[[76.2865,15.902],[76.229,15.94],[76.157,15.9125],[76.119,15.886],[76.061,15.9055],[76.087,15.9935],[75.995,16.0045],[75.9765,15.9825],[75.9785,15.868],[75.946,15.866],[75.904,15.9235],[75.854,15.9365],[75.7745,15.9145],[75.849,15.8695],[75.8465,15.8385],[75.9285,15.794],[75.9905,15.803],[76.041,15.7695],[76.047,15.726],[76.008,15.7175],[75.9695,15.666],[75.9165,15.702],[75.8725,15.7165],[75.873,15.6745],[75.9,15.608],[75.869,15.596],[75.861,15.5145],[75.819,15.509],[75.824,15.453],[75.8605,15.4455],[75.8665,15.4085],[75.904,15.4035],[75.891,15.289],[75.9265,15.182],[75.9515,15.138],[75.979,15.154],[76.029,15.1445],[76.101,15.166],[76.111,15.1925],[76.197,15.2235],[76.248,15.16],[76.2795,15.193],[76.384,15.2215],[76.3415,15.276],[76.3635,15.3265],[76.4915,15.3435],[76.5925,15.4135],[76.6125,15.4425],[76.67,15.451],[76.7035,15.486],[76.782,15.494],[76.8135,15.516],[76.8145,15.5475],[76.776,15.558],[76.7485,15.5915],[76.691,15.5955],[76.6935,15.6465],[76.6005,15.6735],[76.5885,15.6975],[76.5325,15.7],[76.445,15.737],[76.452,15.852],[76.4285,15.8885],[76.3615,15.9085],[76.2865,15.902]]]},"properties":{"shapeName":"Koppal"}},
{"type":"Feature","geometry":{"type":"Polygon","coordinates":[[[77.3275,12.996],[77.3495,12.8685],[77.379,12.8545],[77.4135,12.877],[77.481,12.8065],[77.4785,12.755],[77.5075,12.7365],[77.553,12.7745],[77.56,12.7315],[77.619,12.7065],[77.5995,12.658],[77.6645,12.684],[77.6785,12.6605],[77.761,12.6975],[77.769,12.7395],[77.8205,12.853],[77.771,12.904],[77.7355,12.9165],[77.744,12.979],[77.7245,13.0095],[77.73,13.047],[77.7085,13.0745],[77.735,13.1155],[77.73,13.189],[77.621,13.206],[77.5995,13.19],[77.548,13.2325],[77.4805,13.222],[77.4625,13.161],[77.435,13.1555],[77.4055,13.114],[77.3945,13.0295],[77.3275,12.996]]]},"properties":{"shapeName":"Bangalore"}},
{"type":"Feature","geometry":{"type":"Polygon","coordinates":[[[77.3235,12.308],[77.348,12.28],[77.431,12.288],[77.4735,12.246],[77.481,12.272],[77.529,12.2795],[77.567,12.3075],[77.6145,12.364],[77.636,12.4875],[77.589,12.517],[77.5805,12.568],[77.5995,12.658],[77.619,12.7065],[77.56,12.7315],[77.553,12.7745],[77.5075,12.7365],[77.4785,12.755],[77.481,12.8065],[77.4135,12.877],[77.379,12.8545],[77.3495,12.8685],[77.3275,12.996],[77.3125,13.046],[77.315,13.1065],[77.2565,13.153],[77.219,13.145],[77.2045,13.1845],[77.1575,13.1925],[77.083,13.133],[77.0855,13.0365],[77.11,12.9955],[77.161,12.957],[77.134,12.8595],[77.158,12.826],[77.15,12.784],[77.101,12.7755],[77.082,12.747],[77.0775,12.6795],[77.101,12.668],[77.1155,12.554],[77.1485,12.463],[77.1675,12.4835],[77.215,12.487],[77.27,12.466],[77.288,12.393],[77.315,12.391],[77.3345,12.3545],[77.3235,12.308]]]},"properties":{"shapeName":"Ramanagara"}},
{"type":"Feature","geometry":{"type":"Polygon","coordinates":[[[76.8225,20.281],[76.8275,20.2465],[76.7875,20.2035],[76.751,20.2095],[76.7595,20.1315],[76.6715,20.127],[76.6255,20.0505],[76.6635,20.0485],[76.6605,19.977],[76.6155,19.9075],[76.6575,19.8975],[76.6475,19.866],[76.74,19.8725],[76.774,19.9335],[76.824,19.9275],[76.838,19.9615],[76.9015,19.963],[76.9735,19.995],[77.037,20.011],[77.0955,19.9675],[77.1485,20.002],[77.2055,19.991],[77.215,19.937],[77.2505,19.893],[77.2865,19.911],[77.3255,19.957],[77.3745,20.047],[77.3775,20.0945],[77.4665,20.072],[77.5265,20.0945],[77.5815,20.0305],[77.6265,20.042],[77.6725,20.105],[77.682,20.1695],[77.6475,20.1905],[77.669,20.248],[77.6125,20.2645],[77.5685,20.334],[77.576,20.393],[77.602,20.4455],[77.648,20.4495],[77.6555,20.4875],[77.6875,20.5185],[77.6535,20.565],[77.6315,20.5675],[77.6565,20.6475],[77.6375,20.658],[77.6335,20.7385],[77.6165,20.7605],[77.5665,20.7215],[77.5225,20.732],[77.4535,20.657],[77.4675,20.6105],[77.413,20.588],[77.341,20.577],[77.3295,20.499],[77.3495,20.4655],[77.302,20.448],[77.296,20.4205],[77.226,20.4485],[77.196,20.4115],[77.133,20.4005],[77.056,20.449],[77.0255,20.451],[76.9805,20.3725],[76.901,20.341],[76.8855,20.298],[76.8225,20.281]]]},"properties":{"shapeName":"Washim"}},
{"type":"Feature","geometry":{"type":"Polygon","coordinates":[[[73.7825,19.3865],[73.815,19.3935],[73.8585,19.3595],[73.8855,19.377],[73.932,19.341],[74.001,19.358],[74.0295,19.311],[74.028,19.2695],[74.0545,19.2445],[74.1295,19.221],[74.2255,19.2035],[74.269,19.185],[74.237,19.124],[74.2115,19.126],[74.1765,19.0425],[74.224,18.977],[74.2955,18.904],[74.3125,18.854],[74.3985,18.831],[74.387,18.809],[74.4005,18.742],[74.426,18.7495],[74.4765,18.69],[74.4765,18.6485],[74.545,18.584],[74.574,18.533],[74.551,18.5145],[74.5815,18.474],[74.644,18.4505],[74.6645,18.4895],[74.7015,18.5065],[74.728,18.4805],[74.7155,18.431],[74.7355,18.3985],[74.7825,18.4085],[74.8095,18.387],[74.7955,18.356],[74.8345,18.338],[74.9085,18.357],[74.917,18.378],[75.0075,18.4065],[75.017,18.4375],[75.06,18.4205],[75.0935,18.4345],[75.1065,18.49],[75.136,18.527],[75.1605,18.5205],[75.241,18.544],[75.262,18.5095],[75.3155,18.5195],[75.347,18.5625],[75.42,18.534],[75.4535,18.5895],[75.5085,18.6225],[75.5495,18.683],[75.588,18.698],[75.5575,18.7415],[75.505,18.724],[75.4465,18.7615],[75.4285,18.809],[75.3875,18.773],[75.328,18.799],[75.255,18.7215],[75.175,18.7365],[75.16,18.6505],[75.0745,18.7185],[74.968,18.8255],[74.9245,18.829],[74.8985,18.8795],[74.8295,18.939],[74.879,18.9835],[74.918,18.961],[74.9615,18.997],[74.9535,19.0335],[74.9175,19.0405],[74.9435,19.127],[75.0615,19.0995],[75.0765,19.054],[75.2095,19.0345],[75.191,19.0935],[75.2195,19.1115],[75.236,19.0625],[75.2715,19.0535],[75.275,18.992],[75.3155,18.979],[75.348,19.0235],[75.2885,19.033],[75.309,19.094],[75.3655,19.077],[75.411,19.0795],[75.488,19.1045],[75.4495,19.1255],[75.4465,19.2175],[75.465,19.253],[75.5185,19.277],[75.5425,19.309],[75.52,19.3305],[75.5365,19.3755],[75.4885,19.387],[75.48,19.4215],[75.4125,19.418],[75.367,19.398],[75.333,19.4375],[75.357,19.5015],[75.3155,19.4945],[75.2325,19.5405],[75.1955,19.594],[75.131,19.5925],[75.001,19.6225],[74.9675,19.648],[74.8895,19.657],[74.854,19.6485],[74.826,19.673],[74.79,19.65],[74.7885,19.7175],[74.731,19.7],[74.721,19.778],[74.693,19.769],[74.637,19.795],[74.5945,19.777],[74.6075,19.8505],[74.649,19.862],[74.65,19.9105],[74.6745,19.9475],[74.5745,19.955],[74.5325,19.976],[74.481,19.967],[74.321,19.986],[74.251,19.9375],[74.279,19.909],[74.3655,19.871],[74.3645,19.8025],[74.32,19.768],[74.2795,19.779],[74.247,19.7445],[74.1685,19.7285],[74.1225,19.6445],[74.0715,19.6605],[73.9165,19.6825],[73.9025,19.747],[73.844,19.7415],[73.7805,19.636],[73.6645,19.587],[73.6215,19.5875],[73.6275,19.5435],[73.701,19.506],[73.677,19.4635],[73.692,19.44],[73.7825,19.3865]]]},"properties":{"shapeName":"Ahmadnagar"}},
{"type":"Feature","geometry":{"type":"Polygon","coordinates":[[[77.268,18.4205],[77.287,18.4745],[77.248,18.5],[77.297,18.548],[77.2675,18.566],[77.2715,18.6115],[77.215,18.6255],[77.2005,18.648],[77.1565,18.647],[77.1575,18.702],[77.047,18.6835],[77.0575,18.7665],[77.009,18.768],[76.996,18.828],[76.886,18.8355],[76.7465,18.775],[76.728,18.75],[76.738,18.703],[76.6865,18.6925],[76.661,18.6485],[76.6135,18.6745],[76.5645,18.637],[76.5355,18.6455],[76.48,18.6165],[76.459,18.6325],[76.353,18.565],[76.2775,18.5575],[76.256,18.5195],[76.2725,18.421],[76.2265,18.4295],[76.207,18.39],[76.2905,18.38],[76.286,18.3415],[76.3195,18.3295],[76.303,18.2305],[76.278,18.14],[76.332,18.075],[76.3825,18.09],[76.429,18.031],[76.5485,18.025],[76.5975,18.0335],[76.626,18.0005],[76.6775,17.9975],[76.6905,17.971],[76.6765,17.9225],[76.743,17.9005],[76.777,17.8795],[76.8565,17.9005],[76.884,17.8955],[76.916,17.9395],[76.9205,18.0355],[76.955,18.04],[76.9565,18.1125],[76.9255,18.1185],[76.957,18.187],[77.061,18.1545],[77.112,18.155],[77.0985,18.1975],[77.143,18.2095],[77.181,18.284],[77.2095,18.28],[77.2435,18.411],[77.268,18.4205]]]},"properties":{"shapeName":"Latur"}},
{"type":"Feature","geometry":{"type":"Polygon","coordinates":[[[76.074,17.335],[76.122,17.369],[76.164,17.3435],[76.23,17.366],[76.2775,17.333],[76.3835,17.3145],[76.41,17.372],[76.3635,17.378],[76.375,17.437],[76.3515,17.4745],[76.333,17.5975],[76.4175,17.6065],[76.4305,17.647],[76.382,17.6605],[76.38,17.6865],[76.32,17.698],[76.3,17.73],[76.1905,17.683],[76.1505,17.7],[76.1465,17.755],[76.097,17.7795],[76.004,17.7545],[76.0195,17.83],[75.9405,17.8525],[75.9205,17.8335],[75.877,17.847],[75.846,17.8925],[75.8405,17.979],[75.8705,18.014],[75.9135,17.979],[75.9975,17.9935],[76.017,18.0405],[75.9625,18.0905],[75.944,18.1295],[75.961,18.1595],[75.928,18.2615],[75.925,18.303],[75.888,18.3645],[75.7995,18.385],[75.7645,18.4405],[75.7295,18.435],[75.712,18.3935],[75.733,18.3615],[75.6905,18.325],[75.6565,18.3335],[75.62,18.275],[75.631,18.246],[75.5755,18.241],[75.534,18.135],[75.492,18.175],[75.466,18.162],[75.43,18.1855],[75.43,18.2645],[75.361,18.371],[75.3075,18.393],[75.3005,18.499],[75.3155,18.5195],[75.262,18.5095],[75.241,18.544],[75.1605,18.5205],[75.136,18.527],[75.1065,18.49],[75.0935,18.4345],[75.06,18.4205],[75.017,18.4375],[75.0075,18.4065],[74.917,18.378],[74.9085,18.357],[74.8345,18.338],[74.834,18.247],[74.952,18.264],[74.994,18.2415],[75.023,18.188],[75.083,18.2185],[75.115,18.2005],[75.0945,18.123],[75.1465,18.124],[75.131,18.076],[75.093,18.069],[75.026,17.982],[75.136,17.9705],[75.1155,17.9375],[75.0855,17.9395],[75.019,17.908],[74.8705,17.9515],[74.855,17.9955],[74.7115,18.0305],[74.6655,18.0015],[74.669,17.976],[74.6265,17.8315],[74.68,17.851],[74.6865,17.8105],[74.8205,17.748],[74.89,17.676],[74.9065,17.6275],[74.99,17.5425],[74.945,17.519],[74.9855,17.4665],[75.0285,17.4945],[75.0355,17.4205],[75.008,17.4115],[75.008,17.369],[74.9765,17.349],[74.963,17.294],[74.9105,17.275],[74.8675,17.196],[74.9045,17.175],[74.948,17.1775],[75.018,17.226],[75.0805,17.2225],[75.1,17.244],[75.176,17.24],[75.1925,17.2675],[75.249,17.256],[75.226,17.184],[75.27,17.184],[75.29,17.216],[75.3625,17.2365],[75.404,17.212],[75.423,17.2655],[75.516,17.24],[75.558,17.2855],[75.605,17.3055],[75.615,17.394],[75.635,17.4795],[75.6805,17.456],[75.6905,17.415],[75.7365,17.424],[75.8115,17.372],[75.822,17.422],[75.8945,17.408],[75.894,17.356],[75.9315,17.3265],[76.064,17.3545],[76.074,17.335]]]},"properties":{"shapeName":"Solapur"}},
{"type":"Feature","geometry":{"type":"Polygon","coordinates":[[[73.4685,20.722],[73.4085,20.6265],[73.433,20.5955],[73.474,20.584],[73.469,20.4955],[73.4415,20.467],[73.407,20.382],[73.4185,20.3165],[73.4125,20.243],[73.4225,20.2065],[73.368,20.1955],[73.303,20.208],[73.2855,20.1545],[73.251,20.1255],[73.2965,20.061],[73.3655,20.0215],[73.407,20.0175],[73.4535,19.9825],[73.425,19.9165],[73.463,19.76],[73.502,19.7595],[73.5075,19.7075],[73.565,19.643],[73.568,19.622],[73.6215,19.5875],[73.6645,19.587],[73.7805,19.636],[73.844,19.7415],[73.9025,19.747],[73.9165,19.6825],[74.0715,19.6605],[74.1225,19.6445],[74.1685,19.7285],[74.247,19.7445],[74.2795,19.779],[74.32,19.768],[74.3645,19.8025],[74.3655,19.871],[74.279,19.909],[74.251,19.9375],[74.321,19.986],[74.481,19.967],[74.5325,19.976],[74.5745,19.955],[74.6745,19.9475],[74.6865,19.99],[74.739,20.083],[74.7165,20.1355],[74.725,20.191],[74.765,20.1835],[74.8175,20.245],[74.8595,20.2275],[74.857,20.1775],[74.9,20.1775],[74.925,20.154],[74.936,20.2705],[74.871,20.2775],[74.839,20.418],[74.7745,20.471],[74.763,20.539],[74.7965,20.54],[74.816,20.6345],[74.8065,20.657],[74.739,20.668],[74.711,20.69],[74.652,20.6955],[74.662,20.737],[74.6235,20.799],[74.5755,20.8245],[74.423,20.806],[74.3885,20.835],[74.3405,20.852],[74.23,20.8515],[74.127,20.8655],[74.049,20.836],[73.94,20.8395],[73.9355,20.7685],[73.9155,20.723],[73.8835,20.731],[73.837,20.702],[73.8405,20.6235],[73.79,20.605],[73.742,20.5675],[73.695,20.5785],[73.6595,20.563],[73.6305,20.5795],[73.6195,20.621],[73.5425,20.6625],[73.4805,20.6755],[73.4685,20.722]]]},"properties":{"shapeName":"Nashik"}},
{"type":"Feature","geometry":{"type":"Polygon","coordinates":[[[76.743,17.9005],[76.6765,17.9225],[76.6905,17.971],[76.6775,17.9975],[76.626,18.0005],[76.5975,18.0335],[76.5485,18.025],[76.429,18.031],[76.3825,18.09],[76.332,18.075],[76.278,18.14],[76.303,18.2305],[76.3195,18.3295],[76.286,18.3415],[76.2905,18.38],[76.207,18.39],[76.2265,18.4295],[76.2725,18.421],[76.256,18.5195],[76.2775,18.5575],[76.255,18.5775],[76.0995,18.5885],[76.0505,18.577],[76.029,18.6025],[75.959,18.608],[75.942,18.646],[75.895,18.649],[75.826,18.6715],[75.797,18.6565],[75.7535,18.681],[75.6735,18.691],[75.6675,18.6505],[75.622,18.662],[75.588,18.698],[75.5495,18.683],[75.5085,18.6225],[75.4535,18.5895],[75.42,18.534],[75.347,18.5625],[75.3155,18.5195],[75.3005,18.499],[75.3075,18.393],[75.361,18.371],[75.43,18.2645],[75.43,18.1855],[75.466,18.162],[75.492,18.175],[75.534,18.135],[75.5755,18.241],[75.631,18.246],[75.62,18.275],[75.6565,18.3335],[75.6905,18.325],[75.733,18.3615],[75.712,18.3935],[75.7295,18.435],[75.7645,18.4405],[75.7995,18.385],[75.888,18.3645],[75.925,18.303],[75.928,18.2615],[75.961,18.1595],[75.944,18.1295],[75.9625,18.0905],[76.017,18.0405],[75.9975,17.9935],[75.9135,17.979],[75.8705,18.014],[75.8405,17.979],[75.846,17.8925],[75.877,17.847],[75.9205,17.8335],[75.9405,17.8525],[76.0195,17.83],[76.004,17.7545],[76.097,17.7795],[76.1465,17.755],[76.1505,17.7],[76.1905,17.683],[76.3,17.73],[76.32,17.698],[76.38,17.6865],[76.382,17.6605],[76.4305,17.647],[76.4865,17.672],[76.488,17.716],[76.5255,17.7175],[76.5255,17.761],[76.606,17.758],[76.693,17.6825],[76.695,17.708],[76.742,17.7815],[76.791,17.829],[76.74,17.8595],[76.743,17.9005]]]},"properties":{"shapeName":"Osmanabad"}},
{"type":"Feature","geometry":{"type":"Polygon","coordinates":[[[74.1195,15.6535],[74.1295,15.7125],[74.1615,15.7525],[74.2115,15.782],[74.1745,15.775],[74.1605,15.8225],[74.078,15.8345],[74.0885,15.868],[74.082,15.9345],[74.0505,15.9505],[74.085,16.0045],[74.0495,16.035],[74.003,16.0385],[74,16.088],[73.949,16.0995],[73.9025,16.09],[73.8465,16.1085],[73.855,16.134],[73.948,16.173],[73.943,16.207],[73.854,16.3115],[73.8395,16.3445],[73.8675,16.3745],[73.839,16.404],[73.889,16.4495],[73.827,16.5445],[73.865,16.614],[73.855,16.651],[73.769,16.6605],[73.769,16.604],[73.691,16.625],[73.6625,16.577],[73.5825,16.5445],[73.542,16.516],[73.502,16.521],[73.4665,16.494],[73.418,16.5135],[73.3765,16.513],[73.3515,16.535],[73.311,16.5415],[73.386,16.358],[73.4275,16.2095],[73.44,16.1875],[73.4895,15.988],[73.521,15.9395],[73.5885,15.908],[73.626,15.8515],[73.674,15.7285],[73.826,15.7405],[73.8535,15.7975],[73.8765,15.7505],[73.9395,15.7395],[73.9675,15.691],[73.9705,15.6295],[74,15.607],[74.0845,15.6295],[74.1195,15.6535]]]},"properties":{"shapeName":"Sindhudurg"}},
{"type":"Feature","geometry":{"type":"Polygon","coordinates":[[[74.694,16.7175],[74.649,16.752],[74.633,16.7865],[74.561,16.807],[74.5365,16.8465],[74.496,16.8575],[74.415,16.8425],[74.3665,16.8535],[74.2985,16.8925],[74.251,16.887],[74.178,16.8995],[74.149,16.8845],[74.122,16.9125],[74.079,16.9055],[74.0245,16.943],[74.024,16.985],[73.9725,16.994],[73.9845,17.029],[73.9165,17.075],[73.8505,17.1535],[73.774,17.178],[73.6905,17.159],[73.79,17.094],[73.824,17.039],[73.835,16.9915],[73.789,16.9935],[73.767,16.9635],[73.794,16.913],[73.7495,16.9055],[73.7705,16.855],[73.739,16.8215],[73.793,16.7635],[73.842,16.7395],[73.8285,16.6985],[73.855,16.651],[73.865,16.614],[73.827,16.5445],[73.889,16.4495],[73.839,16.404],[73.8675,16.3745],[73.8395,16.3445],[73.854,16.3115],[73.943,16.207],[73.948,16.173],[73.855,16.134],[73.8465,16.1085],[73.9025,16.09],[73.949,16.0995],[74,16.088],[74.003,16.0385],[74.0495,16.035],[74.085,16.0045],[74.0505,15.9505],[74.082,15.9345],[74.0885,15.868],[74.078,15.8345],[74.1605,15.8225],[74.1745,15.775],[74.2115,15.782],[74.238,15.7475],[74.2865,15.7425],[74.366,15.7855],[74.3775,15.8505],[74.4065,15.8555],[74.387,15.904],[74.4305,15.954],[74.463,16.0495],[74.4355,16.06],[74.385,16.038],[74.366,16.0625],[74.4295,16.1135],[74.4845,16.09],[74.5035,16.2255],[74.4795,16.2495],[74.4175,16.26],[74.375,16.296],[74.3435,16.294],[74.318,16.3565],[74.337,16.403],[74.3335,16.4545],[74.289,16.477],[74.271,16.523],[74.3265,16.556],[74.38,16.53],[74.3985,16.581],[74.4675,16.6075],[74.493,16.629],[74.547,16.6355],[74.555,16.5625],[74.5875,16.558],[74.6865,16.607],[74.6565,16.64],[74.692,16.6775],[74.694,16.7175]]]},"properties":{"shapeName":"Kolhapur"}},
{"type":"Feature","geometry":{"type":"Polygon","coordinates":[[[79.7925,19.5965],[79.787,19.718],[79.748,19.7795],[79.744,19.817],[79.8055,19.8935],[79.777,19.9505],[79.781,20.001],[79.849,20.033],[79.8715,19.9845],[79.913,19.968],[79.951,19.9855],[79.9915,20.045],[79.9785,20.104],[79.914,20.1415],[79.9355,20.188],[79.9965,20.2185],[79.9455,20.2945],[79.974,20.361],[79.9415,20.4475],[79.953,20.5285],[79.928,20.553],[79.946,20.6295],[79.9335,20.667],[79.8795,20.685],[79.753,20.6865],[79.694,20.6695],[79.6235,20.6735],[79.6135,20.6915],[79.5095,20.7045],[79.4355,20.6595],[79.376,20.678],[79.322,20.584],[79.225,20.5825],[79.215,20.547],[79.1675,20.506],[79.131,20.4545],[79.0245,20.479],[79.0025,20.448],[78.9515,20.429],[78.8995,20.438],[78.8195,20.388],[78.834,20.334],[78.8025,20.2985],[78.8205,20.2475],[78.861,20.253],[78.922,20.238],[78.961,20.2075],[78.9555,20.169],[79.071,20.0645],[79.1155,19.989],[79.0955,19.9155],[79.152,19.8935],[79.1365,19.866],[79.067,19.816],[79.03,19.802],[78.9585,19.804],[78.9495,19.749],[78.9035,19.7375],[78.85,19.7605],[78.8695,19.6985],[78.8645,19.658],[78.922,19.6695],[78.975,19.6515],[78.984,19.582],[78.971,19.5525],[79.109,19.5305],[79.1955,19.4615],[79.243,19.5295],[79.2615,19.6135],[79.42,19.536],[79.448,19.536],[79.477,19.5005],[79.52,19.521],[79.6075,19.511],[79.628,19.568],[79.72,19.5865],[79.747,19.606],[79.7925,19.5965]]]},"properties":{"shapeName":"Chandrapur"}},
{"type":"Feature","geometry":{"type":"Polygon","coordinates":[[[77.6165,20.7605],[77.613,20.796],[77.5715,20.809],[77.53,20.8485],[77.468,20.881],[77.453,20.852],[77.354,20.8445],[77.313,20.857],[77.1745,20.855],[77.135,20.864],[77.174,21.0235],[77.1765,21.0755],[77.1655,21.2375],[77.0805,21.2175],[77.0445,21.244],[77.0065,21.2075],[76.8565,21.1915],[76.7845,21.1895],[76.7895,21.1225],[76.779,21.0035],[76.7855,20.9295],[76.6965,20.908],[76.7635,20.8585],[76.746,20.799],[76.772,20.788],[76.761,20.7235],[76.736,20.716],[76.7405,20.666],[76.773,20.628],[76.771,20.5135],[76.713,20.5085],[76.6945,20.459],[76.728,20.4075],[76.7005,20.354],[76.7935,20.316],[76.8225,20.281],[76.8855,20.298],[76.901,20.341],[76.9805,20.3725],[77.0255,20.451],[77.056,20.449],[77.133,20.4005],[77.196,20.4115],[77.226,20.4485],[77.296,20.4205],[77.302,20.448],[77.3495,20.4655],[77.3295,20.499],[77.341,20.577],[77.413,20.588],[77.4675,20.6105],[77.4535,20.657],[77.5225,20.732],[77.5665,20.7215],[77.6165,20.7605]]]},"properties":{"shapeName":"Akola"}},
{"type":"Feature","geometry":{"type":"Polygon","coordinates":[[[76.996,18.828],[77.0135,18.8785],[76.958,18.875],[76.9515,18.9075],[77.027,18.94],[77.0555,18.989],[77.0635,19.068],[77.1425,19.0705],[77.192,19.131],[77.179,19.2115],[77.1885,19.234],[77.162,19.228],[77.0915,19.27],[77.05,19.259],[76.9995,19.299],[76.983,19.335],[76.915,19.3185],[76.906,19.391],[76.929,19.4265],[76.8845,19.455],[76.866,19.5025],[76.891,19.5405],[76.895,19.587],[76.924,19.6],[76.9145,19.64],[76.857,19.6475],[76.8515,19.705],[76.7605,19.6865],[76.731,19.7375],[76.677,19.7705],[76.615,19.788],[76.6,19.821],[76.513,19.8305],[76.487,19.8005],[76.4945,19.761],[76.4885,19.6775],[76.4545,19.667],[76.4435,19.5415],[76.3965,19.5315],[76.3665,19.469],[76.316,19.4645],[76.2915,19.4325],[76.286,19.367],[76.266,19.3345],[76.214,19.319],[76.21,19.278],[76.2275,19.242],[76.3135,19.263],[76.366,19.2345],[76.353,19.1905],[76.362,19.157],[76.4125,19.093],[76.438,19.0965],[76.457,19.0085],[76.4795,18.957],[76.5115,18.928],[76.5405,18.95],[76.5845,18.9455],[76.5855,18.8835],[76.6235,18.87],[76.668,18.8195],[76.6765,18.7625],[76.728,18.75],[76.7465,18.775],[76.886,18.8355],[76.996,18.828]]]},"properties":{"shapeName":"Parbhani"}},
{"type":"Feature","geometry":{"type":"Polygon","coordinates":[[[77.2865,19.911],[77.366,19.8585],[77.3905,19.8215],[77.3795,19.7465],[77.4365,19.73],[77.46,19.6825],[77.54,19.6695],[77.617,19.639],[77.6455,19.6085],[77.647,19.548],[77.7505,19.5225],[77.741,19.4835],[77.6965,19.4415],[77.7495,19.4315],[77.848,19.4565],[77.8435,19.5105],[77.862,19.52],[77.9595,19.5115],[78.0135,19.466],[78.0265,19.498],[78.0685,19.4675],[78.115,19.492],[78.148,19.5535],[78.185,19.5645],[78.1965,19.619],[78.1795,19.6555],[78.1315,19.668],[78.083,19.649],[78.0475,19.6995],[78.0005,19.682],[77.934,19.74],[77.8965,19.726],[77.862,19.7435],[77.8495,19.8015],[77.896,19.8765],[77.9545,19.912],[78.019,19.916],[78.054,19.9315],[78.079,19.901],[78.1425,19.916],[78.201,19.9035],[78.3155,19.9135],[78.3415,19.884],[78.3895,19.8805],[78.403,19.8375],[78.4815,19.8175],[78.5315,19.823],[78.625,19.81],[78.7075,19.787],[78.7905,19.7805],[78.85,19.7605],[78.9035,19.7375],[78.9495,19.749],[78.9585,19.804],[79.03,19.802],[79.067,19.816],[79.1365,19.866],[79.152,19.8935],[79.0955,19.9155],[79.1155,19.989],[79.071,20.0645],[78.9555,20.169],[78.961,20.2075],[78.922,20.238],[78.861,20.253],[78.8205,20.2475],[78.8025,20.2985],[78.7395,20.2935],[78.6415,20.435],[78.578,20.4295],[78.538,20.4635],[78.5095,20.52],[78.413,20.512],[78.2805,20.563],[78.2645,20.58],[78.252,20.648],[78.28,20.697],[78.214,20.69],[78.1595,20.6595],[78.039,20.667],[78.021,20.6285],[77.9745,20.5905],[77.918,20.5785],[77.8935,20.624],[77.8665,20.5955],[77.8175,20.586],[77.772,20.5405],[77.7425,20.562],[77.6675,20.581],[77.6535,20.565],[77.6875,20.5185],[77.6555,20.4875],[77.648,20.4495],[77.602,20.4455],[77.576,20.393],[77.5685,20.334],[77.6125,20.2645],[77.669,20.248],[77.6475,20.1905],[77.682,20.1695],[77.6725,20.105],[77.6265,20.042],[77.5815,20.0305],[77.5265,20.0945],[77.4665,20.072],[77.3775,20.0945],[77.3745,20.047],[77.3255,19.957],[77.2865,19.911]]]},"properties":{"shapeName":"Yavatmal"}},
{"type":"Feature","geometry":{"type":"Polygon","coordinates":[[[77.554,18.294],[77.5315,18.342],[77.5535,18.39],[77.6015,18.55],[77.6445,18.556],[77.662,18.5295],[77.736,18.5555],[77.7515,18.5915],[77.7375,18.678],[77.791,18.6965],[77.842,18.8095],[77.949,18.8445],[77.904,18.87],[77.886,18.9105],[77.845,18.9135],[77.8585,18.954],[77.8215,18.984],[77.7715,18.983],[77.766,19.0635],[77.8015,19.053],[77.8045,19.1005],[77.8495,19.116],[77.849,19.19],[77.8725,19.2475],[77.905,19.2785],[77.8655,19.3035],[77.9535,19.343],[78.0505,19.2725],[78.1315,19.248],[78.1885,19.2435],[78.202,19.333],[78.1845,19.3545],[78.1925,19.397],[78.2295,19.4355],[78.314,19.458],[78.3015,19.56],[78.316,19.6055],[78.291,19.691],[78.3505,19.715],[78.373,19.7825],[78.344,19.8405],[78.299,19.8505],[78.3155,19.9135],[78.201,19.9035],[78.1425,19.916],[78.079,19.901],[78.054,19.9315],[78.019,19.916],[77.9545,19.912],[77.896,19.8765],[77.8495,19.8015],[77.862,19.7435],[77.8965,19.726],[77.934,19.74],[78.0005,19.682],[78.0475,19.6995],[78.083,19.649],[78.1315,19.668],[78.1795,19.6555],[78.1965,19.619],[78.185,19.5645],[78.148,19.5535],[78.115,19.492],[78.0685,19.4675],[78.0265,19.498],[78.0135,19.466],[77.9595,19.5115],[77.862,19.52],[77.8435,19.5105],[77.848,19.4565],[77.7495,19.4315],[77.6965,19.4415],[77.741,19.4835],[77.7505,19.5225],[77.647,19.548],[77.6455,19.6085],[77.617,19.639],[77.54,19.6695],[77.46,19.6825],[77.471,19.4995],[77.4945,19.467],[77.438,19.4075],[77.4525,19.3895],[77.365,19.3395],[77.3145,19.3545],[77.281,19.3155],[77.245,19.3215],[77.239,19.2745],[77.1885,19.234],[77.179,19.2115],[77.192,19.131],[77.1425,19.0705],[77.0635,19.068],[77.0555,18.989],[77.027,18.94],[76.9515,18.9075],[76.958,18.875],[77.0135,18.8785],[76.996,18.828],[77.009,18.768],[77.0575,18.7665],[77.047,18.6835],[77.1575,18.702],[77.1565,18.647],[77.2005,18.648],[77.215,18.6255],[77.2715,18.6115],[77.2675,18.566],[77.297,18.548],[77.248,18.5],[77.287,18.4745],[77.268,18.4205],[77.317,18.4415],[77.368,18.432],[77.4045,18.4],[77.3965,18.343],[77.4115,18.302],[77.4695,18.2625],[77.554,18.294]]]},"properties":{"shapeName":"Nanded"}},
{"type":"Feature","geometry":{"type":"Polygon","coordinates":[[[74.773,21.614],[74.758,21.576],[74.753,21.4865],[74.6995,21.471],[74.687,21.403],[74.6095,21.416],[74.574,21.404],[74.522,21.43],[74.48,21.3535],[74.499,21.2905],[74.493,21.24],[74.439,21.2375],[74.4335,21.2635],[74.356,21.252],[74.3185,21.2345],[74.255,21.2495],[74.2145,21.224],[74.1215,21.2145],[74.0205,21.1445],[73.9525,21.0865],[73.961,21.045],[73.8575,21.0305],[73.852,20.9975],[73.9015,20.9825],[73.891,20.9325],[73.926,20.8855],[73.94,20.8395],[74.049,20.836],[74.127,20.8655],[74.23,20.8515],[74.3405,20.852],[74.3885,20.835],[74.423,20.806],[74.5755,20.8245],[74.6235,20.799],[74.662,20.737],[74.652,20.6955],[74.711,20.69],[74.739,20.668],[74.8065,20.657],[74.816,20.6345],[74.8575,20.6355],[74.9305,20.658],[74.9545,20.7125],[74.992,20.737],[74.9875,20.823],[74.971,20.878],[74.936,20.9265],[74.915,20.9275],[74.922,21.011],[74.892,21.053],[74.859,21.0635],[74.894,21.152],[74.9645,21.1925],[75.034,21.1925],[75.043,21.2115],[75.1055,21.2365],[75.1085,21.286],[75.15,21.319],[75.1265,21.34],[75.162,21.4035],[75.2065,21.414],[75.1055,21.468],[75.0565,21.5635],[74.8625,21.632],[74.8285,21.609],[74.773,21.614]]]},"properties":{"shapeName":"Dhule"}},
{"type":"Feature","geometry":{"type":"Polygon","coordinates":[[[74.7115,18.0305],[74.6665,18.07],[74.642,18.0455],[74.5695,18.057],[74.381,18.0715],[74.357,18.097],[74.304,18.0695],[74.1185,18.131],[74.0985,18.1215],[74.033,18.1325],[73.947,18.1815],[73.9035,18.1615],[73.8745,18.0535],[73.859,18.0325],[73.7925,18.023],[73.7065,18.049],[73.6595,18.029],[73.637,17.969],[73.5535,17.9085],[73.571,17.8775],[73.6035,17.7955],[73.5675,17.7225],[73.658,17.6995],[73.7045,17.659],[73.7435,17.561],[73.7425,17.5325],[73.6975,17.489],[73.7085,17.4665],[73.689,17.4215],[73.6475,17.384],[73.683,17.364],[73.679,17.294],[73.6995,17.23],[73.766,17.189],[73.81,17.232],[73.873,17.19],[73.888,17.155],[73.983,17.13],[74.0375,17.092],[74.098,17.102],[74.187,17.1495],[74.249,17.1405],[74.28,17.173],[74.258,17.294],[74.2955,17.3165],[74.263,17.385],[74.299,17.422],[74.4955,17.3835],[74.5355,17.417],[74.58,17.4115],[74.6115,17.443],[74.646,17.396],[74.7125,17.3885],[74.7105,17.485],[74.811,17.4525],[74.8625,17.507],[74.8595,17.557],[74.9065,17.6275],[74.89,17.676],[74.8205,17.748],[74.6865,17.8105],[74.68,17.851],[74.6265,17.8315],[74.669,17.976],[74.6655,18.0015],[74.7115,18.0305]]]},"properties":{"shapeName":"Satara"}},
{"type":"Feature","geometry":{"type":"Polygon","coordinates":[[[75.605,17.3055],[75.558,17.2855],[75.516,17.24],[75.423,17.2655],[75.404,17.212],[75.3625,17.2365],[75.29,17.216],[75.27,17.184],[75.226,17.184],[75.249,17.256],[75.1925,17.2675],[75.176,17.24],[75.1,17.244],[75.0805,17.2225],[75.018,17.226],[74.948,17.1775],[74.9045,17.175],[74.8675,17.196],[74.9105,17.275],[74.963,17.294],[74.9765,17.349],[75.008,17.369],[75.008,17.4115],[75.0355,17.4205],[75.0285,17.4945],[74.9855,17.4665],[74.945,17.519],[74.99,17.5425],[74.9065,17.6275],[74.8595,17.557],[74.8625,17.507],[74.811,17.4525],[74.7105,17.485],[74.7125,17.3885],[74.646,17.396],[74.6115,17.443],[74.58,17.4115],[74.5355,17.417],[74.4955,17.3835],[74.299,17.422],[74.263,17.385],[74.2955,17.3165],[74.258,17.294],[74.28,17.173],[74.249,17.1405],[74.187,17.1495],[74.098,17.102],[74.0375,17.092],[73.983,17.13],[73.888,17.155],[73.873,17.19],[73.81,17.232],[73.766,17.189],[73.774,17.178],[73.8505,17.1535],[73.9165,17.075],[73.9845,17.029],[73.9725,16.994],[74.024,16.985],[74.0245,16.943],[74.079,16.9055],[74.122,16.9125],[74.149,16.8845],[74.178,16.8995],[74.251,16.887],[74.2985,16.8925],[74.3665,16.8535],[74.415,16.8425],[74.496,16.8575],[74.5365,16.8465],[74.561,16.807],[74.633,16.7865],[74.649,16.752],[74.694,16.7175],[74.733,16.7185],[74.7755,16.751],[74.847,16.763],[74.913,16.788],[74.909,16.8585],[74.95,16.909],[75.001,16.948],[75.0925,16.9235],[75.1695,16.8675],[75.181,16.8445],[75.228,16.8435],[75.284,16.8815],[75.283,16.956],[75.344,16.955],[75.3935,16.979],[75.43,16.966],[75.467,16.988],[75.4885,16.968],[75.5695,16.966],[75.569,17.0085],[75.609,17.0055],[75.61,16.972],[75.6445,16.9535],[75.6685,16.9805],[75.6805,17.0735],[75.6735,17.116],[75.631,17.1625],[75.6615,17.2105],[75.6595,17.264],[75.605,17.3055]]]},"properties":{"shapeName":"Sangli"}},
{"type":"Feature","geometry":{"type":"Polygon","coordinates":[[[76.6475,19.866],[76.624,19.843],[76.534,19.851],[76.513,19.8305],[76.6,19.821],[76.615,19.788],[76.677,19.7705],[76.731,19.7375],[76.7605,19.6865],[76.8515,19.705],[76.857,19.6475],[76.9145,19.64],[76.924,19.6],[76.895,19.587],[76.891,19.5405],[76.866,19.5025],[76.8845,19.455],[76.929,19.4265],[76.906,19.391],[76.915,19.3185],[76.983,19.335],[76.9995,19.299],[77.05,19.259],[77.0915,19.27],[77.162,19.228],[77.1885,19.234],[77.239,19.2745],[77.245,19.3215],[77.281,19.3155],[77.3145,19.3545],[77.365,19.3395],[77.4525,19.3895],[77.438,19.4075],[77.4945,19.467],[77.471,19.4995],[77.46,19.6825],[77.4365,19.73],[77.3795,19.7465],[77.3905,19.8215],[77.366,19.8585],[77.2865,19.911],[77.2505,19.893],[77.215,19.937],[77.2055,19.991],[77.1485,20.002],[77.0955,19.9675],[77.037,20.011],[76.9735,19.995],[76.9015,19.963],[76.838,19.9615],[76.824,19.9275],[76.774,19.9335],[76.74,19.8725],[76.6475,19.866]]]},"properties":{"shapeName":"Hingoli"}},
{"type":"Feature","geometry":{"type":"Polygon","coordinates":[[[73.7825,19.3865],[73.799,19.337],[73.717,19.327],[73.675,19.3035],[73.6915,19.245],[73.6635,19.24],[73.61,19.19],[73.5395,19.175],[73.5285,19.13],[73.5255,19.059],[73.548,19.0185],[73.5335,18.989],[73.4635,18.9665],[73.4595,18.93],[73.429,18.8635],[73.388,18.8475],[73.382,18.803],[73.3555,18.7535],[73.39,18.655],[73.3575,18.6305],[73.3235,18.5715],[73.3855,18.505],[73.403,18.4005],[73.4455,18.361],[73.425,18.306],[73.474,18.302],[73.481,18.272],[73.5335,18.248],[73.53,18.2185],[73.5825,18.18],[73.6585,18.172],[73.598,18.107],[73.614,18.0585],[73.6595,18.029],[73.7065,18.049],[73.7925,18.023],[73.859,18.0325],[73.8745,18.0535],[73.9035,18.1615],[73.947,18.1815],[74.033,18.1325],[74.0985,18.1215],[74.1185,18.131],[74.304,18.0695],[74.357,18.097],[74.381,18.0715],[74.5695,18.057],[74.642,18.0455],[74.6665,18.07],[74.7115,18.0305],[74.855,17.9955],[74.8705,17.9515],[75.019,17.908],[75.0855,17.9395],[75.1155,17.9375],[75.136,17.9705],[75.026,17.982],[75.093,18.069],[75.131,18.076],[75.1465,18.124],[75.0945,18.123],[75.115,18.2005],[75.083,18.2185],[75.023,18.188],[74.994,18.2415],[74.952,18.264],[74.834,18.247],[74.8345,18.338],[74.7955,18.356],[74.8095,18.387],[74.7825,18.4085],[74.7355,18.3985],[74.7155,18.431],[74.728,18.4805],[74.7015,18.5065],[74.6645,18.4895],[74.644,18.4505],[74.5815,18.474],[74.551,18.5145],[74.574,18.533],[74.545,18.584],[74.4765,18.6485],[74.4765,18.69],[74.426,18.7495],[74.4005,18.742],[74.387,18.809],[74.3985,18.831],[74.3125,18.854],[74.2955,18.904],[74.224,18.977],[74.1765,19.0425],[74.2115,19.126],[74.237,19.124],[74.269,19.185],[74.2255,19.2035],[74.1295,19.221],[74.0545,19.2445],[74.028,19.2695],[74.0295,19.311],[74.001,19.358],[73.932,19.341],[73.8855,19.377],[73.8585,19.3595],[73.815,19.3935],[73.7825,19.3865]]]},"properties":{"shapeName":"Pune"}},
{"type":"Feature","geometry":{"type":"Polygon","coordinates":[[[79.9225,21.5245],[79.924,21.4825],[79.8835,21.425],[79.803,21.38],[79.8265,21.271],[79.8485,21.2455],[79.906,21.241],[79.942,21.2525],[79.972,21.2285],[80.0235,21.226],[80.06,21.198],[80.084,21.144],[80.064,21.1015],[80.1015,21.038],[80.106,20.992],[80.082,20.967],[79.996,20.9655],[79.9785,20.946],[79.977,20.867],[79.997,20.842],[79.986,20.794],[79.9985,20.76],[79.965,20.6905],[80.019,20.667],[80.0585,20.7085],[80.0875,20.6895],[80.162,20.6875],[80.2295,20.6535],[80.274,20.672],[80.322,20.7535],[80.332,20.82],[80.381,20.8055],[80.4155,20.824],[80.5065,20.832],[80.563,20.8215],[80.545,20.9275],[80.4725,20.929],[80.431,21.011],[80.4555,21.0535],[80.4405,21.0985],[80.4645,21.174],[80.5165,21.1845],[80.6105,21.2285],[80.646,21.256],[80.68,21.3125],[80.6635,21.332],[80.6005,21.326],[80.5255,21.391],[80.4555,21.403],[80.4115,21.3765],[80.397,21.4095],[80.4185,21.439],[80.373,21.527],[80.3275,21.574],[80.299,21.5785],[80.267,21.6205],[80.1965,21.6345],[80.151,21.605],[80.1245,21.6085],[80.0705,21.555],[79.934,21.554],[79.9225,21.5245]]]},"properties":{"shapeName":"Gondiya"}},
{"type":"Feature","geometry":{"type":"Polygon","coordinates":[[[78.346,21.5835],[78.305,21.584],[78.2205,21.5525],[78.186,21.5575],[78.1745,21.497],[78.0685,21.4375],[77.985,21.4015],[77.9035,21.377],[77.804,21.411],[77.798,21.3895],[77.6745,21.3715],[77.65,21.392],[77.563,21.3965],[77.531,21.4195],[77.491,21.3765],[77.4735,21.4555],[77.4425,21.4715],[77.4225,21.519],[77.4615,21.555],[77.5085,21.553],[77.571,21.528],[77.6115,21.541],[77.5765,21.586],[77.563,21.667],[77.501,21.7475],[77.454,21.7615],[77.405,21.754],[77.281,21.758],[77.262,21.714],[77.211,21.692],[77.1245,21.7235],[77.0655,21.713],[77.0005,21.6795],[76.895,21.599],[76.855,21.613],[76.798,21.5955],[76.7845,21.5535],[76.7655,21.521],[76.7945,21.488],[76.746,21.4415],[76.735,21.407],[76.671,21.3675],[76.6285,21.328],[76.6635,21.2805],[76.725,21.2895],[76.749,21.2225],[76.7845,21.1895],[76.8565,21.1915],[77.0065,21.2075],[77.0445,21.244],[77.0805,21.2175],[77.1655,21.2375],[77.1765,21.0755],[77.174,21.0235],[77.135,20.864],[77.1745,20.855],[77.313,20.857],[77.354,20.8445],[77.453,20.852],[77.468,20.881],[77.53,20.8485],[77.5715,20.809],[77.613,20.796],[77.6165,20.7605],[77.6335,20.7385],[77.6375,20.658],[77.6565,20.6475],[77.6315,20.5675],[77.6535,20.565],[77.6675,20.581],[77.7425,20.562],[77.772,20.5405],[77.8175,20.586],[77.8665,20.5955],[77.8935,20.624],[77.918,20.5785],[77.9745,20.5905],[78.021,20.6285],[78.039,20.667],[78.1595,20.6595],[78.214,20.69],[78.28,20.697],[78.3115,20.739],[78.3005,20.812],[78.2735,20.8655],[78.2385,20.896],[78.185,20.905],[78.1465,20.953],[78.1545,21.0755],[78.1355,21.1055],[78.1435,21.141],[78.099,21.1755],[78.0995,21.1995],[78.056,21.2495],[78.0805,21.3285],[78.106,21.3555],[78.1585,21.3305],[78.252,21.329],[78.3445,21.377],[78.447,21.4035],[78.4355,21.5005],[78.419,21.5765],[78.346,21.5835]]]},"properties":{"shapeName":"Amravati"}},
{"type":"Feature","geometry":{"type":"Polygon","coordinates":[[[74.435,22.0275],[74.386,22.0185],[74.344,21.974],[74.312,21.9715],[74.287,21.9345],[74.1975,21.9245],[74.145,21.953],[74.043,21.922],[73.945,21.8695],[73.8755,21.838],[73.837,21.8375],[73.8285,21.8065],[73.842,21.7415],[73.886,21.71],[73.881,21.6445],[73.8245,21.639],[73.8185,21.6],[73.856,21.495],[73.933,21.52],[73.9835,21.5215],[74.02,21.5515],[74.065,21.5585],[74.152,21.551],[74.2015,21.528],[74.2885,21.5575],[74.3325,21.539],[74.3025,21.4785],[74.219,21.458],[74.074,21.457],[74.0445,21.4185],[73.9575,21.3925],[73.944,21.297],[73.887,21.262],[73.827,21.267],[73.8175,21.1715],[73.736,21.167],[73.6305,21.1325],[73.6875,21.1005],[73.793,21.068],[73.7975,21.0455],[73.852,20.9975],[73.8575,21.0305],[73.961,21.045],[73.9525,21.0865],[74.0205,21.1445],[74.1215,21.2145],[74.2145,21.224],[74.255,21.2495],[74.3185,21.2345],[74.356,21.252],[74.4335,21.2635],[74.439,21.2375],[74.493,21.24],[74.499,21.2905],[74.48,21.3535],[74.522,21.43],[74.574,21.404],[74.6095,21.416],[74.687,21.403],[74.6995,21.471],[74.753,21.4865],[74.758,21.576],[74.773,21.614],[74.7005,21.6285],[74.661,21.6515],[74.5885,21.6625],[74.515,21.7185],[74.501,21.8055],[74.5255,21.9075],[74.491,21.953],[74.4465,21.9695],[74.435,22.0275]]]},"properties":{"shapeName":"Nandurbar"}},
{"type":"Feature","geometry":{"type":"Polygon","coordinates":[[[73.855,16.651],[73.8285,16.6985],[73.842,16.7395],[73.793,16.7635],[73.739,16.8215],[73.7705,16.855],[73.7495,16.9055],[73.794,16.913],[73.767,16.9635],[73.789,16.9935],[73.835,16.9915],[73.824,17.039],[73.79,17.094],[73.6905,17.159],[73.774,17.178],[73.766,17.189],[73.6995,17.23],[73.679,17.294],[73.683,17.364],[73.6475,17.384],[73.689,17.4215],[73.7085,17.4665],[73.6975,17.489],[73.7425,17.5325],[73.7435,17.561],[73.7045,17.659],[73.658,17.6995],[73.5675,17.7225],[73.6035,17.7955],[73.571,17.8775],[73.536,17.8835],[73.5065,17.8515],[73.464,17.866],[73.4395,17.902],[73.41,17.886],[73.3795,17.9125],[73.345,17.9725],[73.3485,18.0255],[73.306,18.024],[73.298,18.059],[73.2675,18.07],[73.225,18.055],[73.179,18.061],[73.117,17.9795],[73.0665,17.987],[73.032,17.941],[73.0715,17.889],[73.123,17.752],[73.117,17.698],[73.1365,17.6145],[73.165,17.589],[73.138,17.556],[73.1795,17.509],[73.193,17.467],[73.1775,17.387],[73.207,17.3845],[73.2305,17.319],[73.22,17.2695],[73.243,17.225],[73.288,17.0765],[73.277,17.037],[73.2935,16.9655],[73.2805,16.898],[73.3325,16.641],[73.351,16.6225],[73.341,16.5795],[73.3515,16.535],[73.3765,16.513],[73.418,16.5135],[73.4665,16.494],[73.502,16.521],[73.542,16.516],[73.5825,16.5445],[73.6625,16.577],[73.691,16.625],[73.769,16.604],[73.769,16.6605],[73.855,16.651]]]},"properties":{"shapeName":"Ratnagiri"}},
{"type":"Feature","geometry":{"type":"Polygon","coordinates":[[[79.225,20.5825],[79.189,20.603],[79.1435,20.6765],[79.1075,20.686],[79.0535,20.735],[78.9455,20.7675],[78.916,20.807],[78.9165,20.8355],[78.8645,20.8425],[78.865,20.872],[78.8055,20.8775],[78.7355,20.9475],[78.7315,21.005],[78.6075,21.07],[78.59,21.115],[78.559,21.1155],[78.5075,21.1905],[78.443,21.235],[78.3335,21.251],[78.314,21.2925],[78.252,21.329],[78.1585,21.3305],[78.106,21.3555],[78.0805,21.3285],[78.056,21.2495],[78.0995,21.1995],[78.099,21.1755],[78.1435,21.141],[78.1355,21.1055],[78.1545,21.0755],[78.1465,20.953],[78.185,20.905],[78.2385,20.896],[78.2735,20.8655],[78.3005,20.812],[78.3115,20.739],[78.28,20.697],[78.252,20.648],[78.2645,20.58],[78.2805,20.563],[78.413,20.512],[78.5095,20.52],[78.538,20.4635],[78.578,20.4295],[78.6415,20.435],[78.7395,20.2935],[78.8025,20.2985],[78.834,20.334],[78.8195,20.388],[78.8995,20.438],[78.9515,20.429],[79.0025,20.448],[79.0245,20.479],[79.131,20.4545],[79.1675,20.506],[79.215,20.547],[79.225,20.5825]]]},"properties":{"shapeName":"Wardha"}},
{"type":"Feature","geometry":{"type":"Polygon","coordinates":[[[75.48,19.4215],[75.573,19.3805],[75.6105,19.382],[75.6205,19.4685],[75.646,19.4995],[75.653,19.5955],[75.6015,19.603],[75.592,19.6385],[75.6345,19.656],[75.6285,19.7765],[75.6535,19.8155],[75.6545,19.911],[75.631,20.001],[75.5945,20.029],[75.59,20.1025],[75.628,20.106],[75.6495,20.192],[75.685,20.205],[75.677,20.2405],[75.7195,20.3325],[75.7565,20.3285],[75.7515,20.3785],[75.7665,20.4515],[75.832,20.4735],[75.885,20.446],[75.911,20.45],[75.9075,20.535],[75.9225,20.5795],[75.875,20.601],[75.838,20.6475],[75.8165,20.615],[75.722,20.6365],[75.6705,20.671],[75.663,20.629],[75.591,20.603],[75.56,20.614],[75.5235,20.591],[75.527,20.5615],[75.4905,20.5315],[75.452,20.541],[75.398,20.5245],[75.395,20.575],[75.3295,20.593],[75.294,20.5695],[75.2555,20.5705],[75.2405,20.522],[75.1645,20.4765],[75.162,20.437],[75.109,20.4075],[75.1275,20.358],[75.049,20.3085],[75.001,20.3375],[74.936,20.2705],[74.925,20.154],[74.9,20.1775],[74.857,20.1775],[74.8595,20.2275],[74.8175,20.245],[74.765,20.1835],[74.725,20.191],[74.7165,20.1355],[74.739,20.083],[74.6865,19.99],[74.6745,19.9475],[74.65,19.9105],[74.649,19.862],[74.6075,19.8505],[74.5945,19.777],[74.637,19.795],[74.693,19.769],[74.721,19.778],[74.731,19.7],[74.7885,19.7175],[74.79,19.65],[74.826,19.673],[74.854,19.6485],[74.8895,19.657],[74.9675,19.648],[75.001,19.6225],[75.131,19.5925],[75.1955,19.594],[75.2325,19.5405],[75.3155,19.4945],[75.357,19.5015],[75.333,19.4375],[75.367,19.398],[75.4125,19.418],[75.48,19.4215]]]},"properties":{"shapeName":"Aurangabad"}},
{"type":"Feature","geometry":{"type":"Polygon","coordinates":[[[76.3845,21.078],[76.399,21.033],[76.384,20.978],[76.3475,20.9505],[76.2815,20.9585],[76.2265,21.0125],[76.165,21.0335],[76.16,21.001],[76.093,20.944],[76.0815,20.9085],[76.116,20.894],[76.0505,20.813],[75.9875,20.7595],[76.013,20.739],[75.999,20.668],[76.012,20.6435],[76.0335,20.639],[76.041,20.5555],[75.9515,20.52],[75.9585,20.4575],[75.943,20.426],[75.9545,20.3905],[75.9275,20.324],[75.976,20.317],[76.032,20.289],[76.0505,20.3365],[76.084,20.3655],[76.1295,20.3415],[76.1615,20.2985],[76.1955,20.301],[76.167,20.2375],[76.1415,20.2115],[76.099,20.103],[76.058,20.099],[76.058,20.0645],[76.0205,20.0595],[76.0255,20.024],[75.977,20.0015],[76.015,19.954],[76.0435,19.951],[76.101,19.8565],[76.1755,19.85],[76.2575,19.874],[76.299,19.87],[76.354,19.8945],[76.369,19.926],[76.494,19.9175],[76.501,19.884],[76.534,19.851],[76.624,19.843],[76.6475,19.866],[76.6575,19.8975],[76.6155,19.9075],[76.6605,19.977],[76.6635,20.0485],[76.6255,20.0505],[76.6715,20.127],[76.7595,20.1315],[76.751,20.2095],[76.7875,20.2035],[76.8275,20.2465],[76.8225,20.281],[76.7935,20.316],[76.7005,20.354],[76.728,20.4075],[76.6945,20.459],[76.713,20.5085],[76.771,20.5135],[76.773,20.628],[76.7405,20.666],[76.736,20.716],[76.761,20.7235],[76.772,20.788],[76.746,20.799],[76.7635,20.8585],[76.6965,20.908],[76.7855,20.9295],[76.779,21.0035],[76.7895,21.1225],[76.7845,21.1895],[76.749,21.2225],[76.725,21.2895],[76.6635,21.2805],[76.6255,21.191],[76.5615,21.204],[76.493,21.196],[76.4545,21.1135],[76.4135,21.1055],[76.3845,21.078]]]},"properties":{"shapeName":"Buldana"}},
{"type":"Feature","geometry":{"type":"Polygon","coordinates":[[[80.5475,20.113],[80.466,20.1475],[80.401,20.147],[80.4205,20.1905],[80.39,20.2445],[80.4635,20.2715],[80.518,20.2725],[80.549,20.3095],[80.624,20.3285],[80.593,20.398],[80.6105,20.436],[80.614,20.515],[80.6295,20.606],[80.566,20.612],[80.507,20.589],[80.492,20.6375],[80.526,20.664],[80.58,20.6765],[80.5505,20.7935],[80.563,20.8215],[80.5065,20.832],[80.4155,20.824],[80.381,20.8055],[80.332,20.82],[80.322,20.7535],[80.274,20.672],[80.2295,20.6535],[80.162,20.6875],[80.0875,20.6895],[80.0585,20.7085],[80.019,20.667],[79.965,20.6905],[79.9335,20.667],[79.946,20.6295],[79.928,20.553],[79.953,20.5285],[79.9415,20.4475],[79.974,20.361],[79.9455,20.2945],[79.9965,20.2185],[79.9355,20.188],[79.914,20.1415],[79.9785,20.104],[79.9915,20.045],[79.951,19.9855],[79.913,19.968],[79.8715,19.9845],[79.849,20.033],[79.781,20.001],[79.777,19.9505],[79.8055,19.8935],[79.744,19.817],[79.748,19.7795],[79.787,19.718],[79.7925,19.5965],[79.835,19.54],[79.918,19.4955],[79.952,19.4625],[79.98,19.4045],[79.9525,19.288],[79.9275,19.23],[79.9495,19.18],[79.9215,19.1535],[79.865,19.108],[79.868,19.064],[79.933,19.0465],[79.948,18.942],[79.9465,18.8635],[79.9015,18.8355],[79.9395,18.789],[80.0195,18.7715],[80.054,18.726],[80.114,18.6825],[80.1655,18.701],[80.2545,18.7065],[80.275,18.723],[80.2485,18.754],[80.302,18.7955],[80.354,18.816],[80.333,18.875],[80.278,18.9295],[80.275,18.992],[80.339,19.1055],[80.3285,19.129],[80.353,19.1675],[80.3885,19.185],[80.396,19.2475],[80.453,19.2745],[80.478,19.3335],[80.5145,19.348],[80.567,19.402],[80.5915,19.3815],[80.6115,19.3165],[80.687,19.3285],[80.701,19.287],[80.757,19.2915],[80.834,19.353],[80.7955,19.4315],[80.875,19.448],[80.9,19.486],[80.8845,19.525],[80.835,19.567],[80.7925,19.5645],[80.7285,19.6125],[80.6685,19.6135],[80.673,19.692],[80.547,19.778],[80.5515,19.815],[80.525,19.8325],[80.4675,19.8315],[80.497,19.897],[80.41,19.913],[80.451,19.956],[80.477,19.937],[80.5275,19.934],[80.5515,19.985],[80.54,20.007],[80.5535,20.069],[80.5475,20.113]]]},"properties":{"shapeName":"Gadchiroli"}},
{"type":"Feature","geometry":{"type":"Polygon","coordinates":[[[75.2065,21.414],[75.162,21.4035],[75.1265,21.34],[75.15,21.319],[75.1085,21.286],[75.1055,21.2365],[75.043,21.2115],[75.034,21.1925],[74.9645,21.1925],[74.894,21.152],[74.859,21.0635],[74.892,21.053],[74.922,21.011],[74.915,20.9275],[74.936,20.9265],[74.971,20.878],[74.9875,20.823],[74.992,20.737],[74.9545,20.7125],[74.9305,20.658],[74.8575,20.6355],[74.816,20.6345],[74.7965,20.54],[74.763,20.539],[74.7745,20.471],[74.839,20.418],[74.871,20.2775],[74.936,20.2705],[75.001,20.3375],[75.049,20.3085],[75.1275,20.358],[75.109,20.4075],[75.162,20.437],[75.1645,20.4765],[75.2405,20.522],[75.2555,20.5705],[75.294,20.5695],[75.3295,20.593],[75.395,20.575],[75.398,20.5245],[75.452,20.541],[75.4905,20.5315],[75.527,20.5615],[75.5235,20.591],[75.56,20.614],[75.591,20.603],[75.663,20.629],[75.6705,20.671],[75.722,20.6365],[75.8165,20.615],[75.838,20.6475],[75.875,20.601],[75.9225,20.5795],[75.958,20.6255],[76.012,20.6435],[75.999,20.668],[76.013,20.739],[75.9875,20.7595],[76.0505,20.813],[76.116,20.894],[76.0815,20.9085],[76.093,20.944],[76.16,21.001],[76.165,21.0335],[76.2265,21.0125],[76.2815,20.9585],[76.3475,20.9505],[76.384,20.978],[76.399,21.033],[76.3845,21.078],[76.2835,21.074],[76.271,21.0915],[76.185,21.0885],[76.137,21.1245],[76.1285,21.1765],[76.168,21.169],[76.1605,21.2575],[76.1305,21.296],[76.1,21.372],[76.0535,21.351],[75.9925,21.3745],[75.97,21.392],[75.889,21.398],[75.8335,21.3815],[75.7445,21.3915],[75.685,21.3805],[75.6215,21.386],[75.548,21.371],[75.4685,21.3925],[75.384,21.384],[75.2065,21.414]]]},"properties":{"shapeName":"Jalgaon"}},
{"type":"Feature","geometry":{"type":"Polygon","coordinates":[[[73.6595,18.029],[73.614,18.0585],[73.598,18.107],[73.6585,18.172],[73.5825,18.18],[73.53,18.2185],[73.5335,18.248],[73.481,18.272],[73.474,18.302],[73.425,18.306],[73.4455,18.361],[73.403,18.4005],[73.3855,18.505],[73.3235,18.5715],[73.3575,18.6305],[73.39,18.655],[73.3555,18.7535],[73.382,18.803],[73.388,18.8475],[73.429,18.8635],[73.4595,18.93],[73.4635,18.9665],[73.5335,18.989],[73.548,19.0185],[73.5255,19.059],[73.5285,19.13],[73.4735,19.1355],[73.3515,19.1295],[73.2475,19.0645],[73.196,19.1255],[73.178,19.1095],[73.048,19.0985],[73.0475,19.0175],[73.031,18.999],[73.017,18.9795],[72.9445,18.953],[72.9565,18.91],[72.908,18.8995],[72.9225,18.8545],[72.976,18.861],[72.9795,18.809],[72.9605,18.7975],[72.8695,18.8045],[72.863,18.66],[72.9315,18.537],[72.895,18.4635],[72.908,18.3985],[72.994,18.2725],[72.938,18.2825],[72.942,18.235],[72.9795,18.197],[72.9895,18.1585],[72.97,18.132],[72.9915,18.0975],[73.021,17.9935],[73.0665,17.987],[73.117,17.9795],[73.179,18.061],[73.225,18.055],[73.2675,18.07],[73.298,18.059],[73.306,18.024],[73.3485,18.0255],[73.345,17.9725],[73.3795,17.9125],[73.41,17.886],[73.4395,17.902],[73.464,17.866],[73.5065,17.8515],[73.536,17.8835],[73.571,17.8775],[73.5535,17.9085],[73.637,17.969],[73.6595,18.029]]]},"properties":{"shapeName":"Raigarh"}},
{"type":"Feature","geometry":{"type":"Polygon","coordinates":[[[79.543,21.544],[79.486,21.5025],[79.451,21.4355],[79.4835,21.428],[79.576,21.284],[79.5565,21.2095],[79.5635,21.1875],[79.514,21.122],[79.5695,21.0705],[79.6,21.073],[79.6615,20.954],[79.617,20.903],[79.5095,20.7045],[79.6135,20.6915],[79.6235,20.6735],[79.694,20.6695],[79.753,20.6865],[79.8795,20.685],[79.9335,20.667],[79.965,20.6905],[79.9985,20.76],[79.986,20.794],[79.997,20.842],[79.977,20.867],[79.9785,20.946],[79.996,20.9655],[80.082,20.967],[80.106,20.992],[80.1015,21.038],[80.064,21.1015],[80.084,21.144],[80.06,21.198],[80.0235,21.226],[79.972,21.2285],[79.942,21.2525],[79.906,21.241],[79.8485,21.2455],[79.8265,21.271],[79.803,21.38],[79.8835,21.425],[79.924,21.4825],[79.9225,21.5245],[79.8635,21.531],[79.7985,21.5815],[79.7395,21.6025],[79.6645,21.577],[79.651,21.556],[79.543,21.544]]]},"properties":{"shapeName":"Bhandara"}},
{"type":"Feature","geometry":{"type":"Polygon","coordinates":[[[75.588,18.698],[75.622,18.662],[75.6675,18.6505],[75.6735,18.691],[75.7535,18.681],[75.797,18.6565],[75.826,18.6715],[75.895,18.649],[75.942,18.646],[75.959,18.608],[76.029,18.6025],[76.0505,18.577],[76.0995,18.5885],[76.255,18.5775],[76.2775,18.5575],[76.353,18.565],[76.459,18.6325],[76.48,18.6165],[76.5355,18.6455],[76.5645,18.637],[76.6135,18.6745],[76.661,18.6485],[76.6865,18.6925],[76.738,18.703],[76.728,18.75],[76.6765,18.7625],[76.668,18.8195],[76.6235,18.87],[76.5855,18.8835],[76.5845,18.9455],[76.5405,18.95],[76.5115,18.928],[76.4795,18.957],[76.457,19.0085],[76.438,19.0965],[76.4125,19.093],[76.362,19.157],[76.353,19.1905],[76.366,19.2345],[76.3135,19.263],[76.2275,19.242],[76.21,19.278],[76.099,19.3075],[76.0775,19.28],[76.0325,19.2905],[76.026,19.3375],[75.9715,19.3],[75.9205,19.302],[75.9055,19.331],[75.917,19.389],[75.843,19.371],[75.7975,19.3975],[75.7595,19.389],[75.7555,19.3595],[75.689,19.356],[75.6105,19.382],[75.573,19.3805],[75.48,19.4215],[75.4885,19.387],[75.5365,19.3755],[75.52,19.3305],[75.5425,19.309],[75.5185,19.277],[75.465,19.253],[75.4465,19.2175],[75.4495,19.1255],[75.488,19.1045],[75.411,19.0795],[75.3655,19.077],[75.309,19.094],[75.2885,19.033],[75.348,19.0235],[75.3155,18.979],[75.275,18.992],[75.2715,19.0535],[75.236,19.0625],[75.2195,19.1115],[75.191,19.0935],[75.2095,19.0345],[75.0765,19.054],[75.0615,19.0995],[74.9435,19.127],[74.9175,19.0405],[74.9535,19.0335],[74.9615,18.997],[74.918,18.961],[74.879,18.9835],[74.8295,18.939],[74.8985,18.8795],[74.9245,18.829],[74.968,18.8255],[75.0745,18.7185],[75.16,18.6505],[75.175,18.7365],[75.255,18.7215],[75.328,18.799],[75.3875,18.773],[75.4285,18.809],[75.4465,18.7615],[75.505,18.724],[75.5575,18.7415],[75.588,18.698]]]},"properties":{"shapeName":"Bid"}},
{"type":"Feature","geometry":{"type":"Polygon","coordinates":[[[76.513,19.8305],[76.534,19.851],[76.501,19.884],[76.494,19.9175],[76.369,19.926],[76.354,19.8945],[76.299,19.87],[76.2575,19.874],[76.1755,19.85],[76.101,19.8565],[76.0435,19.951],[76.015,19.954],[75.977,20.0015],[76.0255,20.024],[76.0205,20.0595],[76.058,20.0645],[76.058,20.099],[76.099,20.103],[76.1415,20.2115],[76.167,20.2375],[76.1955,20.301],[76.1615,20.2985],[76.1295,20.3415],[76.084,20.3655],[76.0505,20.3365],[76.032,20.289],[75.976,20.317],[75.9275,20.324],[75.9545,20.3905],[75.943,20.426],[75.9585,20.4575],[75.9515,20.52],[76.041,20.5555],[76.0335,20.639],[76.012,20.6435],[75.958,20.6255],[75.9225,20.5795],[75.9075,20.535],[75.911,20.45],[75.885,20.446],[75.832,20.4735],[75.7665,20.4515],[75.7515,20.3785],[75.7565,20.3285],[75.7195,20.3325],[75.677,20.2405],[75.685,20.205],[75.6495,20.192],[75.628,20.106],[75.59,20.1025],[75.5945,20.029],[75.631,20.001],[75.6545,19.911],[75.6535,19.8155],[75.6285,19.7765],[75.6345,19.656],[75.592,19.6385],[75.6015,19.603],[75.653,19.5955],[75.646,19.4995],[75.6205,19.4685],[75.6105,19.382],[75.689,19.356],[75.7555,19.3595],[75.7595,19.389],[75.7975,19.3975],[75.843,19.371],[75.917,19.389],[75.9055,19.331],[75.9205,19.302],[75.9715,19.3],[76.026,19.3375],[76.0325,19.2905],[76.0775,19.28],[76.099,19.3075],[76.21,19.278],[76.214,19.319],[76.266,19.3345],[76.286,19.367],[76.2915,19.4325],[76.316,19.4645],[76.3665,19.469],[76.3965,19.5315],[76.4435,19.5415],[76.4545,19.667],[76.4885,19.6775],[76.4945,19.761],[76.487,19.8005],[76.513,19.8305]]]},"properties":{"shapeName":"Jalna"}},
{"type":"Feature","geometry":{"type":"Polygon","coordinates":[[[73.6215,19.5875],[73.568,19.622],[73.565,19.643],[73.5075,19.7075],[73.343,19.682],[73.3065,19.6635],[73.2735,19.678],[73.234,19.5945],[73.18,19.5815],[73.19,19.547],[73.1515,19.4965],[73.072,19.4505],[73.0225,19.47],[72.9945,19.4],[72.937,19.346],[72.933,19.304],[72.898,19.2885],[72.8335,19.3145],[72.7845,19.3025],[72.7845,19.2635],[72.8195,19.246],[72.8575,19.2695],[72.908,19.2425],[72.984,19.1565],[72.9735,19.0595],[73.0025,19.004],[73.031,18.999],[73.0475,19.0175],[73.048,19.0985],[73.178,19.1095],[73.196,19.1255],[73.2475,19.0645],[73.3515,19.1295],[73.4735,19.1355],[73.5285,19.13],[73.5395,19.175],[73.61,19.19],[73.6635,19.24],[73.6915,19.245],[73.675,19.3035],[73.717,19.327],[73.799,19.337],[73.7825,19.3865],[73.692,19.44],[73.677,19.4635],[73.701,19.506],[73.6275,19.5435],[73.6215,19.5875]]]},"properties":{"shapeName":"Thane"}},
{"type":"Feature","geometry":{"type":"Polygon","coordinates":[[[73.2075,20.123],[73.2105,20.0985],[73.1725,20.0525],[73.1275,20.086],[73.0485,20.0975],[73.0225,20.0855],[72.995,20.119],[72.961,20.2135],[72.8745,20.228],[72.8405,20.209],[72.7915,20.1265],[72.728,20.1295],[72.7015,20.068],[72.7195,19.983],[72.661,19.937],[72.678,19.864],[72.656,19.826],[72.6885,19.79],[72.6845,19.7465],[72.727,19.618],[72.7145,19.5715],[72.7435,19.511],[72.7575,19.3755],[72.797,19.3305],[72.8335,19.3145],[72.898,19.2885],[72.933,19.304],[72.937,19.346],[72.9945,19.4],[73.0225,19.47],[73.072,19.4505],[73.1515,19.4965],[73.19,19.547],[73.18,19.5815],[73.234,19.5945],[73.2735,19.678],[73.3065,19.6635],[73.343,19.682],[73.5075,19.7075],[73.502,19.7595],[73.463,19.76],[73.425,19.9165],[73.4535,19.9825],[73.407,20.0175],[73.3655,20.0215],[73.2965,20.061],[73.251,20.1255],[73.2075,20.123]]]},"properties":{"shapeName":"Palghar"}},
{"type":"Feature","geometry":{"type":"Polygon","coordinates":[[[72.884,19.0015],[72.8605,19.0555],[72.8175,19.0395],[72.7915,18.949],[72.814,18.894],[72.844,18.9355],[72.865,19.0015],[72.884,19.0015]]]},"properties":{"shapeName":"Mumbai"}},
{"type":"Feature","geometry":{"type":"Polygon","coordinates":[[[72.7845,19.2635],[72.776,19.224],[72.797,19.1985],[72.7945,19.141],[72.8265,19.093],[72.8175,19.0395],[72.8605,19.0555],[72.884,19.0015],[72.9105,18.9905],[72.9735,19.0595],[72.984,19.1565],[72.908,19.2425],[72.8575,19.2695],[72.8195,19.246],[72.7845,19.2635]]]},"properties":{"shapeName":"Mumbai Suburban"}},
{"type":"Feature","geometry":{"type":"Polygon","coordinates":[[[78.4355,21.5005],[78.447,21.4035],[78.3445,21.377],[78.252,21.329],[78.314,21.2925],[78.3335,21.251],[78.443,21.235],[78.5075,21.1905],[78.559,21.1155],[78.59,21.115],[78.6075,21.07],[78.7315,21.005],[78.7355,20.9475],[78.8055,20.8775],[78.865,20.872],[78.8645,20.8425],[78.9165,20.8355],[78.916,20.807],[78.9455,20.7675],[79.0535,20.735],[79.1075,20.686],[79.1435,20.6765],[79.189,20.603],[79.225,20.5825],[79.322,20.584],[79.376,20.678],[79.4355,20.6595],[79.5095,20.7045],[79.617,20.903],[79.6615,20.954],[79.6,21.073],[79.5695,21.0705],[79.514,21.122],[79.5635,21.1875],[79.5565,21.2095],[79.576,21.284],[79.4835,21.428],[79.451,21.4355],[79.486,21.5025],[79.543,21.544],[79.5125,21.594],[79.495,21.673],[79.418,21.6905],[79.4035,21.675],[79.291,21.693],[79.2395,21.7125],[79.223,21.6495],[79.154,21.66],[79.11,21.6085],[79.0155,21.6005],[78.9805,21.6165],[78.9185,21.5625],[78.9375,21.4865],[78.7515,21.4915],[78.73,21.4635],[78.6895,21.481],[78.6265,21.4765],[78.5655,21.5135],[78.514,21.5275],[78.489,21.5065],[78.4355,21.5005]]]},"properties":{"shapeName":"Nagpur"}},
{"type":"Feature","geometry":{"type":"Polygon","coordinates":[[[84.2825,20.9275],[84.2415,20.9265],[84.1945,20.977],[84.161,20.976],[84.148,21.036],[84.0705,21.0515],[84.048,21.0445],[83.991,21.08],[83.986,21.1355],[83.896,21.1785],[83.8445,21.098],[83.7995,21.1165],[83.782,21.155],[83.718,21.1215],[83.6135,21.1295],[83.5995,21.111],[83.493,21.0425],[83.459,21.0555],[83.4505,21.0195],[83.5095,20.9835],[83.575,20.9755],[83.6255,20.986],[83.621,20.904],[83.5795,20.874],[83.5755,20.848],[83.6195,20.833],[83.6375,20.7725],[83.6775,20.743],[83.6225,20.631],[83.596,20.604],[83.606,20.5305],[83.689,20.561],[83.7315,20.607],[83.7185,20.641],[83.7595,20.716],[83.763,20.7755],[83.788,20.803],[83.852,20.824],[83.9045,20.8195],[83.9405,20.8415],[84.0385,20.8275],[84.1125,20.846],[84.196,20.894],[84.2675,20.89],[84.2825,20.9275]]]},"properties":{"shapeName":"Subarnapur"}},
{"type":"Feature","geometry":{"type":"Polygon","coordinates":[[[86.0825,20.107],[85.995,20.1075],[85.905,20.127],[85.8675,20.191],[85.827,20.159],[85.725,20.1435],[85.689,20.1495],[85.68,20.072],[85.624,20.0665],[85.631,20.025],[85.611,20.0015],[85.566,20.0045],[85.5095,19.9465],[85.5665,19.9175],[85.539,19.891],[85.4835,19.8845],[85.428,19.894],[85.3235,19.7965],[85.2775,19.7905],[85.191,19.712],[85.184,19.676],[85.177,19.5585],[85.137,19.5215],[85.1745,19.468],[85.336,19.5785],[85.6695,19.7405],[85.7945,19.785],[85.9245,19.823],[86.0445,19.847],[86.2305,19.9025],[86.286,19.9305],[86.372,19.956],[86.3275,20.0195],[86.282,20.056],[86.225,20.039],[86.189,20.054],[86.1345,20.04],[86.09,20.0605],[86.0825,20.107]]]},"properties":{"shapeName":"Puri"}},
{"type":"Feature","geometry":{"type":"Polygon","coordinates":[[[84.2675,20.89],[84.3515,20.842],[84.357,20.782],[84.4265,20.742],[84.457,20.744],[84.5715,20.688],[84.6375,20.6255],[84.778,20.6025],[84.794,20.582],[84.8515,20.529],[84.898,20.581],[84.9895,20.5715],[85.027,20.588],[85.077,20.582],[85.093,20.6115],[85.1295,20.616],[85.115,20.6825],[85.1535,20.7235],[85.1985,20.709],[85.2515,20.749],[85.2925,20.81],[85.291,20.88],[85.243,20.904],[85.2495,21.001],[85.1675,21.054],[85.1955,21.081],[85.233,21.0715],[85.2685,21.1705],[85.3205,21.161],[85.4055,21.176],[85.368,21.2405],[85.278,21.2935],[85.329,21.3245],[85.3435,21.3595],[85.305,21.4145],[85.275,21.4275],[85.3335,21.482],[85.305,21.5675],[85.2655,21.629],[85.251,21.6765],[85.194,21.6635],[85.191,21.6245],[85.15,21.5945],[85.191,21.588],[85.2155,21.5545],[85.206,21.521],[85.157,21.461],[85.023,21.456],[84.9955,21.411],[85.008,21.3835],[85.0075,21.2905],[84.963,21.299],[84.9015,21.2595],[84.9305,21.2325],[84.95,21.176],[84.9225,21.1425],[84.8805,21.1655],[84.823,21.173],[84.8005,21.134],[84.7445,21.171],[84.6855,21.1495],[84.6705,21.096],[84.5995,21.067],[84.535,21.089],[84.485,21.083],[84.4165,21.002],[84.407,20.9795],[84.2825,20.9275],[84.2675,20.89]]]},"properties":{"shapeName":"Anugul"}},
{"type":"Feature","geometry":{"type":"Polygon","coordinates":[[[85.15,21.5945],[85.0365,21.607],[85.0275,21.672],[84.9595,21.6835],[84.8655,21.653],[84.749,21.682],[84.6795,21.735],[84.652,21.74],[84.6275,21.695],[84.5785,21.7005],[84.513,21.684],[84.4915,21.638],[84.553,21.5925],[84.5115,21.56],[84.496,21.5275],[84.445,21.4805],[84.3815,21.457],[84.378,21.3415],[84.4595,21.3675],[84.5005,21.3555],[84.517,21.3285],[84.5565,21.347],[84.5735,21.262],[84.6325,21.276],[84.6655,21.312],[84.717,21.3155],[84.766,21.273],[84.761,21.2335],[84.7285,21.2245],[84.7445,21.171],[84.8005,21.134],[84.823,21.173],[84.8805,21.1655],[84.9225,21.1425],[84.95,21.176],[84.9305,21.2325],[84.9015,21.2595],[84.963,21.299],[85.0075,21.2905],[85.008,21.3835],[84.9955,21.411],[85.023,21.456],[85.157,21.461],[85.206,21.521],[85.2155,21.5545],[85.191,21.588],[85.15,21.5945]]]},"properties":{"shapeName":"Debagarh"}},
{"type":"Feature","geometry":{"type":"Polygon","coordinates":[[[83.074,18.4025],[83.0245,18.457],[83.06,18.487],[83.0965,18.542],[83.0405,18.557],[83.0195,18.648],[83.059,18.663],[83.086,18.714],[83.141,18.781],[83.274,18.766],[83.2875,18.7985],[83.368,18.8165],[83.4055,18.8615],[83.321,18.975],[83.3485,19.0175],[83.341,19.102],[83.2775,19.115],[83.26,19.036],[83.239,19.024],[83.2415,18.9735],[83.2065,18.9765],[83.19,19.0155],[83.195,19.0755],[83.1735,19.116],[83.1375,19.1375],[83.076,19.0815],[83.0635,19.045],[82.981,19.1535],[82.879,19.1845],[82.8565,19.204],[82.8265,19.1715],[82.742,19.1605],[82.6965,19.1905],[82.6165,19.1855],[82.549,19.2065],[82.49,19.181],[82.41,19.214],[82.233,19.1625],[82.2045,19.124],[82.202,19.0675],[82.2305,19.0285],[82.2475,18.918],[82.179,18.899],[82.173,18.8375],[82.1535,18.781],[82.0995,18.7635],[82.093,18.74],[82.1475,18.6925],[82.1355,18.6765],[82.176,18.634],[82.2305,18.6355],[82.265,18.5885],[82.315,18.579],[82.359,18.623],[82.4475,18.6],[82.405,18.528],[82.4375,18.4935],[82.4895,18.5235],[82.5315,18.5125],[82.544,18.417],[82.609,18.375],[82.5975,18.266],[82.64,18.238],[82.6735,18.3],[82.7755,18.3405],[82.7925,18.3635],[82.7845,18.429],[82.8075,18.4485],[82.899,18.4015],[82.911,18.3655],[82.9845,18.3645],[83.045,18.3795],[83.074,18.4025]]]},"properties":{"shapeName":"Koraput"}},
{"type":"Feature","geometry":{"type":"Polygon","coordinates":[[[82.2045,19.124],[82.233,19.1625],[82.41,19.214],[82.49,19.181],[82.549,19.2065],[82.6165,19.1855],[82.6965,19.1905],[82.742,19.1605],[82.8265,19.1715],[82.8565,19.204],[82.827,19.257],[82.838,19.3255],[82.7875,19.343],[82.7575,19.3285],[82.715,19.359],[82.6935,19.4175],[82.634,19.483],[82.6455,19.508],[82.569,19.5435],[82.55,19.6105],[82.572,19.6735],[82.564,19.727],[82.5925,19.777],[82.5795,19.834],[82.605,19.8665],[82.4835,19.906],[82.45,19.9085],[82.3965,19.8875],[82.347,19.8355],[82.306,19.889],[82.2695,19.977],[82.2385,20.0035],[82.192,19.9865],[82.124,20.0155],[82.0655,20.055],[82.0175,20.0495],[81.9415,20.104],[81.8815,20.051],[81.845,19.955],[81.866,19.9045],[81.968,19.86],[81.988,19.801],[82.06,19.797],[82.065,19.759],[82.0455,19.7095],[82.059,19.63],[82.0425,19.589],[82.054,19.5445],[82.034,19.508],[82.1,19.516],[82.1045,19.467],[82.127,19.43],[82.1785,19.436],[82.1745,19.3725],[82.188,19.3385],[82.1595,19.272],[82.1635,19.203],[82.2045,19.124]]]},"properties":{"shapeName":"Nabarangapur"}},
{"type":"Feature","geometry":{"type":"Polygon","coordinates":[[[83.277,21.379],[83.2495,21.2805],[83.1975,21.1395],[83.127,21.105],[83.048,21.123],[82.987,21.1615],[82.8475,21.167],[82.7895,21.1445],[82.765,21.162],[82.6435,21.153],[82.639,21.0905],[82.694,21.0225],[82.7015,20.941],[82.6865,20.884],[82.6915,20.7735],[82.703,20.7265],[82.7375,20.726],[82.749,20.7735],[82.8405,20.87],[82.891,20.9095],[82.9295,20.8885],[82.968,20.8975],[82.986,20.851],[83.1325,20.864],[83.2325,20.9315],[83.2755,20.8685],[83.3035,20.8535],[83.413,20.8965],[83.3835,20.944],[83.388,20.991],[83.33,20.9855],[83.297,21.016],[83.325,21.056],[83.3585,21.07],[83.459,21.0555],[83.493,21.0425],[83.5995,21.111],[83.6135,21.1295],[83.718,21.1215],[83.782,21.155],[83.7995,21.1165],[83.8445,21.098],[83.896,21.1785],[83.9135,21.2465],[83.8715,21.311],[83.881,21.3905],[83.8495,21.4165],[83.8865,21.4395],[83.8465,21.528],[83.7995,21.5665],[83.727,21.631],[83.7055,21.689],[83.6565,21.7205],[83.56,21.7435],[83.527,21.673],[83.49,21.643],[83.47,21.609],[83.4155,21.6375],[83.3755,21.6005],[83.373,21.553],[83.349,21.489],[83.4095,21.385],[83.408,21.3505],[83.3685,21.3485],[83.277,21.379]]]},"properties":{"shapeName":"Bargarh"}},
{"type":"Feature","geometry":{"type":"Polygon","coordinates":[[[86.372,19.956],[86.422,19.988],[86.436,20.0565],[86.4935,20.122],[86.5245,20.1715],[86.607,20.2315],[86.6805,20.259],[86.716,20.301],[86.659,20.335],[86.5975,20.345],[86.5615,20.328],[86.4355,20.34],[86.398,20.369],[86.353,20.354],[86.2545,20.367],[86.168,20.377],[86.137,20.3575],[86.087,20.368],[86.0275,20.402],[86.0145,20.382],[86.034,20.312],[86.079,20.246],[86.1555,20.2115],[86.157,20.0945],[86.189,20.054],[86.225,20.039],[86.282,20.056],[86.3275,20.0195],[86.372,19.956]]]},"properties":{"shapeName":"Jagatsinghapur"}},
{"type":"Feature","geometry":{"type":"Polygon","coordinates":[[[84.241,19.576],[84.227,19.6265],[84.247,19.6425],[84.1895,19.7035],[84.2285,19.789],[84.174,19.793],[84.185,19.8605],[84.278,19.879],[84.321,19.8775],[84.383,19.8425],[84.424,19.8355],[84.4605,19.8535],[84.47,19.94],[84.377,19.9665],[84.333,20.011],[84.4155,20.0545],[84.4015,20.073],[84.4355,20.1565],[84.506,20.141],[84.564,20.1415],[84.5845,20.1915],[84.5475,20.245],[84.5465,20.3225],[84.489,20.3395],[84.5195,20.373],[84.5125,20.3985],[84.4605,20.403],[84.4655,20.4425],[84.398,20.528],[84.3855,20.603],[84.36,20.6695],[84.319,20.695],[84.278,20.675],[84.256,20.6055],[84.2215,20.588],[84.178,20.605],[84.1455,20.5845],[84.104,20.6],[84.056,20.596],[84.016,20.5715],[83.934,20.59],[83.8585,20.573],[83.8065,20.5115],[83.8095,20.433],[83.7825,20.414],[83.722,20.435],[83.666,20.4235],[83.6525,20.39],[83.7055,20.371],[83.7205,20.2395],[83.7905,20.1815],[83.734,20.15],[83.711,20.103],[83.678,20.113],[83.6355,20.0905],[83.5745,20.0885],[83.5445,20.0225],[83.503,19.9925],[83.496,19.96],[83.5625,19.9255],[83.5285,19.8775],[83.545,19.8435],[83.6195,19.8155],[83.628,19.743],[83.6455,19.699],[83.701,19.687],[83.7405,19.655],[83.769,19.7135],[83.8435,19.71],[83.874,19.6745],[83.9205,19.68],[83.943,19.6355],[83.976,19.621],[84.0285,19.633],[84.135,19.6285],[84.1465,19.594],[84.241,19.576]]]},"properties":{"shapeName":"Kandhamal"}},
{"type":"Feature","geometry":{"type":"Polygon","coordinates":[[[86.0825,20.107],[86.0395,20.136],[86.0075,20.2245],[85.9605,20.2525],[85.9215,20.307],[85.8975,20.3665],[85.823,20.4085],[85.8015,20.4345],[85.7595,20.405],[85.7155,20.4],[85.684,20.341],[85.6395,20.32],[85.6265,20.2925],[85.525,20.3045],[85.461,20.295],[85.447,20.2645],[85.3345,20.281],[85.324,20.2315],[85.2265,20.2235],[85.2015,20.188],[85.214,20.133],[85.2445,20.125],[85.3515,20.189],[85.414,20.128],[85.3805,20.072],[85.422,20.0245],[85.454,19.9645],[85.421,19.9275],[85.3635,19.959],[85.321,19.9265],[85.245,19.906],[85.167,19.905],[85.1275,19.934],[85.01,19.9005],[84.94,19.8975],[85.0095,19.803],[85.077,19.792],[85.1285,19.7495],[85.184,19.676],[85.191,19.712],[85.2775,19.7905],[85.3235,19.7965],[85.428,19.894],[85.4835,19.8845],[85.539,19.891],[85.5665,19.9175],[85.5095,19.9465],[85.566,20.0045],[85.611,20.0015],[85.631,20.025],[85.624,20.0665],[85.68,20.072],[85.689,20.1495],[85.725,20.1435],[85.827,20.159],[85.8675,20.191],[85.905,20.127],[85.995,20.1075],[86.0825,20.107]]]},"properties":{"shapeName":"Khordha"}},
{"type":"Feature","geometry":{"type":"Polygon","coordinates":[[[85.966,22.4825],[85.959,22.46],[86.027,22.386],[85.9985,22.342],[86.014,22.297],[85.975,22.2475],[86.032,22.1895],[86,22.136],[86.008,22.1175],[85.957,22.036],[85.887,21.9795],[85.79,21.983],[85.7615,22.013],[85.7845,22.0405],[85.8075,22.115],[85.728,22.0625],[85.6775,22.056],[85.6715,22.0135],[85.7395,21.9935],[85.7945,21.9545],[85.8105,21.8125],[85.883,21.7945],[85.906,21.768],[85.9755,21.7425],[86.018,21.7455],[86.04,21.7005],[86.0835,21.6855],[86.08,21.6295],[86.01,21.533],[86.1295,21.4715],[86.1635,21.4205],[86.142,21.404],[86.094,21.312],[86.1205,21.2725],[86.21,21.2835],[86.2205,21.313],[86.2855,21.3755],[86.358,21.32],[86.3615,21.3005],[86.4275,21.332],[86.5345,21.4285],[86.585,21.5215],[86.64,21.534],[86.6875,21.5945],[86.8125,21.607],[86.865,21.5975],[86.8965,21.624],[86.9605,21.5585],[87.03,21.5905],[86.9995,21.609],[87.012,21.6485],[87.097,21.735],[87.1125,21.7865],[87.1595,21.7685],[87.1755,21.8145],[87.099,21.8655],[87.0345,21.8705],[87.002,21.9125],[87.0385,21.994],[87.022,22.046],[86.9615,22.088],[86.8525,22.103],[86.8105,22.119],[86.795,22.1585],[86.72,22.148],[86.7275,22.22],[86.653,22.24],[86.6505,22.266],[86.583,22.302],[86.5295,22.307],[86.505,22.345],[86.4295,22.3105],[86.358,22.3495],[86.293,22.4295],[86.2255,22.453],[86.2075,22.474],[86.1065,22.494],[86.067,22.5525],[85.9745,22.5035],[85.966,22.4825]]]},"properties":{"shapeName":"Mayurbhanj"}},
{"type":"Feature","geometry":{"type":"Polygon","coordinates":[[[81.9815,18.0145],[82.0335,18.0665],[82.1725,18.0505],[82.2505,17.989],[82.276,17.996],[82.267,18.044],[82.345,18.0565],[82.342,18.1515],[82.3145,18.2045],[82.3415,18.2245],[82.3455,18.275],[82.3755,18.28],[82.4015,18.3155],[82.354,18.3305],[82.3925,18.381],[82.3695,18.4185],[82.4375,18.4935],[82.405,18.528],[82.4475,18.6],[82.359,18.623],[82.315,18.579],[82.265,18.5885],[82.2305,18.6355],[82.176,18.634],[82.1355,18.6765],[82.1475,18.6925],[82.093,18.74],[81.969,18.6935],[81.9555,18.6365],[81.955,18.567],[81.909,18.565],[81.8525,18.4895],[81.7705,18.419],[81.7535,18.353],[81.6665,18.347],[81.669,18.3235],[81.602,18.309],[81.5365,18.267],[81.513,18.1915],[81.531,18.165],[81.517,18.1005],[81.4825,18.0365],[81.486,17.9785],[81.4635,17.955],[81.446,17.8845],[81.4125,17.897],[81.3935,17.815],[81.479,17.8315],[81.49,17.8115],[81.5625,17.825],[81.62,17.824],[81.6655,17.8815],[81.712,17.87],[81.767,17.902],[81.8095,17.945],[81.944,17.9925],[81.9815,18.0145]]]},"properties":{"shapeName":"Malkangiri"}},
{"type":"Feature","geometry":{"type":"Polygon","coordinates":[[[87.443,21.7695],[87.3775,21.772],[87.356,21.791],[87.2845,21.8045],[87.239,21.9005],[87.255,21.927],[87.233,21.961],[87.2295,21.9615],[87.1645,21.9675],[87.164,21.939],[87.0975,21.913],[87.099,21.8655],[87.1755,21.8145],[87.1595,21.7685],[87.1125,21.7865],[87.097,21.735],[87.012,21.6485],[86.9995,21.609],[87.03,21.5905],[86.9605,21.5585],[86.8965,21.624],[86.865,21.5975],[86.8125,21.607],[86.6875,21.5945],[86.64,21.534],[86.585,21.5215],[86.5345,21.4285],[86.4275,21.332],[86.3615,21.3005],[86.371,21.239],[86.4085,21.22],[86.459,21.2355],[86.462,21.1595],[86.511,21.138],[86.558,21.1575],[86.594,21.0965],[86.6635,21.084],[86.657,21.1285],[86.676,21.168],[86.7465,21.1805],[86.779,21.231],[86.848,21.2395],[86.8965,21.3175],[86.989,21.4155],[87.117,21.509],[87.207,21.5455],[87.352,21.548],[87.41,21.5605],[87.487,21.611],[87.4625,21.6505],[87.4745,21.7125],[87.443,21.7695]]]},"properties":{"shapeName":"Baleshwar"}},
{"type":"Feature","geometry":{"type":"Polygon","coordinates":[[[84.2825,20.9275],[84.407,20.9795],[84.4165,21.002],[84.485,21.083],[84.535,21.089],[84.5995,21.067],[84.6705,21.096],[84.6855,21.1495],[84.7445,21.171],[84.7285,21.2245],[84.761,21.2335],[84.766,21.273],[84.717,21.3155],[84.6655,21.312],[84.6325,21.276],[84.5735,21.262],[84.5565,21.347],[84.517,21.3285],[84.5005,21.3555],[84.4595,21.3675],[84.378,21.3415],[84.3815,21.457],[84.445,21.4805],[84.496,21.5275],[84.5115,21.56],[84.553,21.5925],[84.4915,21.638],[84.513,21.684],[84.5785,21.7005],[84.6275,21.695],[84.652,21.74],[84.6795,21.735],[84.6545,21.767],[84.5935,21.758],[84.5285,21.8135],[84.5385,21.861],[84.504,21.9785],[84.5135,22.0535],[84.478,22.189],[84.421,22.1725],[84.2785,22.1085],[84.2665,22.077],[84.2695,22.0145],[84.2965,22.032],[84.3575,22.037],[84.3935,21.993],[84.33,21.8665],[84.33,21.842],[84.2865,21.7625],[84.247,21.7695],[84.19,21.7545],[84.115,21.7895],[84.0385,21.7595],[83.9685,21.756],[83.949,21.721],[83.9685,21.6915],[83.981,21.596],[83.964,21.5715],[83.894,21.574],[83.8145,21.5915],[83.7995,21.5665],[83.8465,21.528],[83.8865,21.4395],[83.8495,21.4165],[83.881,21.3905],[83.8715,21.311],[83.9135,21.2465],[83.896,21.1785],[83.986,21.1355],[83.991,21.08],[84.048,21.0445],[84.0705,21.0515],[84.148,21.036],[84.161,20.976],[84.1945,20.977],[84.2415,20.9265],[84.2825,20.9275]]]},"properties":{"shapeName":"Sambalpur"}},
{"type":"Feature","geometry":{"type":"Polygon","coordinates":[[[84.423,18.9475],[84.3715,18.9735],[84.3895,19.0845],[84.379,19.102],[84.412,19.149],[84.395,19.208],[84.425,19.2625],[84.416,19.334],[84.39,19.3915],[84.407,19.4455],[84.3715,19.54],[84.3325,19.549],[84.305,19.496],[84.2565,19.4975],[84.241,19.576],[84.1465,19.594],[84.135,19.6285],[84.0285,19.633],[83.976,19.621],[83.943,19.6355],[83.927,19.631],[83.944,19.5505],[83.977,19.531],[83.9785,19.486],[83.944,19.4205],[83.947,19.398],[84.017,19.3745],[84.03,19.346],[84.0215,19.285],[83.983,19.2095],[83.9845,19.162],[84.024,19.142],[84.0135,19.094],[83.965,19.045],[83.988,19.021],[83.952,18.99],[83.9135,19.018],[83.898,18.984],[83.863,18.98],[83.814,19.032],[83.796,19.017],[83.8425,18.9185],[83.851,18.8605],[83.878,18.828],[83.9475,18.806],[84.015,18.814],[84.0555,18.793],[84.0735,18.7615],[84.137,18.7625],[84.224,18.797],[84.2535,18.7835],[84.3395,18.802],[84.3935,18.893],[84.4365,18.9235],[84.423,18.9475]]]},"properties":{"shapeName":"Gajapati"}},
{"type":"Feature","geometry":{"type":"Polygon","coordinates":[[[85.1295,20.616],[85.195,20.583],[85.213,20.5485],[85.252,20.519],[85.3785,20.4955],[85.4065,20.5105],[85.458,20.486],[85.5115,20.536],[85.5895,20.5125],[85.5995,20.5365],[85.6585,20.5505],[85.719,20.6365],[85.809,20.661],[85.887,20.66],[85.912,20.6935],[85.9085,20.713],[85.996,20.74],[86.0255,20.7265],[86.0205,20.8095],[85.8995,20.857],[85.92,20.928],[85.8245,20.9405],[85.7575,20.9915],[85.7055,21.0745],[85.688,21.131],[85.728,21.144],[85.684,21.186],[85.5995,21.138],[85.5485,21.167],[85.501,21.114],[85.463,21.1275],[85.4055,21.176],[85.3205,21.161],[85.2685,21.1705],[85.233,21.0715],[85.1955,21.081],[85.1675,21.054],[85.2495,21.001],[85.243,20.904],[85.291,20.88],[85.2925,20.81],[85.2515,20.749],[85.1985,20.709],[85.1535,20.7235],[85.115,20.6825],[85.1295,20.616]]]},"properties":{"shapeName":"Dhenkanal"}},
{"type":"Feature","geometry":{"type":"Polygon","coordinates":[[[84.794,20.582],[84.777,20.5365],[84.7445,20.541],[84.6995,20.4995],[84.692,20.443],[84.6635,20.426],[84.622,20.435],[84.5125,20.3985],[84.5195,20.373],[84.489,20.3395],[84.5465,20.3225],[84.5475,20.245],[84.5845,20.1915],[84.648,20.2075],[84.6735,20.274],[84.6965,20.282],[84.7435,20.2455],[84.8285,20.223],[84.811,20.07],[84.8565,20.031],[84.863,20.001],[84.902,19.9935],[84.94,19.8975],[85.01,19.9005],[85.1275,19.934],[85.167,19.905],[85.245,19.906],[85.321,19.9265],[85.3635,19.959],[85.421,19.9275],[85.454,19.9645],[85.422,20.0245],[85.3805,20.072],[85.414,20.128],[85.3515,20.189],[85.2445,20.125],[85.214,20.133],[85.2015,20.188],[85.2265,20.2235],[85.324,20.2315],[85.3345,20.281],[85.3735,20.351],[85.3675,20.3925],[85.286,20.3725],[85.264,20.3885],[85.198,20.3875],[85.123,20.4125],[85.076,20.4165],[84.9455,20.493],[84.894,20.497],[84.8515,20.529],[84.794,20.582]]]},"properties":{"shapeName":"Nayagarh"}},
{"type":"Feature","geometry":{"type":"Polygon","coordinates":[[[86.189,20.054],[86.157,20.0945],[86.1555,20.2115],[86.079,20.246],[86.034,20.312],[86.0145,20.382],[86.0275,20.402],[86.087,20.368],[86.137,20.3575],[86.168,20.377],[86.2545,20.367],[86.28,20.422],[86.268,20.4515],[86.2775,20.518],[86.2525,20.539],[86.2835,20.5845],[86.2545,20.608],[86.189,20.6245],[86.1835,20.659],[86.1195,20.618],[86.0925,20.6185],[86.025,20.572],[85.982,20.6085],[85.912,20.6935],[85.887,20.66],[85.809,20.661],[85.719,20.6365],[85.6585,20.5505],[85.5995,20.5365],[85.5895,20.5125],[85.5115,20.536],[85.458,20.486],[85.4065,20.5105],[85.3785,20.4955],[85.252,20.519],[85.213,20.5485],[85.195,20.583],[85.1295,20.616],[85.093,20.6115],[85.077,20.582],[85.027,20.588],[84.9895,20.5715],[84.898,20.581],[84.8515,20.529],[84.894,20.497],[84.9455,20.493],[85.076,20.4165],[85.123,20.4125],[85.198,20.3875],[85.264,20.3885],[85.286,20.3725],[85.3675,20.3925],[85.3735,20.351],[85.3345,20.281],[85.447,20.2645],[85.461,20.295],[85.525,20.3045],[85.6265,20.2925],[85.6395,20.32],[85.684,20.341],[85.7155,20.4],[85.7595,20.405],[85.8015,20.4345],[85.823,20.4085],[85.8975,20.3665],[85.9215,20.307],[85.9605,20.2525],[86.0075,20.2245],[86.0395,20.136],[86.0825,20.107],[86.09,20.0605],[86.1345,20.04],[86.189,20.054]]]},"properties":{"shapeName":"Cuttack"}},
{"type":"Feature","geometry":{"type":"Polygon","coordinates":[[[85.912,20.6935],[85.982,20.6085],[86.025,20.572],[86.0925,20.6185],[86.1195,20.618],[86.1835,20.659],[86.189,20.6245],[86.2545,20.608],[86.2835,20.5845],[86.375,20.595],[86.458,20.6705],[86.544,20.694],[86.544,20.7545],[86.625,20.7975],[86.5965,20.8575],[86.517,20.872],[86.452,20.8455],[86.393,20.866],[86.3545,20.8535],[86.3125,20.8965],[86.282,20.907],[86.2895,21.019],[86.2615,21.0395],[86.141,21.0745],[86.0955,21.0515],[86.0895,21.0185],[86.048,21.0245],[86.0285,21.0735],[86.073,21.1285],[86.0325,21.142],[85.9485,21.1295],[85.922,21.098],[85.876,21.0865],[85.784,21.101],[85.7655,21.1435],[85.728,21.144],[85.688,21.131],[85.7055,21.0745],[85.7575,20.9915],[85.8245,20.9405],[85.92,20.928],[85.8995,20.857],[86.0205,20.8095],[86.0255,20.7265],[85.996,20.74],[85.9085,20.713],[85.912,20.6935]]]},"properties":{"shapeName":"Jajapur"}},
{"type":"Feature","geometry":{"type":"Polygon","coordinates":[[[82.5925,19.777],[82.564,19.727],[82.572,19.6735],[82.55,19.6105],[82.569,19.5435],[82.6455,19.508],[82.634,19.483],[82.6935,19.4175],[82.715,19.359],[82.7575,19.3285],[82.7875,19.343],[82.838,19.3255],[82.827,19.257],[82.8565,19.204],[82.879,19.1845],[82.9025,19.23],[82.891,19.255],[82.919,19.3055],[82.9575,19.3255],[82.938,19.4055],[82.9395,19.4505],[82.9915,19.448],[83,19.499],[83.037,19.551],[83.077,19.5605],[83.168,19.433],[83.245,19.5065],[83.2675,19.6015],[83.333,19.597],[83.3735,19.621],[83.386,19.6675],[83.415,19.6845],[83.4555,19.7405],[83.451,19.7965],[83.4275,19.845],[83.4085,19.924],[83.443,19.934],[83.452,19.973],[83.496,19.96],[83.503,19.9925],[83.5445,20.0225],[83.5745,20.0885],[83.6355,20.0905],[83.678,20.113],[83.711,20.103],[83.734,20.15],[83.7905,20.1815],[83.7205,20.2395],[83.7055,20.371],[83.6525,20.39],[83.625,20.3515],[83.577,20.3655],[83.5655,20.3915],[83.491,20.4165],[83.4875,20.4545],[83.4235,20.404],[83.412,20.373],[83.344,20.3175],[83.3005,20.304],[83.241,20.259],[83.2265,20.2055],[83.1835,20.1735],[83.1455,20.171],[83.091,20.1995],[83.0135,20.171],[82.9325,20.18],[82.9115,20.149],[82.825,20.166],[82.8115,20.1],[82.7905,20.102],[82.7565,20.056],[82.7305,20.051],[82.705,19.9985],[82.7185,19.989],[82.708,19.9125],[82.7185,19.8545],[82.706,19.833],[82.6535,19.8315],[82.6265,19.792],[82.5925,19.777]]]},"properties":{"shapeName":"Kalahandi"}},
{"type":"Feature","geometry":{"type":"Polygon","coordinates":[[[83.606,20.5305],[83.585,20.4865],[83.666,20.4235],[83.722,20.435],[83.7825,20.414],[83.8095,20.433],[83.8065,20.5115],[83.8585,20.573],[83.934,20.59],[84.016,20.5715],[84.056,20.596],[84.104,20.6],[84.1455,20.5845],[84.178,20.605],[84.2215,20.588],[84.256,20.6055],[84.278,20.675],[84.319,20.695],[84.36,20.6695],[84.3855,20.603],[84.398,20.528],[84.4655,20.4425],[84.4605,20.403],[84.5125,20.3985],[84.622,20.435],[84.6635,20.426],[84.692,20.443],[84.6995,20.4995],[84.7445,20.541],[84.777,20.5365],[84.794,20.582],[84.778,20.6025],[84.6375,20.6255],[84.5715,20.688],[84.457,20.744],[84.4265,20.742],[84.357,20.782],[84.3515,20.842],[84.2675,20.89],[84.196,20.894],[84.1125,20.846],[84.0385,20.8275],[83.9405,20.8415],[83.9045,20.8195],[83.852,20.824],[83.788,20.803],[83.763,20.7755],[83.7595,20.716],[83.7185,20.641],[83.7315,20.607],[83.689,20.561],[83.606,20.5305]]]},"properties":{"shapeName":"Baudh"}},
{"type":"Feature","geometry":{"type":"Polygon","coordinates":[[[86.716,20.301],[86.7825,20.3385],[86.773,20.391],[86.7325,20.411],[86.733,20.456],[86.7625,20.508],[86.803,20.55],[87.014,20.695],[86.999,20.7635],[86.849,20.77],[86.7975,20.739],[86.753,20.7735],[86.6605,20.799],[86.625,20.7975],[86.544,20.7545],[86.544,20.694],[86.458,20.6705],[86.375,20.595],[86.2835,20.5845],[86.2525,20.539],[86.2775,20.518],[86.268,20.4515],[86.28,20.422],[86.2545,20.367],[86.353,20.354],[86.398,20.369],[86.4355,20.34],[86.5615,20.328],[86.5975,20.345],[86.659,20.335],[86.716,20.301]]]},"properties":{"shapeName":"Kendrapara"}},
{"type":"Feature","geometry":{"type":"Polygon","coordinates":[[[85.237,22.0045],[85.282,21.9565],[85.316,21.9585],[85.374,21.9345],[85.377,21.91],[85.3485,21.8345],[85.317,21.819],[85.282,21.834],[85.2045,21.7685],[85.1895,21.718],[85.194,21.6635],[85.251,21.6765],[85.2655,21.629],[85.305,21.5675],[85.3335,21.482],[85.275,21.4275],[85.305,21.4145],[85.3435,21.3595],[85.329,21.3245],[85.278,21.2935],[85.368,21.2405],[85.4055,21.176],[85.463,21.1275],[85.501,21.114],[85.5485,21.167],[85.5995,21.138],[85.684,21.186],[85.728,21.144],[85.7655,21.1435],[85.784,21.101],[85.876,21.0865],[85.922,21.098],[85.9485,21.1295],[86.0325,21.142],[86.073,21.1285],[86.0285,21.0735],[86.048,21.0245],[86.0895,21.0185],[86.0955,21.0515],[86.141,21.0745],[86.2615,21.0395],[86.2895,21.019],[86.3185,21.079],[86.2755,21.151],[86.2925,21.176],[86.34,21.18],[86.371,21.239],[86.3615,21.3005],[86.358,21.32],[86.2855,21.3755],[86.2205,21.313],[86.21,21.2835],[86.1205,21.2725],[86.094,21.312],[86.142,21.404],[86.1635,21.4205],[86.1295,21.4715],[86.01,21.533],[86.08,21.6295],[86.0835,21.6855],[86.04,21.7005],[86.018,21.7455],[85.9755,21.7425],[85.906,21.768],[85.883,21.7945],[85.8105,21.8125],[85.7945,21.9545],[85.7395,21.9935],[85.6715,22.0135],[85.6775,22.056],[85.6505,22.0945],[85.597,22.079],[85.4915,22.1205],[85.416,22.16],[85.369,22.1585],[85.28,22.084],[85.237,22.0045]]]},"properties":{"shapeName":"Kendujhar"}},
{"type":"Feature","geometry":{"type":"Polygon","coordinates":[[[84.7675,19.081],[84.805,19.149],[84.862,19.216],[84.974,19.311],[85.082,19.376],[85.1045,19.4135],[85.1745,19.468],[85.137,19.5215],[85.177,19.5585],[85.184,19.676],[85.1285,19.7495],[85.077,19.792],[85.0095,19.803],[84.94,19.8975],[84.902,19.9935],[84.863,20.001],[84.8565,20.031],[84.811,20.07],[84.8285,20.223],[84.7435,20.2455],[84.6965,20.282],[84.6735,20.274],[84.648,20.2075],[84.5845,20.1915],[84.564,20.1415],[84.506,20.141],[84.4355,20.1565],[84.4015,20.073],[84.4155,20.0545],[84.333,20.011],[84.377,19.9665],[84.47,19.94],[84.4605,19.8535],[84.424,19.8355],[84.383,19.8425],[84.321,19.8775],[84.278,19.879],[84.185,19.8605],[84.174,19.793],[84.2285,19.789],[84.1895,19.7035],[84.247,19.6425],[84.227,19.6265],[84.241,19.576],[84.2565,19.4975],[84.305,19.496],[84.3325,19.549],[84.3715,19.54],[84.407,19.4455],[84.39,19.3915],[84.416,19.334],[84.425,19.2625],[84.395,19.208],[84.412,19.149],[84.379,19.102],[84.3895,19.0845],[84.3715,18.9735],[84.423,18.9475],[84.437,19.0105],[84.485,19.0175],[84.517,19.047],[84.5605,19.057],[84.604,19.0295],[84.627,19.086],[84.6165,19.127],[84.668,19.1315],[84.7675,19.081]]]},"properties":{"shapeName":"Ganjam"}},
{"type":"Feature","geometry":{"type":"Polygon","coordinates":[[[84.0095,22.5235],[83.983,22.5045],[84.0485,22.4665],[84.047,22.4355],[84.008,22.3725],[83.868,22.3465],[83.8045,22.2925],[83.7525,22.244],[83.7075,22.2485],[83.653,22.227],[83.613,22.1605],[83.5645,22.1025],[83.6075,22.0685],[83.5455,22.058],[83.5555,22.0095],[83.542,21.9665],[83.6075,21.914],[83.5785,21.875],[83.5805,21.833],[83.6295,21.849],[83.643,21.817],[83.722,21.787],[83.7605,21.8365],[83.8805,21.9245],[83.898,21.9455],[83.961,21.942],[83.981,21.907],[84.029,21.9535],[84.0785,21.9375],[84.0935,21.9995],[84.172,21.9995],[84.2075,21.978],[84.247,21.983],[84.2695,22.0145],[84.2665,22.077],[84.2785,22.1085],[84.421,22.1725],[84.478,22.189],[84.5135,22.0535],[84.504,21.9785],[84.5385,21.861],[84.5285,21.8135],[84.5935,21.758],[84.6545,21.767],[84.6795,21.735],[84.749,21.682],[84.8655,21.653],[84.9595,21.6835],[85.0275,21.672],[85.0365,21.607],[85.15,21.5945],[85.191,21.6245],[85.194,21.6635],[85.1895,21.718],[85.2045,21.7685],[85.282,21.834],[85.317,21.819],[85.3485,21.8345],[85.377,21.91],[85.374,21.9345],[85.316,21.9585],[85.282,21.9565],[85.237,22.0045],[85.2165,22.0475],[85.105,22.1],[85.05,22.1145],[85.0315,22.158],[85.0755,22.2345],[85.0765,22.276],[85.1115,22.295],[85.08,22.352],[85.089,22.382],[85.063,22.448],[85.0685,22.4815],[84.8865,22.421],[84.8075,22.447],[84.759,22.445],[84.7505,22.418],[84.668,22.417],[84.6385,22.4315],[84.5125,22.419],[84.481,22.4045],[84.4325,22.355],[84.296,22.3405],[84.2535,22.3765],[84.201,22.3745],[84.1425,22.4235],[84.144,22.4695],[84.0645,22.5125],[84.0095,22.5235]]]},"properties":{"shapeName":"Sundargarh"}},
{"type":"Feature","geometry":{"type":"Polygon","coordinates":[[[86.371,21.239],[86.34,21.18],[86.2925,21.176],[86.2755,21.151],[86.3185,21.079],[86.2895,21.019],[86.282,20.907],[86.3125,20.8965],[86.3545,20.8535],[86.393,20.866],[86.452,20.8455],[86.517,20.872],[86.5965,20.8575],[86.625,20.7975],[86.6605,20.799],[86.753,20.7735],[86.7975,20.739],[86.8225,20.77],[86.879,20.8005],[86.9575,20.785],[86.9715,20.821],[86.9615,20.8585],[86.912,20.9535],[86.9025,20.9895],[86.8325,21.1085],[86.824,21.1755],[86.848,21.2395],[86.779,21.231],[86.7465,21.1805],[86.676,21.168],[86.657,21.1285],[86.6635,21.084],[86.594,21.0965],[86.558,21.1575],[86.511,21.138],[86.462,21.1595],[86.459,21.2355],[86.4085,21.22],[86.371,21.239]]]},"properties":{"shapeName":"Bhadrak"}},
{"type":"Feature","geometry":{"type":"Polygon","coordinates":[[[82.705,19.9985],[82.7305,20.051],[82.7565,20.056],[82.7905,20.102],[82.8115,20.1],[82.825,20.166],[82.863,20.2355],[82.8505,20.288],[82.8145,20.2955],[82.8145,20.355],[82.7455,20.3625],[82.6865,20.4505],[82.7075,20.501],[82.716,20.571],[82.743,20.6235],[82.703,20.7265],[82.6915,20.7735],[82.6865,20.884],[82.7015,20.941],[82.694,21.0225],[82.639,21.0905],[82.6295,21.0405],[82.5605,20.9455],[82.4905,20.9035],[82.485,20.8505],[82.423,20.8295],[82.409,20.866],[82.3495,20.874],[82.3405,20.8235],[82.351,20.703],[82.3755,20.6285],[82.3315,20.558],[82.388,20.5145],[82.3955,20.457],[82.4365,20.4305],[82.4175,20.4075],[82.4015,20.3405],[82.43,20.3145],[82.4125,20.2685],[82.421,20.2075],[82.391,20.1655],[82.4035,20.0545],[82.551,20.0175],[82.59,19.9955],[82.658,20.005],[82.705,19.9985]]]},"properties":{"shapeName":"Nuapada"}},
{"type":"Feature","geometry":{"type":"Polygon","coordinates":[[[83.49,21.643],[83.527,21.673],[83.56,21.7435],[83.6565,21.7205],[83.7055,21.689],[83.727,21.631],[83.7995,21.5665],[83.8145,21.5915],[83.894,21.574],[83.964,21.5715],[83.981,21.596],[83.9685,21.6915],[83.949,21.721],[83.9685,21.756],[84.0385,21.7595],[84.115,21.7895],[84.19,21.7545],[84.247,21.7695],[84.2865,21.7625],[84.33,21.842],[84.33,21.8665],[84.3935,21.993],[84.3575,22.037],[84.2965,22.032],[84.2695,22.0145],[84.247,21.983],[84.2075,21.978],[84.172,21.9995],[84.0935,21.9995],[84.0785,21.9375],[84.029,21.9535],[83.981,21.907],[83.961,21.942],[83.898,21.9455],[83.8805,21.9245],[83.7605,21.8365],[83.722,21.787],[83.643,21.817],[83.6295,21.849],[83.5805,21.833],[83.5385,21.835],[83.4985,21.812],[83.491,21.745],[83.4635,21.6985],[83.427,21.6785],[83.49,21.643]]]},"properties":{"shapeName":"Jharsuguda"}},
{"type":"Feature","geometry":{"type":"Polygon","coordinates":[[[83.796,19.017],[83.814,19.032],[83.863,18.98],[83.898,18.984],[83.9135,19.018],[83.952,18.99],[83.988,19.021],[83.965,19.045],[84.0135,19.094],[84.024,19.142],[83.9845,19.162],[83.983,19.2095],[84.0215,19.285],[84.03,19.346],[84.017,19.3745],[83.947,19.398],[83.944,19.4205],[83.9785,19.486],[83.977,19.531],[83.944,19.5505],[83.927,19.631],[83.943,19.6355],[83.9205,19.68],[83.874,19.6745],[83.8435,19.71],[83.769,19.7135],[83.7405,19.655],[83.701,19.687],[83.6455,19.699],[83.628,19.743],[83.6195,19.8155],[83.545,19.8435],[83.5285,19.8775],[83.5625,19.9255],[83.496,19.96],[83.452,19.973],[83.443,19.934],[83.4085,19.924],[83.4275,19.845],[83.451,19.7965],[83.4555,19.7405],[83.415,19.6845],[83.386,19.6675],[83.3735,19.621],[83.333,19.597],[83.2675,19.6015],[83.245,19.5065],[83.168,19.433],[83.077,19.5605],[83.037,19.551],[83,19.499],[82.9915,19.448],[82.9395,19.4505],[82.938,19.4055],[82.9575,19.3255],[82.919,19.3055],[82.891,19.255],[82.9025,19.23],[82.879,19.1845],[82.981,19.1535],[83.0635,19.045],[83.076,19.0815],[83.1375,19.1375],[83.1735,19.116],[83.195,19.0755],[83.19,19.0155],[83.2065,18.9765],[83.2415,18.9735],[83.239,19.024],[83.26,19.036],[83.2775,19.115],[83.341,19.102],[83.3485,19.0175],[83.4165,19.005],[83.4505,18.9565],[83.4825,19.009],[83.467,19.078],[83.5425,19.0375],[83.612,19.1015],[83.6265,19.1505],[83.6645,19.0835],[83.734,18.9845],[83.7535,18.9275],[83.778,18.9105],[83.7485,18.993],[83.796,19.017]]]},"properties":{"shapeName":"Rayagada"}},
{"type":"Feature","geometry":{"type":"Polygon","coordinates":[[[83.459,21.0555],[83.3585,21.07],[83.325,21.056],[83.297,21.016],[83.33,20.9855],[83.388,20.991],[83.3835,20.944],[83.413,20.8965],[83.3035,20.8535],[83.2755,20.8685],[83.2325,20.9315],[83.1325,20.864],[82.986,20.851],[82.968,20.8975],[82.9295,20.8885],[82.891,20.9095],[82.8405,20.87],[82.749,20.7735],[82.7375,20.726],[82.703,20.7265],[82.743,20.6235],[82.716,20.571],[82.7075,20.501],[82.6865,20.4505],[82.7455,20.3625],[82.8145,20.355],[82.8145,20.2955],[82.8505,20.288],[82.863,20.2355],[82.825,20.166],[82.9115,20.149],[82.9325,20.18],[83.0135,20.171],[83.091,20.1995],[83.1455,20.171],[83.1835,20.1735],[83.2265,20.2055],[83.241,20.259],[83.3005,20.304],[83.344,20.3175],[83.412,20.373],[83.4235,20.404],[83.4875,20.4545],[83.491,20.4165],[83.5655,20.3915],[83.577,20.3655],[83.625,20.3515],[83.6525,20.39],[83.666,20.4235],[83.585,20.4865],[83.606,20.5305],[83.596,20.604],[83.6225,20.631],[83.6775,20.743],[83.6375,20.7725],[83.6195,20.833],[83.5755,20.848],[83.5795,20.874],[83.621,20.904],[83.6255,20.986],[83.575,20.9755],[83.5095,20.9835],[83.4505,21.0195],[83.459,21.0555]]]},"properties":{"shapeName":"Balangir"}},
{"type":"Feature","geometry":{"type":"Polygon","coordinates":[[[75.673,28.5165],[75.617,28.5055],[75.5725,28.3775],[75.5195,28.3695],[75.5095,28.34],[75.384,28.338],[75.2805,28.4495],[75.2355,28.4555],[75.2195,28.3905],[75.168,28.379],[75.15,28.2915],[75.051,28.253],[75.0305,28.198],[75.0755,28.192],[75.1295,28.135],[75.1035,28.0645],[75.1495,28.0255],[75.1965,27.9105],[75.231,27.8775],[75.243,27.8105],[75.2885,27.816],[75.29,27.716],[75.351,27.7],[75.419,27.644],[75.5375,27.709],[75.6205,27.703],[75.69,27.6735],[75.7125,27.756],[75.771,27.8335],[75.9345,27.929],[75.974,27.932],[75.966,27.9965],[75.9935,28.0465],[75.984,28.0815],[75.9465,28.1075],[76.0325,28.168],[76.0715,28.165],[76.014,28.246],[76.027,28.275],[75.9295,28.343],[75.897,28.39],[75.777,28.404],[75.789,28.4535],[75.673,28.5165]]]},"properties":{"shapeName":"Jhunjhunun"}},
{"type":"Feature","geometry":{"type":"Polygon","coordinates":[[[71.8985,27.9615],[71.6665,27.878],[71.384,27.8725],[71.2055,27.8355],[70.9065,27.7095],[70.8715,27.7055],[70.7595,27.7215],[70.6845,27.8285],[70.6775,27.922],[70.5895,28.0105],[70.5065,28.037],[70.3725,28.012],[70.297,27.937],[70.227,27.9015],[70.1455,27.8205],[70.123,27.7875],[70.0255,27.562],[69.934,27.498],[69.862,27.4015],[69.7605,27.321],[69.705,27.286],[69.643,27.2235],[69.5865,27.183],[69.5135,27.01],[69.4985,26.872],[69.485,26.805],[69.5105,26.744],[69.726,26.652],[69.7875,26.6015],[69.895,26.579],[70.056,26.601],[70.118,26.587],[70.174,26.5515],[70.185,26.481],[70.177,26.424],[70.1855,26.3735],[70.1635,26.2945],[70.175,26.251],[70.1425,26.1585],[70.215,26.141],[70.267,26.1655],[70.368,26.1485],[70.412,26.2005],[70.4325,26.1815],[70.4965,26.177],[70.5685,26.2025],[70.6625,26.2],[70.7175,26.2125],[70.712,26.1725],[70.753,26.1495],[70.8785,26.1285],[70.9445,26.0825],[71.027,26.1155],[71.0525,26.1425],[70.995,26.2215],[70.9555,26.2495],[71.0215,26.2835],[71.049,26.2845],[71.0785,26.3255],[71.1405,26.309],[71.223,26.4465],[71.29,26.4665],[71.3265,26.4255],[71.4415,26.4975],[71.492,26.457],[71.521,26.4885],[71.579,26.5085],[71.6155,26.4825],[71.63,26.42],[71.677,26.385],[71.739,26.376],[71.7585,26.3475],[71.8185,26.341],[71.844,26.374],[71.886,26.341],[71.896,26.3005],[71.9845,26.3225],[72.026,26.3465],[72.074,26.3495],[72.0835,26.443],[72.0285,26.499],[72.1,26.6005],[72.041,26.6755],[72.0885,26.7305],[72.0555,26.803],[72.1005,26.83],[72.105,26.887],[72.041,26.936],[72.0455,27.021],[72.08,27.077],[72.078,27.1165],[71.969,27.1395],[71.9565,27.1825],[71.917,27.2115],[71.79,27.256],[71.795,27.288],[71.8305,27.329],[71.816,27.4415],[71.8395,27.4785],[71.8835,27.4845],[71.932,27.559],[71.968,27.55],[72.0515,27.6145],[72.1465,27.5325],[72.177,27.462],[72.247,27.4975],[72.253,27.5335],[72.2855,27.549],[72.2835,27.568],[72.3245,27.634],[72.3445,27.692],[72.301,27.7075],[72.253,27.673],[72.2215,27.6745],[72.095,27.736],[72.157,27.7795],[72.147,27.8725],[72.0335,27.9495],[71.995,27.943],[71.9535,27.912],[71.8985,27.9615]]]},"properties":{"shapeName":"Jaisalmer"}},
{"type":"Feature","geometry":{"type":"Polygon","coordinates":[[[75.9345,27.929],[75.771,27.8335],[75.7125,27.756],[75.69,27.6735],[75.6205,27.703],[75.5375,27.709],[75.419,27.644],[75.351,27.7],[75.29,27.716],[75.2885,27.816],[75.243,27.8105],[75.231,27.8775],[75.1965,27.9105],[75.1495,28.0255],[75.1035,28.0645],[75.1295,28.135],[75.0755,28.192],[75.0305,28.198],[74.949,28.1875],[74.8935,28.192],[74.869,28.145],[74.789,28.078],[74.8095,28.0585],[74.7935,28.006],[74.7625,27.9875],[74.782,27.9555],[74.822,27.938],[74.802,27.8965],[74.7395,27.889],[74.7415,27.855],[74.798,27.837],[74.8185,27.7995],[74.7425,27.7645],[74.7285,27.7175],[74.7495,27.6895],[74.682,27.667],[74.7625,27.5675],[74.7175,27.5375],[74.724,27.501],[74.7995,27.482],[74.804,27.45],[74.858,27.4505],[74.875,27.372],[74.8995,27.33],[74.948,27.3465],[75.0105,27.347],[75.0745,27.3855],[75.119,27.3765],[75.117,27.3445],[75.169,27.3165],[75.073,27.2195],[75.1265,27.211],[75.119,27.184],[75.1795,27.141],[75.302,27.129],[75.317,27.159],[75.318,27.194],[75.3785,27.233],[75.396,27.2825],[75.433,27.301],[75.4775,27.289],[75.532,27.344],[75.573,27.342],[75.6145,27.315],[75.6665,27.366],[75.726,27.369],[75.7405,27.404],[75.795,27.381],[75.8715,27.4165],[75.939,27.4965],[75.961,27.592],[75.943,27.6215],[75.9805,27.6555],[75.992,27.703],[76.0355,27.7315],[76.0985,27.8305],[76.0875,27.848],[76.049,27.835],[75.9715,27.8525],[75.988,27.9035],[75.9345,27.929]]]},"properties":{"shapeName":"Sikar"}},
{"type":"Feature","geometry":{"type":"Polygon","coordinates":[[[75.528,28.9705],[75.522,29.0045],[75.461,29.014],[75.4325,29.056],[75.392,29.0625],[75.3795,29.142],[75.4075,29.1695],[75.413,29.2425],[75.3415,29.281],[75.287,29.2715],[75.246,29.25],[75.211,29.2345],[75.1885,29.268],[75.1205,29.223],[75.0765,29.2295],[75.051,29.286],[74.9995,29.271],[74.962,29.2805],[74.9395,29.362],[74.8515,29.4035],[74.7885,29.3615],[74.66,29.371],[74.6085,29.356],[74.545,29.468],[74.5855,29.4585],[74.623,29.522],[74.577,29.56],[74.5865,29.6545],[74.6165,29.752],[74.5505,29.7555],[74.478,29.745],[74.4855,29.8145],[74.541,29.8405],[74.562,29.8695],[74.5285,29.943],[74.4525,29.9465],[74.353,29.952],[74.3515,29.9335],[74.274,29.843],[74.2635,29.8055],[74.149,29.7165],[74.1375,29.687],[74.063,29.7075],[74.065,29.6545],[74.0245,29.656],[73.9125,29.6195],[73.8685,29.6205],[73.818,29.5755],[73.768,29.569],[73.765,29.5255],[73.832,29.5295],[73.832,29.4935],[73.879,29.45],[73.8765,29.413],[73.8205,29.3805],[73.8515,29.317],[73.986,29.306],[74.0775,29.266],[74.1695,29.2735],[74.2185,29.293],[74.2325,29.2695],[74.195,29.2405],[74.1275,29.2435],[74.147,29.114],[74.0995,29.104],[74.0965,29.049],[74.03,29.007],[74.113,28.94],[74.1215,28.847],[74.0755,28.804],[74.137,28.7955],[74.162,28.777],[74.1965,28.809],[74.279,28.8],[74.4205,28.885],[74.44,28.8315],[74.4715,28.82],[74.6955,28.838],[74.7425,28.855],[74.772,28.8245],[74.8015,28.8535],[74.7735,28.8985],[74.8125,28.932],[74.8635,28.945],[74.9005,28.9355],[74.9205,28.8975],[75,28.915],[75.0385,28.937],[75.044,28.848],[75.1025,28.8725],[75.2205,28.8575],[75.2495,28.8835],[75.243,28.9275],[75.296,28.9175],[75.3215,28.9855],[75.405,28.967],[75.4435,28.9925],[75.478,28.9335],[75.528,28.9705]]]},"properties":{"shapeName":"Hanumangarh"}},
{"type":"Feature","geometry":{"type":"Polygon","coordinates":[[[74.682,27.667],[74.6295,27.648],[74.608,27.6765],[74.4965,27.6655],[74.443,27.6915],[74.345,27.6795],[74.2585,27.6025],[74.2395,27.5265],[74.207,27.506],[74.2055,27.424],[74.155,27.4105],[74.1385,27.4605],[74.083,27.479],[74.0315,27.535],[73.975,27.506],[73.903,27.4965],[73.8525,27.551],[73.782,27.509],[73.743,27.5425],[73.6925,27.525],[73.6685,27.558],[73.6195,27.542],[73.609,27.4925],[73.541,27.494],[73.5075,27.434],[73.496,27.3605],[73.5055,27.3335],[73.3865,27.269],[73.3345,27.1995],[73.265,27.285],[73.2435,27.326],[73.2095,27.278],[73.1645,27.295],[73.133,27.235],[73.1575,27.199],[73.153,27.121],[73.193,27.0565],[73.159,27.025],[73.124,26.944],[73.1795,26.927],[73.2145,26.8685],[73.3285,26.8565],[73.438,26.8865],[73.5135,26.881],[73.5315,26.8585],[73.589,26.8635],[73.656,26.808],[73.673,26.752],[73.651,26.71],[73.674,26.6785],[73.722,26.552],[73.756,26.541],[73.8575,26.4675],[73.874,26.4305],[73.959,26.4195],[74.071,26.423],[74.1005,26.4465],[74.176,26.4215],[74.239,26.4615],[74.292,26.449],[74.3385,26.443],[74.3765,26.489],[74.482,26.4975],[74.5945,26.629],[74.6195,26.566],[74.675,26.594],[74.723,26.6755],[74.7245,26.702],[74.6665,26.7115],[74.699,26.771],[74.7505,26.7705],[74.782,26.7985],[74.775,26.849],[74.806,26.8525],[74.853,26.975],[74.9125,26.976],[74.9845,26.941],[74.978,26.8905],[75.0155,26.895],[75.0145,26.9455],[75.1665,26.933],[75.205,26.9735],[75.2055,27.007],[75.26,27.034],[75.222,27.083],[75.341,27.0935],[75.3425,27.14],[75.317,27.159],[75.302,27.129],[75.1795,27.141],[75.119,27.184],[75.1265,27.211],[75.073,27.2195],[75.169,27.3165],[75.117,27.3445],[75.119,27.3765],[75.0745,27.3855],[75.0105,27.347],[74.948,27.3465],[74.8995,27.33],[74.875,27.372],[74.858,27.4505],[74.804,27.45],[74.7995,27.482],[74.724,27.501],[74.7175,27.5375],[74.7625,27.5675],[74.682,27.667]]]},"properties":{"shapeName":"Nagaur"}},
{"type":"Feature","geometry":{"type":"Polygon","coordinates":[[[71.1895,24.649],[71.211,24.6995],[71.263,24.745],[71.256,24.796],[71.3315,24.851],[71.3425,24.9345],[71.5095,25.009],[71.5575,24.985],[71.59,25.0265],[71.635,25.033],[71.681,24.9875],[71.7285,25.032],[71.738,25.0695],[71.794,25.0845],[71.839,25.1485],[71.851,25.2075],[71.882,25.225],[71.89,25.262],[71.936,25.2845],[71.9515,25.3215],[71.922,25.345],[72.0015,25.4455],[72.0345,25.4765],[72.0905,25.4655],[72.1055,25.4245],[72.1615,25.4345],[72.2245,25.4055],[72.2515,25.4165],[72.2945,25.3915],[72.3335,25.4035],[72.3575,25.454],[72.4125,25.4365],[72.464,25.4545],[72.513,25.506],[72.563,25.5315],[72.55,25.561],[72.587,25.602],[72.7215,25.609],[72.6875,25.67],[72.723,25.6895],[72.7565,25.7415],[72.7255,25.7555],[72.758,25.809],[72.779,25.8015],[72.85,25.842],[72.8355,25.863],[72.8075,25.853],[72.702,25.934],[72.62,25.978],[72.619,26.007],[72.686,26.0295],[72.6955,26.106],[72.6895,26.1865],[72.635,26.2285],[72.5975,26.28],[72.5535,26.2645],[72.493,26.2995],[72.4285,26.2865],[72.4105,26.239],[72.3755,26.2255],[72.3415,26.2445],[72.3095,26.217],[72.2565,26.2105],[72.161,26.281],[72.1545,26.3085],[72.099,26.319],[72.074,26.3495],[72.026,26.3465],[71.9845,26.3225],[71.896,26.3005],[71.886,26.341],[71.844,26.374],[71.8185,26.341],[71.7585,26.3475],[71.739,26.376],[71.677,26.385],[71.63,26.42],[71.6155,26.4825],[71.579,26.5085],[71.521,26.4885],[71.492,26.457],[71.4415,26.4975],[71.3265,26.4255],[71.29,26.4665],[71.223,26.4465],[71.1405,26.309],[71.0785,26.3255],[71.049,26.2845],[71.0215,26.2835],[70.9555,26.2495],[70.995,26.2215],[71.0525,26.1425],[71.027,26.1155],[70.9445,26.0825],[70.8785,26.1285],[70.753,26.1495],[70.712,26.1725],[70.7175,26.2125],[70.6625,26.2],[70.5685,26.2025],[70.4965,26.177],[70.4325,26.1815],[70.412,26.2005],[70.368,26.1485],[70.267,26.1655],[70.215,26.141],[70.1425,26.1585],[70.084,26.083],[70.0985,25.94],[70.1745,25.828],[70.222,25.793],[70.269,25.714],[70.387,25.674],[70.5285,25.6835],[70.608,25.715],[70.647,25.713],[70.6745,25.6755],[70.668,25.5305],[70.6785,25.523],[70.6655,25.397],[70.737,25.3325],[70.752,25.2775],[70.8885,25.1475],[70.9175,25.0065],[70.9455,24.9225],[70.9885,24.8695],[71.0655,24.7175],[71.0975,24.689],[71.113,24.6705],[71.1895,24.649]]]},"properties":{"shapeName":"Barmer"}},
{"type":"Feature","geometry":{"type":"Polygon","coordinates":[[[73.946,30.1775],[73.827,30.0915],[73.8065,30.068],[73.597,30.019],[73.397,29.946],[73.282,29.5715],[73.0845,29.236],[73.0045,29.153],[72.946,29.028],[72.732,28.9475],[72.649,28.903],[72.748,28.7825],[72.7665,28.7995],[72.9355,28.7285],[72.959,28.74],[73.0045,28.712],[73.0465,28.7485],[73.1175,28.767],[73.2065,28.8535],[73.1985,28.884],[73.229,28.9295],[73.2815,28.9405],[73.3465,29.006],[73.389,29.01],[73.4285,28.992],[73.4885,29.012],[73.5695,28.996],[73.625,29.0375],[73.6575,29.0185],[73.732,29.0265],[73.7735,29.0515],[73.7995,29.007],[73.878,28.941],[73.958,28.972],[73.976,28.9035],[74.0275,28.933],[74.03,29.007],[74.0965,29.049],[74.0995,29.104],[74.147,29.114],[74.1275,29.2435],[74.195,29.2405],[74.2325,29.2695],[74.2185,29.293],[74.1695,29.2735],[74.0775,29.266],[73.986,29.306],[73.8515,29.317],[73.8205,29.3805],[73.8765,29.413],[73.879,29.45],[73.832,29.4935],[73.832,29.5295],[73.765,29.5255],[73.768,29.569],[73.818,29.5755],[73.8685,29.6205],[73.9125,29.6195],[74.0245,29.656],[74.065,29.6545],[74.063,29.7075],[74.1375,29.687],[74.149,29.7165],[74.2635,29.8055],[74.274,29.843],[74.3515,29.9335],[74.353,29.952],[74.0795,29.9695],[73.9015,29.971],[73.8915,29.9975],[73.9085,30.055],[73.9685,30.1205],[73.974,30.173],[73.946,30.1775]]]},"properties":{"shapeName":"Ganganagar"}},
{"type":"Feature","geometry":{"type":"Polygon","coordinates":[[[72.074,26.3495],[72.099,26.319],[72.1545,26.3085],[72.161,26.281],[72.2565,26.2105],[72.3095,26.217],[72.3415,26.2445],[72.3755,26.2255],[72.4105,26.239],[72.4285,26.2865],[72.493,26.2995],[72.5535,26.2645],[72.5975,26.28],[72.635,26.2285],[72.6895,26.1865],[72.6955,26.106],[72.686,26.0295],[72.619,26.007],[72.62,25.978],[72.702,25.934],[72.8075,25.853],[72.8355,25.863],[72.8435,25.891],[72.9595,25.902],[72.9755,25.9355],[73.051,25.968],[73.06,26.0125],[73.179,26.0545],[73.2085,26.077],[73.3175,26.0345],[73.36,26.0755],[73.342,26.1175],[73.378,26.1565],[73.4315,26.13],[73.4675,26.0855],[73.5305,26.0635],[73.524,26.103],[73.578,26.116],[73.63,26.147],[73.654,26.1265],[73.6515,26.078],[73.697,26.064],[73.735,26.1135],[73.8045,26.0975],[73.8115,26.1265],[73.787,26.1635],[73.8055,26.207],[73.791,26.2365],[73.8145,26.287],[73.8185,26.358],[73.874,26.4305],[73.8575,26.4675],[73.756,26.541],[73.722,26.552],[73.674,26.6785],[73.651,26.71],[73.673,26.752],[73.656,26.808],[73.589,26.8635],[73.5315,26.8585],[73.5135,26.881],[73.438,26.8865],[73.3285,26.8565],[73.2145,26.8685],[73.1795,26.927],[73.124,26.944],[73.159,27.025],[73.193,27.0565],[73.153,27.121],[73.1575,27.199],[73.133,27.235],[73.1645,27.295],[73.1465,27.39],[73.122,27.408],[73.0435,27.4105],[72.989,27.384],[72.9035,27.415],[72.884,27.477],[72.832,27.466],[72.827,27.5215],[72.837,27.5795],[72.7295,27.5535],[72.6975,27.6045],[72.6725,27.5425],[72.6255,27.571],[72.605,27.6065],[72.5615,27.6185],[72.503,27.5835],[72.4505,27.586],[72.439,27.5615],[72.328,27.5135],[72.28,27.4655],[72.253,27.5075],[72.2855,27.549],[72.253,27.5335],[72.247,27.4975],[72.177,27.462],[72.1465,27.5325],[72.0515,27.6145],[71.968,27.55],[71.932,27.559],[71.8835,27.4845],[71.8395,27.4785],[71.816,27.4415],[71.8305,27.329],[71.795,27.288],[71.79,27.256],[71.917,27.2115],[71.9565,27.1825],[71.969,27.1395],[72.078,27.1165],[72.08,27.077],[72.0455,27.021],[72.041,26.936],[72.105,26.887],[72.1005,26.83],[72.0555,26.803],[72.0885,26.7305],[72.041,26.6755],[72.1,26.6005],[72.0285,26.499],[72.0835,26.443],[72.074,26.3495]]]},"properties":{"shapeName":"Jodhpur"}},
{"type":"Feature","geometry":{"type":"Polygon","coordinates":[[[75.478,28.9335],[75.4435,28.9925],[75.405,28.967],[75.3215,28.9855],[75.296,28.9175],[75.243,28.9275],[75.2495,28.8835],[75.2205,28.8575],[75.1025,28.8725],[75.044,28.848],[75.0385,28.937],[75,28.915],[74.9205,28.8975],[74.9005,28.9355],[74.8635,28.945],[74.8125,28.932],[74.7735,28.8985],[74.8015,28.8535],[74.772,28.8245],[74.7425,28.855],[74.6955,28.838],[74.4715,28.82],[74.44,28.8315],[74.4205,28.885],[74.279,28.8],[74.1965,28.809],[74.162,28.777],[74.1955,28.7115],[74.101,28.6795],[74.084,28.6505],[74.1095,28.589],[74.0615,28.529],[74.0685,28.416],[74.0325,28.3985],[74.0475,28.3455],[74.1205,28.3385],[74.1665,28.3095],[74.2015,28.312],[74.216,28.2565],[74.24,28.231],[74.3095,28.2315],[74.353,28.2045],[74.3475,28.1595],[74.299,28.135],[74.29,28.0405],[74.2395,28.001],[74.234,27.9205],[74.209,27.898],[74.225,27.8505],[74.218,27.812],[74.128,27.789],[74.0505,27.7205],[73.9835,27.7495],[73.969,27.7955],[73.918,27.774],[73.832,27.771],[73.8375,27.6945],[73.86,27.6075],[73.8525,27.551],[73.903,27.4965],[73.975,27.506],[74.0315,27.535],[74.083,27.479],[74.1385,27.4605],[74.155,27.4105],[74.2055,27.424],[74.207,27.506],[74.2395,27.5265],[74.2585,27.6025],[74.345,27.6795],[74.443,27.6915],[74.4965,27.6655],[74.608,27.6765],[74.6295,27.648],[74.682,27.667],[74.7495,27.6895],[74.7285,27.7175],[74.7425,27.7645],[74.8185,27.7995],[74.798,27.837],[74.7415,27.855],[74.7395,27.889],[74.802,27.8965],[74.822,27.938],[74.782,27.9555],[74.7625,27.9875],[74.7935,28.006],[74.8095,28.0585],[74.789,28.078],[74.869,28.145],[74.8935,28.192],[74.949,28.1875],[75.0305,28.198],[75.051,28.253],[75.15,28.2915],[75.168,28.379],[75.2195,28.3905],[75.2355,28.4555],[75.2805,28.4495],[75.384,28.338],[75.5095,28.34],[75.5195,28.3695],[75.5725,28.3775],[75.617,28.5055],[75.673,28.5165],[75.6345,28.5445],[75.623,28.6015],[75.5625,28.613],[75.5425,28.6605],[75.5355,28.7425],[75.504,28.7825],[75.521,28.834],[75.4975,28.8585],[75.478,28.9335]]]},"properties":{"shapeName":"Churu"}},
{"type":"Feature","geometry":{"type":"Polygon","coordinates":[[[72.2855,27.549],[72.253,27.5075],[72.28,27.4655],[72.328,27.5135],[72.439,27.5615],[72.4505,27.586],[72.503,27.5835],[72.5615,27.6185],[72.605,27.6065],[72.6255,27.571],[72.6725,27.5425],[72.6975,27.6045],[72.7295,27.5535],[72.837,27.5795],[72.827,27.5215],[72.832,27.466],[72.884,27.477],[72.9035,27.415],[72.989,27.384],[73.0435,27.4105],[73.122,27.408],[73.1465,27.39],[73.1645,27.295],[73.2095,27.278],[73.2435,27.326],[73.265,27.285],[73.3345,27.1995],[73.3865,27.269],[73.5055,27.3335],[73.496,27.3605],[73.5075,27.434],[73.541,27.494],[73.609,27.4925],[73.6195,27.542],[73.6685,27.558],[73.6925,27.525],[73.743,27.5425],[73.782,27.509],[73.8525,27.551],[73.86,27.6075],[73.8375,27.6945],[73.832,27.771],[73.918,27.774],[73.969,27.7955],[73.9835,27.7495],[74.0505,27.7205],[74.128,27.789],[74.218,27.812],[74.225,27.8505],[74.209,27.898],[74.234,27.9205],[74.2395,28.001],[74.29,28.0405],[74.299,28.135],[74.3475,28.1595],[74.353,28.2045],[74.3095,28.2315],[74.24,28.231],[74.216,28.2565],[74.2015,28.312],[74.1665,28.3095],[74.1205,28.3385],[74.0475,28.3455],[74.0325,28.3985],[74.0685,28.416],[74.0615,28.529],[74.1095,28.589],[74.084,28.6505],[74.101,28.6795],[74.1955,28.7115],[74.162,28.777],[74.137,28.7955],[74.0755,28.804],[74.1215,28.847],[74.113,28.94],[74.03,29.007],[74.0275,28.933],[73.976,28.9035],[73.958,28.972],[73.878,28.941],[73.7995,29.007],[73.7735,29.0515],[73.732,29.0265],[73.6575,29.0185],[73.625,29.0375],[73.5695,28.996],[73.4885,29.012],[73.4285,28.992],[73.389,29.01],[73.3465,29.006],[73.2815,28.9405],[73.229,28.9295],[73.1985,28.884],[73.2065,28.8535],[73.1175,28.767],[73.0465,28.7485],[73.0045,28.712],[72.959,28.74],[72.9355,28.7285],[72.7665,28.7995],[72.748,28.7825],[72.649,28.903],[72.4795,28.812],[72.404,28.783],[72.2995,28.67],[72.2065,28.3945],[72.132,28.313],[72.0045,28.2185],[71.9275,28.122],[71.8985,27.9615],[71.9535,27.912],[71.995,27.943],[72.0335,27.9495],[72.147,27.8725],[72.157,27.7795],[72.095,27.736],[72.2215,27.6745],[72.253,27.673],[72.301,27.7075],[72.3445,27.692],[72.3245,27.634],[72.2835,27.568],[72.2855,27.549]]]},"properties":{"shapeName":"Bikaner"}},
{"type":"Feature","geometry":{"type":"Polygon","coordinates":[[[74.941,23.763],[74.9115,23.798],[74.9065,23.871],[74.9425,23.9575],[74.9945,24.027],[74.922,24.078],[74.897,24.187],[74.909,24.238],[74.877,24.275],[74.774,24.269],[74.7885,24.369],[74.859,24.4485],[74.824,24.485],[74.759,24.486],[74.715,24.5065],[74.5435,24.503],[74.5435,24.4535],[74.501,24.4035],[74.521,24.332],[74.4885,24.279],[74.4705,24.2215],[74.4395,24.2355],[74.3635,24.179],[74.3775,24.1555],[74.4375,24.122],[74.3905,24.075],[74.364,24.0835],[74.327,24.0465],[74.261,24.0075],[74.2875,23.957],[74.368,23.934],[74.385,23.906],[74.435,23.9065],[74.481,23.9245],[74.547,23.862],[74.547,23.71],[74.5315,23.6355],[74.5905,23.626],[74.674,23.6655],[74.7225,23.615],[74.774,23.589],[74.7745,23.541],[74.803,23.5315],[74.852,23.555],[74.9065,23.622],[74.911,23.685],[74.9415,23.732],[74.941,23.763]]]},"properties":{"shapeName":"Pratapgarh"}},
{"type":"Feature","geometry":{"type":"Polygon","coordinates":[[[75.354,25.0215],[75.4535,25.026],[75.4565,25.05],[75.409,25.1045],[75.4475,25.1405],[75.4575,25.2425],[75.4415,25.2755],[75.3455,25.323],[75.3085,25.42],[75.3745,25.5025],[75.3615,25.5345],[75.436,25.621],[75.4245,25.686],[75.4655,25.7185],[75.446,25.741],[75.32,25.764],[75.262,25.698],[75.217,25.6875],[75.15,25.72],[75.11,25.6935],[75.055,25.776],[75.011,25.8075],[75.0175,25.856],[74.946,25.862],[74.9055,25.881],[74.8175,25.8685],[74.772,25.8825],[74.725,25.9165],[74.6195,25.904],[74.4365,25.9245],[74.39,25.9625],[74.329,25.93],[74.304,25.8935],[74.226,25.8435],[74.199,25.8545],[74.164,25.8075],[74.2,25.799],[74.197,25.7395],[74.0995,25.716],[74.095,25.6735],[74.1185,25.6365],[74.106,25.592],[74.067,25.58],[74.0995,25.515],[74.0245,25.453],[74.0595,25.4395],[74.033,25.385],[74.028,25.2725],[74.051,25.2365],[74.125,25.2425],[74.103,25.1855],[74.0665,25.1575],[74.1825,25.113],[74.19,25.0605],[74.2175,25.0485],[74.2605,25.0655],[74.416,25.2025],[74.46,25.1675],[74.498,25.2065],[74.5545,25.177],[74.5655,25.1335],[74.6145,25.143],[74.6595,25.183],[74.696,25.1805],[74.7225,25.206],[74.778,25.2065],[74.7965,25.154],[74.8375,25.146],[74.8695,25.1775],[74.93,25.127],[74.975,25.105],[75.036,25.1265],[75.206,25.0895],[75.1975,25.0345],[75.314,25.0425],[75.354,25.0215]]]},"properties":{"shapeName":"Bhilwara"}},
{"type":"Feature","geometry":{"type":"Polygon","coordinates":[[[75.4655,25.7185],[75.5125,25.7365],[75.565,25.697],[75.6235,25.677],[75.6325,25.709],[75.696,25.7605],[75.7625,25.7565],[75.774,25.8225],[75.8355,25.8345],[75.895,25.869],[75.9065,25.8145],[75.948,25.816],[75.958,25.8645],[76.062,25.8595],[76.055,25.82],[76.1155,25.7875],[76.1675,25.7755],[76.1725,25.813],[76.215,25.8385],[76.2325,25.8045],[76.323,25.809],[76.2765,25.824],[76.223,25.8625],[76.2195,25.912],[76.2505,25.9135],[76.251,26.0195],[76.191,26.011],[76.147,25.9665],[76.0775,26.0135],[76.117,26.0565],[76.0695,26.1305],[76.031,26.1105],[75.9955,26.1155],[76.006,26.1625],[75.9935,26.22],[76.031,26.252],[76.1045,26.239],[76.1485,26.308],[76.1315,26.345],[76.159,26.4405],[76.1815,26.4855],[76.1615,26.515],[76.114,26.5355],[76.073,26.5075],[76.0095,26.492],[75.975,26.5025],[75.787,26.524],[75.7685,26.466],[75.713,26.445],[75.6535,26.464],[75.6445,26.4425],[75.575,26.4465],[75.4535,26.493],[75.391,26.482],[75.353,26.5015],[75.332,26.558],[75.2875,26.564],[75.2555,26.53],[75.2065,26.5155],[75.171,26.462],[75.1655,26.4205],[75.1305,26.397],[75.1395,26.318],[75.1145,26.285],[75.1445,26.244],[75.1595,26.183],[75.189,26.1635],[75.189,26.11],[75.247,26.0785],[75.278,26.1355],[75.341,26.131],[75.3095,26.0805],[75.3565,26.0195],[75.329,25.9985],[75.308,25.9415],[75.2525,25.9375],[75.2645,25.853],[75.3125,25.8535],[75.341,25.811],[75.32,25.764],[75.446,25.741],[75.4655,25.7185]]]},"properties":{"shapeName":"Tonk"}},
{"type":"Feature","geometry":{"type":"Polygon","coordinates":[[[75.4535,25.026],[75.615,25.0175],[75.625,24.9965],[75.697,25.0305],[75.744,25.0725],[75.759,25.1115],[75.737,25.166],[75.779,25.197],[75.795,25.258],[75.8375,25.24],[75.903,25.2345],[75.9505,25.276],[75.982,25.24],[76.034,25.277],[76.026,25.3145],[76.114,25.329],[76.21,25.4845],[76.2755,25.511],[76.2935,25.545],[76.3075,25.667],[76.35,25.703],[76.365,25.7385],[76.323,25.809],[76.2325,25.8045],[76.215,25.8385],[76.1725,25.813],[76.1675,25.7755],[76.1155,25.7875],[76.055,25.82],[76.062,25.8595],[75.958,25.8645],[75.948,25.816],[75.9065,25.8145],[75.895,25.869],[75.8355,25.8345],[75.774,25.8225],[75.7625,25.7565],[75.696,25.7605],[75.6325,25.709],[75.6235,25.677],[75.565,25.697],[75.5125,25.7365],[75.4655,25.7185],[75.4245,25.686],[75.436,25.621],[75.3615,25.5345],[75.3745,25.5025],[75.3085,25.42],[75.3455,25.323],[75.4415,25.2755],[75.4575,25.2425],[75.4475,25.1405],[75.409,25.1045],[75.4565,25.05],[75.4535,25.026]]]},"properties":{"shapeName":"Bundi"}},
{"type":"Feature","geometry":{"type":"Polygon","coordinates":[[[76.0875,27.848],[76.0985,27.8305],[76.0355,27.7315],[75.992,27.703],[75.9805,27.6555],[75.943,27.6215],[75.961,27.592],[75.939,27.4965],[75.8715,27.4165],[75.795,27.381],[75.7405,27.404],[75.726,27.369],[75.6665,27.366],[75.6145,27.315],[75.573,27.342],[75.532,27.344],[75.4775,27.289],[75.433,27.301],[75.396,27.2825],[75.3785,27.233],[75.318,27.194],[75.317,27.159],[75.3425,27.14],[75.341,27.0935],[75.222,27.083],[75.26,27.034],[75.2055,27.007],[75.205,26.9735],[75.1665,26.933],[75.0145,26.9455],[75.0155,26.895],[74.978,26.8905],[74.9575,26.847],[74.9175,26.837],[74.9415,26.75],[75.001,26.6865],[75.0685,26.6505],[75.0825,26.61],[75.063,26.556],[75.1055,26.556],[75.117,26.5235],[75.154,26.5],[75.171,26.462],[75.2065,26.5155],[75.2555,26.53],[75.2875,26.564],[75.332,26.558],[75.353,26.5015],[75.391,26.482],[75.4535,26.493],[75.575,26.4465],[75.6445,26.4425],[75.6535,26.464],[75.713,26.445],[75.7685,26.466],[75.787,26.524],[75.975,26.5025],[76.0095,26.492],[76.073,26.5075],[76.114,26.5355],[76.1615,26.515],[76.1545,26.5675],[76.184,26.6505],[76.1715,26.6785],[76.2125,26.719],[76.1745,26.755],[76.19,26.795],[76.242,26.821],[76.255,26.888],[76.2345,26.91],[76.2555,27.009],[76.289,27.087],[76.2815,27.18],[76.214,27.1255],[76.1855,27.132],[76.186,27.1845],[76.1255,27.238],[76.177,27.3125],[76.235,27.4175],[76.248,27.4885],[76.218,27.553],[76.2035,27.622],[76.2425,27.6245],[76.2605,27.7],[76.247,27.7615],[76.2785,27.8025],[76.2685,27.835],[76.227,27.833],[76.184,27.798],[76.0875,27.848]]]},"properties":{"shapeName":"Jaipur"}},
{"type":"Feature","geometry":{"type":"Polygon","coordinates":[[[75.9245,24.54],[75.965,24.5625],[76.0355,24.5595],[76.0825,24.577],[76.066,24.6235],[76.0695,24.676],[76.1155,24.6935],[76.184,24.6645],[76.2015,24.683],[76.205,24.76],[76.228,24.832],[76.3145,24.84],[76.366,24.8715],[76.4005,24.838],[76.4455,24.831],[76.444,24.783],[76.491,24.822],[76.5575,24.804],[76.576,24.8585],[76.4875,24.9205],[76.453,24.923],[76.422,24.9775],[76.341,24.984],[76.325,24.959],[76.2485,25.041],[76.219,25.0845],[76.2355,25.1605],[76.2555,25.189],[76.2545,25.238],[76.289,25.2465],[76.332,25.3745],[76.372,25.3885],[76.442,25.3795],[76.45,25.3995],[76.5625,25.414],[76.58,25.432],[76.526,25.5255],[76.5155,25.575],[76.5165,25.668],[76.4885,25.7135],[76.5325,25.7265],[76.5355,25.793],[76.573,25.835],[76.5005,25.843],[76.4465,25.7695],[76.365,25.7385],[76.35,25.703],[76.3075,25.667],[76.2935,25.545],[76.2755,25.511],[76.21,25.4845],[76.114,25.329],[76.026,25.3145],[76.034,25.277],[75.982,25.24],[75.9505,25.276],[75.903,25.2345],[75.8375,25.24],[75.795,25.258],[75.779,25.197],[75.737,25.166],[75.759,25.1115],[75.744,25.0725],[75.697,25.0305],[75.625,24.9965],[75.6675,24.945],[75.762,24.8765],[75.8225,24.867],[75.79,24.7615],[75.8425,24.726],[75.8565,24.6105],[75.9245,24.54]]]},"properties":{"shapeName":"Kota"}},
{"type":"Feature","geometry":{"type":"Polygon","coordinates":[[[73.874,26.4305],[73.8185,26.358],[73.8145,26.287],[73.791,26.2365],[73.8055,26.207],[73.787,26.1635],[73.8115,26.1265],[73.8045,26.0975],[73.735,26.1135],[73.697,26.064],[73.6515,26.078],[73.654,26.1265],[73.63,26.147],[73.578,26.116],[73.524,26.103],[73.5305,26.0635],[73.4675,26.0855],[73.4315,26.13],[73.378,26.1565],[73.342,26.1175],[73.36,26.0755],[73.3175,26.0345],[73.2085,26.077],[73.179,26.0545],[73.06,26.0125],[73.051,25.968],[72.9755,25.9355],[72.9595,25.902],[72.8435,25.891],[72.8355,25.863],[72.85,25.842],[72.779,25.8015],[72.89,25.735],[72.9365,25.639],[73.0575,25.5605],[73.0595,25.508],[73.098,25.4685],[73.0425,25.3915],[72.9735,25.3715],[72.999,25.289],[72.9945,25.2575],[72.9415,25.244],[72.974,25.193],[72.9565,25.142],[73,25.144],[73.0025,25.1015],[73.051,25.1045],[73.0825,25.1365],[73.1335,25.109],[73.1325,25.065],[73.109,25.037],[73.049,25.005],[73.009,24.922],[73.0295,24.888],[73.103,24.8455],[73.144,24.8435],[73.164,24.7815],[73.146,24.758],[73.232,24.794],[73.2405,24.8305],[73.329,24.909],[73.3475,24.961],[73.331,24.9775],[73.393,25.0665],[73.4245,25.09],[73.463,25.0895],[73.5045,25.118],[73.6025,25.2035],[73.613,25.2865],[73.67,25.346],[73.7345,25.3825],[73.7805,25.4825],[73.8085,25.5115],[73.866,25.651],[73.9075,25.6855],[73.9075,25.7405],[73.9335,25.77],[73.945,25.831],[74.01,25.8635],[74.0575,25.829],[74.1,25.847],[74.1315,25.8835],[74.1615,25.929],[74.1325,25.9635],[74.184,26.0295],[74.222,26.0415],[74.2885,26.121],[74.3035,26.185],[74.3775,26.2065],[74.3655,26.2915],[74.312,26.252],[74.2545,26.2865],[74.3065,26.3315],[74.292,26.449],[74.239,26.4615],[74.176,26.4215],[74.1005,26.4465],[74.071,26.423],[73.959,26.4195],[73.874,26.4305]]]},"properties":{"shapeName":"Pali"}},
{"type":"Feature","geometry":{"type":"Polygon","coordinates":[[[74.39,25.9625],[74.392,26.0055],[74.347,26.0225],[74.2935,25.9815],[74.237,25.9075],[74.1915,25.8875],[74.1315,25.8835],[74.1,25.847],[74.0575,25.829],[74.0945,25.767],[74.0005,25.7265],[74.014,25.704],[73.95,25.651],[73.9075,25.6855],[73.866,25.651],[73.8085,25.5115],[73.7805,25.4825],[73.7345,25.3825],[73.67,25.346],[73.613,25.2865],[73.6025,25.2035],[73.5045,25.118],[73.502,25.054],[73.5245,25.0315],[73.508,24.976],[73.5625,24.934],[73.612,24.872],[73.665,24.878],[73.703,24.857],[73.696,24.7995],[73.7575,24.739],[73.7975,24.745],[73.8565,24.887],[73.932,24.8815],[73.9595,24.854],[74.003,24.8925],[74.0465,24.833],[74.1225,24.852],[74.189,24.93],[74.201,24.979],[74.272,24.992],[74.321,25.032],[74.2605,25.0655],[74.2175,25.0485],[74.19,25.0605],[74.1825,25.113],[74.0665,25.1575],[74.103,25.1855],[74.125,25.2425],[74.051,25.2365],[74.028,25.2725],[74.033,25.385],[74.0595,25.4395],[74.0245,25.453],[74.0995,25.515],[74.067,25.58],[74.106,25.592],[74.1185,25.6365],[74.095,25.6735],[74.0995,25.716],[74.197,25.7395],[74.2,25.799],[74.164,25.8075],[74.199,25.8545],[74.226,25.8435],[74.304,25.8935],[74.329,25.93],[74.39,25.9625]]]},"properties":{"shapeName":"Rajsamand"}},
{"type":"Feature","geometry":{"type":"MultiPolygon","coordinates":[[[[74.292,26.449],[74.3065,26.3315],[74.2545,26.2865],[74.312,26.252],[74.3655,26.2915],[74.3775,26.2065],[74.3035,26.185],[74.2885,26.121],[74.222,26.0415],[74.184,26.0295],[74.1325,25.9635],[74.1615,25.929],[74.1315,25.8835],[74.1915,25.8875],[74.237,25.9075],[74.2935,25.9815],[74.347,26.0225],[74.392,26.0055],[74.39,25.9625],[74.4365,25.9245],[74.6195,25.904],[74.725,25.9165],[74.772,25.8825],[74.8175,25.8685],[74.9055,25.881],[74.946,25.862],[75.0175,25.856],[75.011,25.8075],[75.055,25.776],[75.11,25.6935],[75.15,25.72],[75.217,25.6875],[75.262,25.698],[75.32,25.764],[75.341,25.811],[75.3125,25.8535],[75.2645,25.853],[75.2525,25.9375],[75.308,25.9415],[75.329,25.9985],[75.3565,26.0195],[75.3095,26.0805],[75.341,26.131],[75.278,26.1355],[75.247,26.0785],[75.189,26.11],[75.189,26.1635],[75.1595,26.183],[75.1445,26.244],[75.1145,26.285],[75.1395,26.318],[75.1305,26.397],[75.1655,26.4205],[75.171,26.462],[75.154,26.5],[75.117,26.5235],[75.1055,26.556],[75.063,26.556],[75.0825,26.61],[75.0685,26.6505],[75.001,26.6865],[74.9415,26.75],[74.9175,26.837],[74.9575,26.847],[74.978,26.8905],[74.9845,26.941],[74.9125,26.976],[74.853,26.975],[74.806,26.8525],[74.775,26.849],[74.782,26.7985],[74.7505,26.7705],[74.699,26.771],[74.6665,26.7115],[74.7245,26.702],[74.723,26.6755],[74.675,26.594],[74.6195,26.566],[74.5945,26.629],[74.482,26.4975],[74.3765,26.489],[74.3385,26.443],[74.292,26.449]]],[[[73.9075,25.6855],[73.95,25.651],[74.014,25.704],[74.0005,25.7265],[74.0945,25.767],[74.0575,25.829],[74.01,25.8635],[73.945,25.831],[73.9335,25.77],[73.9075,25.7405],[73.9075,25.6855]]]]},"properties":{"shapeName":"Ajmer"}},
{"type":"Feature","geometry":{"type":"Polygon","coordinates":[[[76.979,27.654],[76.9845,27.614],[76.937,27.6125],[76.974,27.5475],[77.0025,27.5655],[77.0495,27.555],[77.0645,27.528],[77.0265,27.4965],[77.0275,27.449],[76.968,27.4645],[76.9605,27.4275],[77.008,27.4155],[77.0465,27.377],[77.0775,27.389],[77.1415,27.3465],[77.1505,27.3135],[77.124,27.2525],[77.047,27.217],[77.097,27.1715],[76.9655,27.146],[76.9965,27.107],[76.9755,27.0745],[77.0105,27.0275],[77.0185,26.9285],[77.0785,26.8605],[77.106,26.874],[77.1365,26.839],[77.211,26.81],[77.2595,26.8185],[77.295,26.7795],[77.359,26.795],[77.3495,26.7115],[77.385,26.707],[77.4565,26.741],[77.426,26.8375],[77.491,26.898],[77.5885,26.9255],[77.7125,26.9945],[77.666,27.017],[77.6075,27.023],[77.574,27.0485],[77.553,27.11],[77.606,27.1235],[77.6235,27.169],[77.6635,27.17],[77.648,27.2415],[77.6005,27.295],[77.5065,27.3755],[77.441,27.3935],[77.4245,27.4195],[77.4385,27.4565],[77.4055,27.472],[77.3855,27.513],[77.3495,27.519],[77.335,27.5915],[77.3515,27.6475],[77.3435,27.7025],[77.3135,27.7825],[77.2845,27.8015],[77.184,27.787],[77.109,27.7855],[77.0455,27.821],[77.047,27.743],[77.002,27.737],[76.979,27.654]]]},"properties":{"shapeName":"Bharatpur"}},
{"type":"Feature","geometry":{"type":"Polygon","coordinates":[[[73.63,23.4515],[73.7015,23.4545],[73.7145,23.418],[73.7625,23.4575],[73.7805,23.4335],[73.8245,23.4455],[73.8645,23.3945],[73.892,23.336],[73.937,23.34],[73.9605,23.38],[74.0135,23.4415],[74.0335,23.5445],[74.072,23.599],[74.1195,23.61],[74.137,23.692],[74.1225,23.7115],[74.1485,23.7815],[74.2395,23.815],[74.3185,23.8575],[74.385,23.906],[74.368,23.934],[74.2875,23.957],[74.228,23.9095],[74.2065,23.955],[74.1345,24.018],[74.0815,23.9685],[74.05,23.981],[74.003,23.9685],[73.919,23.9835],[73.859,23.9365],[73.7395,23.9435],[73.698,23.9585],[73.647,23.9465],[73.5935,23.9655],[73.519,23.931],[73.4705,23.8475],[73.403,23.807],[73.3675,23.814],[73.448,23.752],[73.4765,23.7085],[73.5075,23.696],[73.4985,23.633],[73.524,23.61],[73.568,23.6525],[73.6165,23.6505],[73.6585,23.622],[73.6345,23.53],[73.655,23.515],[73.63,23.4515]]]},"properties":{"shapeName":"Dungarpur"}},
{"type":"Feature","geometry":{"type":"MultiPolygon","coordinates":[[[[75.1975,25.0345],[75.206,25.0895],[75.036,25.1265],[74.975,25.105],[74.93,25.127],[74.8695,25.1775],[74.8375,25.146],[74.7965,25.154],[74.778,25.2065],[74.7225,25.206],[74.696,25.1805],[74.6595,25.183],[74.6145,25.143],[74.5655,25.1335],[74.5545,25.177],[74.498,25.2065],[74.46,25.1675],[74.416,25.2025],[74.2605,25.0655],[74.321,25.032],[74.272,24.992],[74.201,24.979],[74.189,24.93],[74.1225,24.852],[74.1075,24.7815],[74.12,24.7395],[74.1765,24.702],[74.1915,24.648],[74.28,24.5655],[74.21,24.4615],[74.2405,24.449],[74.286,24.5015],[74.367,24.4105],[74.354,24.3375],[74.4155,24.2925],[74.4395,24.2355],[74.4705,24.2215],[74.4885,24.279],[74.521,24.332],[74.501,24.4035],[74.5435,24.4535],[74.5435,24.503],[74.715,24.5065],[74.7585,24.552],[74.7495,24.594],[74.819,24.669],[74.777,24.685],[74.782,24.74],[74.8205,24.7625],[74.8755,24.6665],[74.946,24.659],[75.002,24.7055],[74.996,24.7495],[75.0155,24.7905],[74.9075,24.7945],[74.861,24.81],[74.858,24.85],[74.8295,24.896],[74.8695,24.934],[74.903,24.9365],[74.915,24.896],[74.947,24.875],[75.015,24.871],[75.046,24.856],[75.076,24.884],[75.1215,24.8855],[75.1225,24.9725],[75.1675,24.9885],[75.1575,25.0255],[75.1975,25.0345]]],[[[75.531,24.714],[75.5855,24.719],[75.6165,24.6845],[75.6625,24.698],[75.6835,24.724],[75.7455,24.7565],[75.79,24.7615],[75.8225,24.867],[75.762,24.8765],[75.6675,24.945],[75.625,24.9965],[75.615,25.0175],[75.4535,25.026],[75.354,25.0215],[75.3225,25.003],[75.341,24.9595],[75.27,24.9105],[75.2645,24.886],[75.329,24.8835],[75.4205,24.8605],[75.3035,24.812],[75.287,24.8465],[75.2445,24.8575],[75.195,24.7855],[75.227,24.732],[75.455,24.6895],[75.531,24.714]]]]},"properties":{"shapeName":"Chittaurgarh"}},
{"type":"Feature","geometry":{"type":"Polygon","coordinates":[[[73.3675,23.814],[73.403,23.807],[73.4705,23.8475],[73.519,23.931],[73.5935,23.9655],[73.647,23.9465],[73.698,23.9585],[73.7395,23.9435],[73.859,23.9365],[73.919,23.9835],[74.003,23.9685],[74.05,23.981],[74.0815,23.9685],[74.1345,24.018],[74.2065,23.955],[74.228,23.9095],[74.2875,23.957],[74.261,24.0075],[74.327,24.0465],[74.364,24.0835],[74.3905,24.075],[74.4375,24.122],[74.3775,24.1555],[74.3635,24.179],[74.4395,24.2355],[74.4155,24.2925],[74.354,24.3375],[74.367,24.4105],[74.286,24.5015],[74.2405,24.449],[74.21,24.4615],[74.28,24.5655],[74.1915,24.648],[74.1765,24.702],[74.12,24.7395],[74.1075,24.7815],[74.1225,24.852],[74.0465,24.833],[74.003,24.8925],[73.9595,24.854],[73.932,24.8815],[73.8565,24.887],[73.7975,24.745],[73.7575,24.739],[73.696,24.7995],[73.703,24.857],[73.665,24.878],[73.612,24.872],[73.5625,24.934],[73.508,24.976],[73.5245,25.0315],[73.502,25.054],[73.5045,25.118],[73.463,25.0895],[73.4245,25.09],[73.393,25.0665],[73.331,24.9775],[73.3475,24.961],[73.329,24.909],[73.2405,24.8305],[73.232,24.794],[73.146,24.758],[73.139,24.688],[73.085,24.6365],[73.084,24.6115],[73.028,24.5315],[73.01,24.4825],[73.0485,24.4655],[73.092,24.495],[73.104,24.4205],[73.0825,24.3945],[73.1845,24.335],[73.171,24.301],[73.1135,24.2625],[73.0795,24.185],[73.1205,24.1405],[73.169,24.111],[73.221,24.098],[73.198,24.0575],[73.243,24.0105],[73.2885,24.027],[73.324,24.062],[73.3325,24.1145],[73.4115,24.0505],[73.4175,23.923],[73.384,23.9055],[73.357,23.854],[73.3675,23.814]]]},"properties":{"shapeName":"Udaipur"}},
{"type":"Feature","geometry":{"type":"Polygon","coordinates":[[[72.336,24.625],[72.313,24.6495],[72.3275,24.702],[72.374,24.7615],[72.4855,24.752],[72.5015,24.8185],[72.485,24.8705],[72.5055,24.9205],[72.5825,24.9415],[72.6595,25.041],[72.6885,25.0465],[72.7105,25.1075],[72.7395,25.128],[72.7805,25.216],[72.829,25.2875],[72.8925,25.2465],[72.9415,25.244],[72.9945,25.2575],[72.999,25.289],[72.9735,25.3715],[73.0425,25.3915],[73.098,25.4685],[73.0595,25.508],[73.0575,25.5605],[72.9365,25.639],[72.89,25.735],[72.779,25.8015],[72.758,25.809],[72.7255,25.7555],[72.7565,25.7415],[72.723,25.6895],[72.6875,25.67],[72.7215,25.609],[72.587,25.602],[72.55,25.561],[72.563,25.5315],[72.513,25.506],[72.464,25.4545],[72.4125,25.4365],[72.3575,25.454],[72.3335,25.4035],[72.2945,25.3915],[72.2515,25.4165],[72.2245,25.4055],[72.1615,25.4345],[72.1055,25.4245],[72.0905,25.4655],[72.0345,25.4765],[72.0015,25.4455],[71.922,25.345],[71.9515,25.3215],[71.936,25.2845],[71.89,25.262],[71.882,25.225],[71.851,25.2075],[71.839,25.1485],[71.794,25.0845],[71.738,25.0695],[71.7285,25.032],[71.681,24.9875],[71.635,25.033],[71.59,25.0265],[71.5575,24.985],[71.5095,25.009],[71.3425,24.9345],[71.3315,24.851],[71.256,24.796],[71.263,24.745],[71.211,24.6995],[71.1895,24.649],[71.2905,24.613],[71.3495,24.6595],[71.376,24.627],[71.4815,24.6785],[71.6105,24.675],[71.6555,24.6375],[71.779,24.6725],[71.806,24.6255],[71.863,24.627],[71.8655,24.6755],[71.9205,24.6655],[71.929,24.63],[71.988,24.6565],[71.989,24.6805],[72.0475,24.709],[72.0805,24.7],[72.08,24.6555],[72.146,24.6365],[72.181,24.612],[72.2255,24.6355],[72.311,24.611],[72.336,24.625]]]},"properties":{"shapeName":"Jalor"}},
{"type":"Feature","geometry":{"type":"Polygon","coordinates":[[[76.1815,26.4855],[76.2515,26.441],[76.324,26.4545],[76.343,26.4105],[76.3945,26.388],[76.4445,26.4415],[76.4825,26.4985],[76.4455,26.5505],[76.4075,26.553],[76.47,26.669],[76.495,26.7295],[76.541,26.7725],[76.6195,26.7765],[76.703,26.844],[76.7685,26.877],[76.7625,26.9005],[76.826,26.9665],[76.9015,26.943],[76.9435,26.9105],[76.958,26.815],[77.0785,26.8605],[77.0185,26.9285],[77.0105,27.0275],[76.9755,27.0745],[76.9965,27.107],[76.9655,27.146],[76.9015,27.163],[76.9105,27.207],[76.873,27.2315],[76.8515,27.1725],[76.8085,27.105],[76.709,27.1155],[76.6445,27.095],[76.622,27.1775],[76.563,27.175],[76.551,27.1315],[76.495,27.1135],[76.465,27.078],[76.434,27.133],[76.365,27.056],[76.3045,27.065],[76.289,27.087],[76.2555,27.009],[76.2345,26.91],[76.255,26.888],[76.242,26.821],[76.19,26.795],[76.1745,26.755],[76.2125,26.719],[76.1715,26.6785],[76.184,26.6505],[76.1545,26.5675],[76.1615,26.515],[76.1815,26.4855]]]},"properties":{"shapeName":"Dausa"}},
{"type":"Feature","geometry":{"type":"Polygon","coordinates":[[[73.01,24.4825],[73.028,24.5315],[73.084,24.6115],[73.085,24.6365],[73.139,24.688],[73.146,24.758],[73.164,24.7815],[73.144,24.8435],[73.103,24.8455],[73.0295,24.888],[73.009,24.922],[73.049,25.005],[73.109,25.037],[73.1325,25.065],[73.1335,25.109],[73.0825,25.1365],[73.051,25.1045],[73.0025,25.1015],[73,25.144],[72.9565,25.142],[72.974,25.193],[72.9415,25.244],[72.8925,25.2465],[72.829,25.2875],[72.7805,25.216],[72.7395,25.128],[72.7105,25.1075],[72.6885,25.0465],[72.6595,25.041],[72.5825,24.9415],[72.5055,24.9205],[72.485,24.8705],[72.5015,24.8185],[72.4855,24.752],[72.374,24.7615],[72.3275,24.702],[72.313,24.6495],[72.336,24.625],[72.3095,24.5875],[72.275,24.602],[72.2465,24.5825],[72.2905,24.5405],[72.3535,24.5545],[72.382,24.5025],[72.444,24.495],[72.4325,24.4625],[72.4605,24.409],[72.506,24.42],[72.4965,24.452],[72.5405,24.5085],[72.5845,24.474],[72.655,24.4575],[72.729,24.362],[72.865,24.3665],[72.921,24.327],[72.9625,24.3515],[72.9615,24.3925],[72.988,24.4215],[72.978,24.4515],[73.01,24.4825]]]},"properties":{"shapeName":"Sirohi"}},
{"type":"Feature","geometry":{"type":"Polygon","coordinates":[[[79.4605,11.1505],[79.5145,11.2275],[79.499,11.305],[79.466,11.319],[79.4385,11.358],[79.3955,11.356],[79.3925,11.4],[79.3705,11.4205],[79.2975,11.413],[79.299,11.382],[79.2345,11.393],[79.1775,11.3745],[79.1455,11.3855],[79.1115,11.2455],[79.076,11.165],[79.07,11.107],[79.0095,11.058],[79.01,11.0085],[78.9665,10.9495],[79.008,10.8905],[79.064,10.892],[79.076,10.9175],[79.119,10.92],[79.1525,10.9415],[79.2145,10.9395],[79.358,11.0475],[79.395,11.0635],[79.4605,11.1505]]]},"properties":{"shapeName":"Ariyalur"}},
{"type":"Feature","geometry":{"type":"Polygon","coordinates":[[[78.419,9.5975],[78.4515,9.62],[78.498,9.611],[78.609,9.553],[78.6545,9.5445],[78.7125,9.608],[78.755,9.5785],[78.8275,9.596],[78.786,9.652],[78.8,9.6925],[78.771,9.726],[78.7855,9.771],[78.8255,9.7255],[78.885,9.755],[78.8735,9.8625],[78.917,9.9175],[78.9595,9.9185],[78.991,9.9465],[78.996,9.992],[78.9405,10.0145],[78.93,10.0475],[78.9725,10.122],[78.929,10.1155],[78.884,10.1545],[78.86,10.127],[78.8175,10.1705],[78.811,10.2125],[78.768,10.1945],[78.7685,10.1655],[78.7085,10.175],[78.635,10.2295],[78.628,10.2675],[78.5815,10.286],[78.573,10.2575],[78.526,10.257],[78.508,10.1885],[78.467,10.207],[78.484,10.236],[78.4545,10.2665],[78.506,10.2885],[78.491,10.356],[78.4995,10.3875],[78.447,10.408],[78.448,10.373],[78.3655,10.2945],[78.398,10.26],[78.4135,10.214],[78.3965,10.179],[78.447,10.139],[78.4585,9.969],[78.32,9.9245],[78.314,9.8665],[78.156,9.874],[78.128,9.8445],[78.1935,9.808],[78.1465,9.785],[78.1655,9.7535],[78.2255,9.768],[78.2755,9.7535],[78.278,9.7265],[78.318,9.7055],[78.352,9.666],[78.3935,9.6505],[78.419,9.5975]]]},"properties":{"shapeName":"Sivaganga"}},
{"type":"Feature","geometry":{"type":"Polygon","coordinates":[[[79.008,10.8905],[78.9445,10.8885],[78.9355,10.873],[78.856,10.845],[78.8795,10.7885],[78.872,10.707],[78.909,10.672],[78.984,10.684],[79.0645,10.6695],[79.0715,10.6375],[79.1285,10.6345],[79.1925,10.562],[79.1525,10.5295],[79.154,10.4755],[79.1325,10.427],[79.1555,10.4],[79.15,10.344],[79.1225,10.3085],[79.1325,10.274],[79.1175,10.238],[79.145,10.2205],[79.1665,10.164],[79.2295,10.1415],[79.2685,10.228],[79.3315,10.2845],[79.4055,10.317],[79.5125,10.3085],[79.536,10.3355],[79.5055,10.37],[79.462,10.376],[79.484,10.4885],[79.4,10.5565],[79.3895,10.5835],[79.35,10.5865],[79.351,10.647],[79.318,10.6615],[79.3045,10.7355],[79.3575,10.7495],[79.345,10.782],[79.3695,10.807],[79.2995,10.827],[79.2715,10.8925],[79.298,10.9385],[79.3735,10.8915],[79.4545,10.861],[79.5085,10.8965],[79.5155,10.969],[79.543,10.9975],[79.516,11.041],[79.5745,11.146],[79.5255,11.183],[79.4605,11.1505],[79.395,11.0635],[79.358,11.0475],[79.2145,10.9395],[79.1525,10.9415],[79.119,10.92],[79.076,10.9175],[79.064,10.892],[79.008,10.8905]]]},"properties":{"shapeName":"Thanjavur"}},
{"type":"Feature","geometry":{"type":"Polygon","coordinates":[[[79.2105,12.779],[79.2065,12.7415],[79.1415,12.7585],[79.0755,12.753],[79.0345,12.6945],[78.996,12.704],[78.9815,12.667],[78.899,12.6885],[78.8595,12.6275],[78.8075,12.5085],[78.778,12.477],[78.771,12.425],[78.7365,12.378],[78.7105,12.302],[78.6525,12.259],[78.6705,12.2095],[78.635,12.177],[78.637,12.1445],[78.6885,12.108],[78.741,12.135],[78.7025,12.0105],[78.719,11.9805],[78.761,12.0105],[78.8295,12.0145],[78.892,12.035],[78.923,12.0235],[78.961,12.068],[78.995,12.052],[79.094,12.0315],[79.1675,12.0325],[79.201,12.07],[79.236,12.063],[79.2695,12.096],[79.271,12.129],[79.2145,12.167],[79.2355,12.198],[79.2375,12.2705],[79.2575,12.2745],[79.249,12.3795],[79.227,12.402],[79.2485,12.4465],[79.3275,12.4505],[79.4025,12.4355],[79.4505,12.379],[79.5325,12.3695],[79.645,12.3465],[79.664,12.384],[79.736,12.429],[79.757,12.5195],[79.7475,12.531],[79.7175,12.55],[79.724,12.5895],[79.671,12.5935],[79.634,12.632],[79.649,12.669],[79.739,12.6895],[79.747,12.744],[79.6885,12.7855],[79.65,12.7745],[79.6405,12.8175],[79.561,12.8505],[79.4905,12.8735],[79.46,12.8465],[79.477,12.777],[79.457,12.756],[79.467,12.7155],[79.4515,12.671],[79.3845,12.6285],[79.3555,12.6455],[79.383,12.709],[79.324,12.7435],[79.2555,12.823],[79.21,12.785],[79.2105,12.779]]]},"properties":{"shapeName":"Tiruvannamalai"}},
{"type":"Feature","geometry":{"type":"MultiPolygon","coordinates":[[[[78.419,9.5975],[78.3775,9.5675],[78.385,9.5175],[78.3495,9.516],[78.331,9.4805],[78.276,9.447],[78.215,9.449],[78.2455,9.378],[78.297,9.39],[78.338,9.367],[78.377,9.3195],[78.378,9.293],[78.3325,9.263],[78.2835,9.2765],[78.273,9.2035],[78.2765,9.1425],[78.3245,9.1325],[78.39,9.096],[78.4575,9.1255],[78.5185,9.135],[78.579,9.13],[78.6505,9.1595],[78.68,9.196],[78.875,9.2565],[78.9085,9.2495],[78.9665,9.272],[79.0965,9.26],[79.0695,9.2985],[79.014,9.3335],[78.936,9.411],[78.9025,9.469],[78.926,9.529],[78.936,9.6],[78.96,9.6275],[78.981,9.6895],[79.036,9.7605],[79.0575,9.7725],[79.1145,9.8475],[79.0465,9.861],[78.991,9.9465],[78.9595,9.9185],[78.917,9.9175],[78.8735,9.8625],[78.885,9.755],[78.8255,9.7255],[78.7855,9.771],[78.771,9.726],[78.8,9.6925],[78.786,9.652],[78.8275,9.596],[78.755,9.5785],[78.7125,9.608],[78.6545,9.5445],[78.609,9.553],[78.498,9.611],[78.4515,9.62],[78.419,9.5975]]],[[[79.3245,9.293],[79.311,9.328],[79.268,9.294],[79.2205,9.2915],[79.2255,9.2595],[79.338,9.2495],[79.3245,9.293]]]]},"properties":{"shapeName":"Ramanathapuram"}},
{"type":"Feature","geometry":{"type":"Polygon","coordinates":[[[77.2015,8.771],[77.186,8.7175],[77.2175,8.651],[77.271,8.581],[77.34,8.5535],[77.3815,8.523],[77.448,8.4995],[77.473,8.4575],[77.4655,8.4295],[77.4935,8.3815],[77.5455,8.394],[77.5675,8.2815],[77.545,8.21],[77.563,8.159],[77.592,8.1425],[77.6505,8.1595],[77.7145,8.164],[77.7785,8.198],[77.8025,8.2395],[77.886,8.2715],[77.9775,8.336],[77.893,8.3255],[77.851,8.364],[77.8615,8.4005],[77.835,8.4325],[77.832,8.489],[77.8135,8.57],[77.784,8.583],[77.828,8.734],[77.8185,8.7725],[77.841,8.8165],[77.7975,8.8835],[77.7635,8.889],[77.763,8.9245],[77.7025,8.927],[77.64,8.9615],[77.5655,8.88],[77.598,8.873],[77.59,8.8305],[77.5465,8.8395],[77.4815,8.87],[77.447,8.7435],[77.4275,8.761],[77.3865,8.7445],[77.306,8.793],[77.3245,8.831],[77.3025,8.884],[77.2585,8.878],[77.2655,8.842],[77.2335,8.7855],[77.2015,8.771]]]},"properties":{"shapeName":"Tirunelveli"}},
{"type":"Feature","geometry":{"type":"Polygon","coordinates":[[[77.341,9.4185],[77.39,9.393],[77.431,9.401],[77.477,9.3415],[77.512,9.335],[77.5925,9.345],[77.626,9.293],[77.713,9.291],[77.7435,9.2675],[77.7735,9.2375],[77.8825,9.244],[77.882,9.2075],[77.9225,9.203],[77.958,9.251],[78.0125,9.2745],[78.046,9.306],[78.0435,9.365],[78.079,9.3585],[78.1705,9.3695],[78.1765,9.3385],[78.226,9.2975],[78.2835,9.2765],[78.3325,9.263],[78.378,9.293],[78.377,9.3195],[78.338,9.367],[78.297,9.39],[78.2455,9.378],[78.215,9.449],[78.276,9.447],[78.331,9.4805],[78.3495,9.516],[78.385,9.5175],[78.3775,9.5675],[78.419,9.5975],[78.3935,9.6505],[78.352,9.666],[78.318,9.7055],[78.278,9.7265],[78.2755,9.7535],[78.2255,9.768],[78.1655,9.7535],[78.1465,9.785],[78.11,9.786],[78.064,9.742],[78.0895,9.677],[78.0415,9.6775],[77.994,9.6255],[77.968,9.636],[77.919,9.616],[77.892,9.643],[77.777,9.6415],[77.766,9.681],[77.726,9.6945],[77.67,9.678],[77.6315,9.708],[77.521,9.6395],[77.4995,9.578],[77.479,9.564],[77.4035,9.5275],[77.4135,9.507],[77.3895,9.456],[77.341,9.4185]]]},"properties":{"shapeName":"Virudhunagar"}},
{"type":"Feature","geometry":{"type":"Polygon","coordinates":[[[79.764,11.0025],[79.735,10.996],[79.6915,11.017],[79.643,11.009],[79.6315,10.9865],[79.5535,10.966],[79.5155,10.969],[79.5085,10.8965],[79.4545,10.861],[79.3735,10.8915],[79.298,10.9385],[79.2715,10.8925],[79.2995,10.827],[79.3695,10.807],[79.345,10.782],[79.3575,10.7495],[79.3045,10.7355],[79.318,10.6615],[79.351,10.647],[79.35,10.5865],[79.3895,10.5835],[79.4,10.5565],[79.484,10.4885],[79.462,10.376],[79.5055,10.37],[79.536,10.3355],[79.5425,10.3025],[79.6785,10.2805],[79.7765,10.2725],[79.649,10.3175],[79.6385,10.3395],[79.651,10.4585],[79.6905,10.4725],[79.693,10.524],[79.6645,10.5555],[79.668,10.656],[79.711,10.7875],[79.657,10.836],[79.656,10.8835],[79.6825,10.9215],[79.7375,10.9355],[79.7325,10.974],[79.764,11.0025]]]},"properties":{"shapeName":"Thiruvarur"}},
{"type":"Feature","geometry":{"type":"Polygon","coordinates":[[[80.0425,13.5375],[80.008,13.4745],[79.9745,13.4655],[79.9665,13.388],[79.9385,13.35],[79.8935,13.344],[79.864,13.3175],[79.8135,13.318],[79.793,13.296],[79.7345,13.2795],[79.7965,13.242],[79.7575,13.209],[79.684,13.2495],[79.6815,13.2955],[79.578,13.263],[79.5485,13.3245],[79.446,13.3385],[79.42,13.251],[79.4335,13.1975],[79.3605,13.176],[79.363,13.1385],[79.2865,13.134],[79.302,13.0905],[79.3475,13.0615],[79.383,13.08],[79.4245,13.1455],[79.4535,13.0935],[79.483,13.139],[79.57,13.135],[79.6365,13.1485],[79.6555,13.2095],[79.736,13.1655],[79.7325,13.0965],[79.749,13.0515],[79.786,13.023],[79.821,13.0015],[79.8255,12.9645],[79.896,12.9475],[79.944,13.008],[80.034,13.052],[80.081,13.03],[80.1305,13.0525],[80.19,13.0265],[80.1835,13.0485],[80.2035,13.127],[80.243,13.1425],[80.304,13.1425],[80.3425,13.2565],[80.3465,13.3135],[80.3235,13.456],[80.299,13.4775],[80.2685,13.5635],[80.242,13.469],[80.1135,13.509],[80.0855,13.548],[80.0425,13.5375]]]},"properties":{"shapeName":"Thiruvallur"}},
{"type":"Feature","geometry":{"type":"Polygon","coordinates":[[[79.0095,11.058],[78.9755,11.094],[78.8845,11.102],[78.847,11.089],[78.8115,11.113],[78.7625,11.123],[78.7335,11.09],[78.699,11.0915],[78.673,11.165],[78.702,11.1935],[78.713,11.2495],[78.739,11.295],[78.7335,11.322],[78.687,11.3205],[78.631,11.338],[78.5565,11.316],[78.5525,11.3585],[78.487,11.4045],[78.4525,11.329],[78.467,11.312],[78.41,11.1965],[78.382,11.188],[78.383,11.1395],[78.35,11.1365],[78.3265,11.099],[78.3245,11.0575],[78.249,11.092],[78.237,11.067],[78.1835,11.068],[78.1685,11.012],[78.1995,10.9605],[78.2805,10.967],[78.383,10.966],[78.487,10.912],[78.4895,10.8935],[78.5495,10.877],[78.587,10.829],[78.5545,10.813],[78.5685,10.743],[78.5185,10.7095],[78.4745,10.705],[78.428,10.6775],[78.369,10.725],[78.341,10.707],[78.28,10.708],[78.2615,10.5815],[78.2465,10.559],[78.1985,10.548],[78.1725,10.503],[78.2085,10.473],[78.3155,10.4395],[78.282,10.371],[78.338,10.327],[78.3345,10.301],[78.3655,10.2945],[78.448,10.373],[78.447,10.408],[78.4995,10.3875],[78.525,10.437],[78.585,10.444],[78.59,10.475],[78.5505,10.516],[78.499,10.4855],[78.465,10.5435],[78.457,10.608],[78.4845,10.6385],[78.529,10.6285],[78.526,10.6745],[78.57,10.68],[78.596,10.658],[78.6375,10.708],[78.6895,10.733],[78.743,10.709],[78.76,10.6645],[78.798,10.6645],[78.8215,10.6945],[78.872,10.707],[78.8795,10.7885],[78.856,10.845],[78.9355,10.873],[78.9445,10.8885],[79.008,10.8905],[78.9665,10.9495],[79.01,11.0085],[79.0095,11.058]]]},"properties":{"shapeName":"Tiruchirappalli"}},
{"type":"Feature","geometry":{"type":"Polygon","coordinates":[[[77.2895,10.231],[77.351,10.277],[77.3155,10.3565],[77.3215,10.4355],[77.3855,10.4505],[77.375,10.5535],[77.3885,10.5965],[77.418,10.6265],[77.4825,10.65],[77.5105,10.6065],[77.597,10.676],[77.6565,10.675],[77.665,10.716],[77.7025,10.731],[77.702,10.6595],[77.7305,10.631],[77.7685,10.68],[77.81,10.6805],[77.825,10.7515],[77.769,10.767],[77.8015,10.806],[77.871,10.7765],[77.8695,10.84],[77.8395,10.8335],[77.761,10.9005],[77.7915,11.0315],[77.777,11.0555],[77.756,11.0755],[77.627,11.1215],[77.571,11.1015],[77.5185,11.108],[77.478,11.1775],[77.519,11.2045],[77.45,11.305],[77.4005,11.316],[77.334,11.3105],[77.3325,11.256],[77.221,11.338],[77.1505,11.334],[77.17,11.25],[77.152,11.2225],[77.164,11.174],[77.2315,11.1295],[77.241,11.1095],[77.166,11.068],[77.1775,11.036],[77.1555,10.997],[77.1795,10.9255],[77.256,10.901],[77.2905,10.855],[77.275,10.7885],[77.2265,10.778],[77.213,10.8045],[77.17,10.8025],[77.134,10.7555],[77.1415,10.668],[77.1795,10.642],[77.166,10.5895],[77.0915,10.5855],[77.0785,10.5605],[77.074,10.456],[77.0535,10.4095],[77.093,10.3755],[77.0955,10.3095],[77.177,10.3565],[77.2365,10.3505],[77.229,10.316],[77.2895,10.231]]]},"properties":{"shapeName":"Tiruppur"}},
{"type":"Feature","geometry":{"type":"Polygon","coordinates":[[[77.4035,9.5275],[77.479,9.564],[77.465,9.58],[77.5265,9.662],[77.57,9.749],[77.601,9.778],[77.6285,9.837],[77.623,9.8645],[77.6815,9.9355],[77.7115,10.0215],[77.71,10.08],[77.6755,10.1175],[77.717,10.13],[77.7235,10.1625],[77.7015,10.1915],[77.659,10.1905],[77.612,10.213],[77.5935,10.191],[77.552,10.201],[77.514,10.161],[77.4375,10.132],[77.395,10.16],[77.3255,10.1265],[77.2685,10.122],[77.2455,10.1305],[77.203,10.106],[77.264,10.026],[77.277,9.974],[77.2375,9.933],[77.2145,9.876],[77.2395,9.8535],[77.224,9.732],[77.1815,9.6585],[77.202,9.616],[77.239,9.583],[77.2775,9.577],[77.321,9.6035],[77.3875,9.5195],[77.4035,9.5275]]]},"properties":{"shapeName":"Theni"}},
{"type":"Feature","geometry":{"type":"Polygon","coordinates":[[[78.631,11.338],[78.6585,11.366],[78.652,11.421],[78.7005,11.4545],[78.7415,11.4485],[78.7905,11.3865],[78.8225,11.4265],[78.7915,11.453],[78.817,11.5085],[78.8455,11.521],[78.817,11.5455],[78.8265,11.5795],[78.78,11.605],[78.805,11.686],[78.7615,11.6905],[78.6515,11.6645],[78.6415,11.761],[78.691,11.8],[78.695,11.8465],[78.6275,11.8645],[78.5965,11.8195],[78.543,11.8015],[78.4545,11.825],[78.4065,11.8735],[78.356,11.7935],[78.331,11.7965],[78.357,11.861],[78.3215,11.9285],[78.257,11.936],[78.236,11.976],[78.1375,11.9625],[78.037,11.929],[77.9745,11.8935],[77.868,11.9135],[77.8475,11.894],[77.763,11.9125],[77.739,11.938],[77.6765,11.9505],[77.6855,11.8755],[77.6695,11.822],[77.723,11.793],[77.693,11.7175],[77.6915,11.66],[77.7625,11.6465],[77.7405,11.61],[77.748,11.5655],[77.734,11.512],[77.697,11.4595],[77.74,11.4425],[77.7825,11.4775],[77.831,11.4655],[77.857,11.41],[77.894,11.416],[77.9135,11.4515],[77.9735,11.4685],[77.9825,11.5275],[78.0615,11.514],[78.1045,11.554],[78.16,11.5365],[78.246,11.553],[78.3075,11.592],[78.3295,11.5565],[78.3875,11.5835],[78.4525,11.5945],[78.4545,11.5395],[78.442,11.4945],[78.446,11.399],[78.487,11.4045],[78.5525,11.3585],[78.5565,11.316],[78.631,11.338]]]},"properties":{"shapeName":"Salem"}},
{"type":"Feature","geometry":{"type":"Polygon","coordinates":[[[78.3655,10.2945],[78.3345,10.301],[78.3295,10.227],[78.2795,10.182],[78.2845,10.1495],[78.2605,10.087],[78.2165,10.0765],[78.161,10.112],[78.1505,10.176],[78.122,10.19],[78.031,10.1805],[77.9755,10.1325],[77.9535,10.1415],[77.9205,10.0845],[77.8775,10.0605],[77.8555,10.0765],[77.765,10.0565],[77.7115,10.0215],[77.6815,9.9355],[77.623,9.8645],[77.6285,9.837],[77.601,9.778],[77.57,9.749],[77.5265,9.662],[77.465,9.58],[77.479,9.564],[77.4995,9.578],[77.521,9.6395],[77.6315,9.708],[77.67,9.678],[77.726,9.6945],[77.766,9.681],[77.777,9.6415],[77.892,9.643],[77.919,9.616],[77.968,9.636],[77.994,9.6255],[78.0415,9.6775],[78.0895,9.677],[78.064,9.742],[78.11,9.786],[78.1465,9.785],[78.1935,9.808],[78.128,9.8445],[78.156,9.874],[78.314,9.8665],[78.32,9.9245],[78.4585,9.969],[78.447,10.139],[78.3965,10.179],[78.4135,10.214],[78.398,10.26],[78.3655,10.2945]]]},"properties":{"shapeName":"Madurai"}},
{"type":"Feature","geometry":{"type":"Polygon","coordinates":[[[79.1455,11.3855],[79.1085,11.4025],[79.0345,11.3945],[78.9655,11.4025],[78.8765,11.506],[78.8455,11.521],[78.817,11.5085],[78.7915,11.453],[78.8225,11.4265],[78.7905,11.3865],[78.7415,11.4485],[78.7005,11.4545],[78.652,11.421],[78.6585,11.366],[78.631,11.338],[78.687,11.3205],[78.7335,11.322],[78.739,11.295],[78.713,11.2495],[78.702,11.1935],[78.673,11.165],[78.699,11.0915],[78.7335,11.09],[78.7625,11.123],[78.8115,11.113],[78.847,11.089],[78.8845,11.102],[78.9755,11.094],[79.0095,11.058],[79.07,11.107],[79.076,11.165],[79.1115,11.2455],[79.1455,11.3855]]]},"properties":{"shapeName":"Perambalur"}},
{"type":"Feature","geometry":{"type":"Polygon","coordinates":[[[77.2685,10.122],[77.3255,10.1265],[77.395,10.16],[77.4375,10.132],[77.514,10.161],[77.552,10.201],[77.5935,10.191],[77.612,10.213],[77.659,10.1905],[77.7015,10.1915],[77.7235,10.1625],[77.717,10.13],[77.6755,10.1175],[77.71,10.08],[77.7115,10.0215],[77.765,10.0565],[77.8555,10.0765],[77.8775,10.0605],[77.9205,10.0845],[77.9535,10.1415],[77.9755,10.1325],[78.031,10.1805],[78.122,10.19],[78.1505,10.176],[78.161,10.112],[78.2165,10.0765],[78.2605,10.087],[78.2845,10.1495],[78.2795,10.182],[78.3295,10.227],[78.3345,10.301],[78.338,10.327],[78.282,10.371],[78.3155,10.4395],[78.2085,10.473],[78.1725,10.503],[78.1985,10.548],[78.1345,10.5745],[78.1665,10.615],[78.147,10.6525],[78.1555,10.745],[78.1735,10.8035],[78.107,10.806],[78.0985,10.766],[78.025,10.779],[77.996,10.7635],[78.0135,10.729],[78.008,10.675],[77.98,10.639],[77.8975,10.6455],[77.874,10.632],[77.8175,10.648],[77.81,10.6805],[77.7685,10.68],[77.7305,10.631],[77.702,10.6595],[77.7025,10.731],[77.665,10.716],[77.6565,10.675],[77.597,10.676],[77.5105,10.6065],[77.4825,10.65],[77.418,10.6265],[77.3885,10.5965],[77.375,10.5535],[77.3855,10.4505],[77.3215,10.4355],[77.3155,10.3565],[77.351,10.277],[77.2895,10.231],[77.2685,10.122]]]},"properties":{"shapeName":"Dindigul"}},
{"type":"Feature","geometry":{"type":"Polygon","coordinates":[[[78.1685,11.012],[78.107,11.07],[78.0135,11.0945],[77.933,11.0685],[77.8995,11.032],[77.867,11.0225],[77.8255,11.0615],[77.777,11.0555],[77.7915,11.0315],[77.761,10.9005],[77.8395,10.8335],[77.8695,10.84],[77.871,10.7765],[77.8015,10.806],[77.769,10.767],[77.825,10.7515],[77.81,10.6805],[77.8175,10.648],[77.874,10.632],[77.8975,10.6455],[77.98,10.639],[78.008,10.675],[78.0135,10.729],[77.996,10.7635],[78.025,10.779],[78.0985,10.766],[78.107,10.806],[78.1735,10.8035],[78.1555,10.745],[78.147,10.6525],[78.1665,10.615],[78.1345,10.5745],[78.1985,10.548],[78.2465,10.559],[78.2615,10.5815],[78.28,10.708],[78.341,10.707],[78.369,10.725],[78.428,10.6775],[78.4745,10.705],[78.5185,10.7095],[78.5685,10.743],[78.5545,10.813],[78.587,10.829],[78.5495,10.877],[78.4895,10.8935],[78.487,10.912],[78.383,10.966],[78.2805,10.967],[78.1995,10.9605],[78.1685,11.012]]]},"properties":{"shapeName":"Karur"}},
{"type":"Feature","geometry":{"type":"Polygon","coordinates":[[[77.6765,11.9505],[77.739,11.938],[77.763,11.9125],[77.8475,11.894],[77.868,11.9135],[77.9745,11.8935],[78.037,11.929],[78.1375,11.9625],[78.236,11.976],[78.257,11.936],[78.3215,11.9285],[78.357,11.861],[78.331,11.7965],[78.356,11.7935],[78.4065,11.8735],[78.4545,11.825],[78.543,11.8015],[78.5965,11.8195],[78.6275,11.8645],[78.637,11.885],[78.725,11.9165],[78.706,11.935],[78.719,11.9805],[78.7025,12.0105],[78.741,12.135],[78.6885,12.108],[78.637,12.1445],[78.635,12.177],[78.5795,12.1665],[78.5495,12.1845],[78.508,12.181],[78.4945,12.141],[78.457,12.175],[78.395,12.1985],[78.3325,12.262],[78.2545,12.269],[78.238,12.3375],[78.17,12.35],[78.1405,12.3895],[78.144,12.456],[78.081,12.487],[78.075,12.506],[77.981,12.5425],[77.9295,12.506],[77.9615,12.4685],[77.9575,12.388],[77.933,12.3555],[77.883,12.3615],[77.872,12.282],[77.8145,12.226],[77.8015,12.1745],[77.7505,12.1585],[77.779,12.12],[77.758,12.08],[77.698,12.017],[77.6765,11.9505]]]},"properties":{"shapeName":"Dharmapuri"}},
{"type":"Feature","geometry":{"type":"Polygon","coordinates":[[[78.487,11.4045],[78.446,11.399],[78.442,11.4945],[78.4545,11.5395],[78.4525,11.5945],[78.3875,11.5835],[78.3295,11.5565],[78.3075,11.592],[78.246,11.553],[78.16,11.5365],[78.1045,11.554],[78.0615,11.514],[77.9825,11.5275],[77.9735,11.4685],[77.9135,11.4515],[77.894,11.416],[77.857,11.41],[77.831,11.4655],[77.7825,11.4775],[77.74,11.4425],[77.697,11.4595],[77.684,11.4205],[77.754,11.3505],[77.809,11.266],[77.863,11.2455],[77.863,11.183],[77.8845,11.158],[77.89,11.081],[77.933,11.0685],[78.0135,11.0945],[78.107,11.07],[78.1685,11.012],[78.1835,11.068],[78.237,11.067],[78.249,11.092],[78.3245,11.0575],[78.3265,11.099],[78.35,11.1365],[78.383,11.1395],[78.382,11.188],[78.41,11.1965],[78.467,11.312],[78.4525,11.329],[78.487,11.4045]]]},"properties":{"shapeName":"Namakkal"}},
{"type":"Feature","geometry":{"type":"Polygon","coordinates":[[[78.778,29.28],[78.7075,29.267],[78.6745,29.1975],[78.639,29.161],[78.665,29.1435],[78.6025,29.0845],[78.5255,29.0695],[78.5725,29.017],[78.5295,28.955],[78.6305,28.9225],[78.653,28.8365],[78.6795,28.7745],[78.639,28.6755],[78.705,28.6025],[78.6725,28.523],[78.7105,28.493],[78.7855,28.555],[78.8005,28.532],[78.9195,28.577],[78.9055,28.6035],[78.8395,28.66],[78.854,28.705],[78.955,28.6965],[79.001,28.747],[79.008,28.8185],[78.939,28.8965],[78.942,28.956],[78.9285,28.996],[79.0115,29.1245],[78.944,29.1345],[78.901,29.205],[78.849,29.2465],[78.813,29.244],[78.778,29.28]]]},"properties":{"shapeName":"Moradabad"}},
{"type":"Feature","geometry":{"type":"Polygon","coordinates":[[[78.653,28.8365],[78.583,28.7965],[78.5115,28.7735],[78.421,28.785],[78.436,28.756],[78.416,28.6585],[78.439,28.606],[78.417,28.4665],[78.38,28.468],[78.3475,28.4345],[78.311,28.4345],[78.2915,28.403],[78.285,28.372],[78.355,28.2135],[78.4265,28.135],[78.461,28.0825],[78.545,28.015],[78.5775,28.078],[78.6055,28.204],[78.634,28.2175],[78.655,28.274],[78.657,28.324],[78.7075,28.377],[78.7555,28.3765],[78.8185,28.445],[78.871,28.481],[78.921,28.4795],[78.9415,28.517],[78.9195,28.577],[78.8005,28.532],[78.7855,28.555],[78.7105,28.493],[78.6725,28.523],[78.705,28.6025],[78.639,28.6755],[78.6795,28.7745],[78.653,28.8365]]]},"properties":{"shapeName":"Sambhal"}},
{"type":"Feature","geometry":{"type":"Polygon","coordinates":[[[78.545,28.015],[78.6095,28.0295],[78.672,28.035],[78.6805,28.0005],[78.728,27.961],[78.8185,27.952],[78.9655,27.8505],[78.9875,27.873],[79.047,27.837],[79.1605,27.8225],[79.1735,27.7725],[79.212,27.7395],[79.2095,27.707],[79.3505,27.6525],[79.3385,27.734],[79.357,27.79],[79.441,27.8435],[79.4855,27.8485],[79.461,27.896],[79.4725,27.9615],[79.498,28.0205],[79.4845,28.0535],[79.4995,28.1075],[79.421,28.168],[79.388,28.1755],[79.3355,28.153],[79.315,28.1765],[79.272,28.164],[79.2095,28.1885],[79.1885,28.1725],[79.1295,28.189],[79.1255,28.228],[79.074,28.3265],[79.083,28.3535],[79.0005,28.3845],[78.921,28.4795],[78.871,28.481],[78.8185,28.445],[78.7555,28.3765],[78.7075,28.377],[78.657,28.324],[78.655,28.274],[78.634,28.2175],[78.6055,28.204],[78.5775,28.078],[78.545,28.015]]]},"properties":{"shapeName":"Budaun"}},
{"type":"Feature","geometry":{"type":"Polygon","coordinates":[[[78.6095,28.0295],[78.601,27.98],[78.5525,27.909],[78.4945,27.8545],[78.4795,27.8075],[78.4755,27.759],[78.5195,27.7335],[78.539,27.7805],[78.603,27.7685],[78.616,27.7425],[78.681,27.737],[78.689,27.6925],[78.731,27.6355],[78.808,27.603],[78.8875,27.584],[78.901,27.551],[78.9535,27.5725],[79.002,27.628],[79.034,27.581],[79.1075,27.548],[79.2085,27.5805],[79.1845,27.6135],[79.1345,27.632],[79.136,27.7025],[79.2095,27.707],[79.212,27.7395],[79.1735,27.7725],[79.1605,27.8225],[79.047,27.837],[78.9875,27.873],[78.9655,27.8505],[78.8185,27.952],[78.728,27.961],[78.6805,28.0005],[78.672,28.035],[78.6095,28.0295]]]},"properties":{"shapeName":"Kanshiram Nagar"}},
{"type":"Feature","geometry":{"type":"Polygon","coordinates":[[[81.7495,27.948],[81.6985,27.9885],[81.6435,27.994],[81.4785,28.0825],[81.484,28.1185],[81.4465,28.161],[81.375,28.177],[81.3715,28.1425],[81.318,28.1335],[81.3205,28.1975],[81.233,28.289],[81.2135,28.3585],[81.086,28.383],[81.0405,28.4115],[81.0355,28.359],[81.0615,28.3425],[81.0365,28.2895],[81.069,28.2355],[81.1035,28.2135],[81.131,28.1655],[81.1875,28.109],[81.159,28.0675],[81.167,28.0445],[81.2505,27.9535],[81.3065,27.9045],[81.2795,27.869],[81.305,27.8135],[81.2845,27.765],[81.306,27.718],[81.3035,27.681],[81.32,27.638],[81.327,27.5295],[81.321,27.502],[81.351,27.4275],[81.4115,27.3715],[81.4125,27.3365],[81.444,27.309],[81.437,27.2615],[81.4525,27.122],[81.508,27.059],[81.5165,27.083],[81.57,27.1235],[81.6325,27.1375],[81.6705,27.239],[81.699,27.263],[81.7325,27.3305],[81.8365,27.2795],[81.8495,27.3245],[81.9215,27.3305],[81.91,27.3665],[81.933,27.4205],[81.9805,27.437],[81.9935,27.484],[81.888,27.5295],[81.816,27.5265],[81.679,27.584],[81.675,27.6845],[81.691,27.7175],[81.649,27.735],[81.6405,27.8165],[81.626,27.848],[81.669,27.8795],[81.6995,27.929],[81.7495,27.948]]]},"properties":{"shapeName":"Bahraich"}},
{"type":"Feature","geometry":{"type":"Polygon","coordinates":[[[77.541,28.615],[77.6785,28.576],[77.6985,28.545],[77.8595,28.6515],[77.902,28.6395],[77.939,28.6925],[77.9755,28.701],[78.0475,28.668],[78.086,28.6675],[78.1155,28.64],[78.209,28.618],[78.1935,28.67],[78.1475,28.7115],[78.101,28.8565],[78.035,28.863],[77.9695,28.8435],[77.8735,28.8635],[77.855,28.8015],[77.793,28.786],[77.733,28.7365],[77.704,28.739],[77.671,28.707],[77.6245,28.718],[77.538,28.662],[77.541,28.615]]]},"properties":{"shapeName":"Hapur"}},
{"type":"Feature","geometry":{"type":"Polygon","coordinates":[[[81.3035,27.681],[81.265,27.712],[81.1865,27.7325],[81.216,27.767],[81.1815,27.7855],[81.11,27.7895],[81.0935,27.8155],[80.9935,27.8255],[81.01,27.8805],[80.963,27.901],[80.94,27.8545],[80.8475,27.8225],[80.829,27.791],[80.791,27.8175],[80.7255,27.806],[80.6385,27.836],[80.6065,27.75],[80.5665,27.7485],[80.52,27.808],[80.4905,27.7725],[80.394,27.7165],[80.3125,27.6785],[80.3065,27.5815],[80.356,27.4805],[80.406,27.461],[80.4195,27.416],[80.453,27.3945],[80.518,27.2675],[80.642,27.2645],[80.6575,27.227],[80.7335,27.223],[80.7895,27.206],[80.816,27.166],[80.8275,27.1015],[80.8945,27.1275],[80.9295,27.159],[80.9705,27.24],[81.0055,27.2265],[81.0775,27.228],[81.119,27.2745],[81.184,27.246],[81.2445,27.284],[81.255,27.3185],[81.297,27.337],[81.321,27.2735],[81.377,27.2695],[81.4125,27.3365],[81.4115,27.3715],[81.351,27.4275],[81.321,27.502],[81.327,27.5295],[81.32,27.638],[81.3035,27.681]]]},"properties":{"shapeName":"Sitapur"}},
{"type":"Feature","geometry":{"type":"Polygon","coordinates":[[[77.1325,29.485],[77.132,29.341],[77.153,29.2975],[77.2075,29.274],[77.2405,29.28],[77.3255,29.2535],[77.3285,29.2785],[77.3965,29.318],[77.4395,29.3585],[77.4245,29.3855],[77.456,29.534],[77.4785,29.543],[77.5005,29.6],[77.4895,29.6325],[77.454,29.671],[77.3425,29.645],[77.3005,29.6705],[77.15,29.689],[77.107,29.6325],[77.127,29.5595],[77.0965,29.5205],[77.1325,29.485]]]},"properties":{"shapeName":"Samli"}},
{"type":"Feature","geometry":{"type":"Polygon","coordinates":[[[81.9805,27.437],[82.0775,27.4105],[82.056,27.4505],[82.061,27.498],[82.036,27.5705],[82.045,27.6135],[82.0785,27.6275],[82.0945,27.6705],[82.13,27.702],[82.145,27.767],[82.2015,27.8065],[82.208,27.8435],[82.1235,27.865],[82.071,27.9225],[81.9685,27.929],[81.9015,27.8535],[81.7495,27.948],[81.6995,27.929],[81.669,27.8795],[81.626,27.848],[81.6405,27.8165],[81.649,27.735],[81.691,27.7175],[81.675,27.6845],[81.679,27.584],[81.816,27.5265],[81.888,27.5295],[81.9935,27.484],[81.9805,27.437]]]},"properties":{"shapeName":"Shrawasti"}},
{"type":"Feature","geometry":{"type":"Polygon","coordinates":[[[78.101,28.8565],[78.063,28.9],[78.0975,28.984],[78.0855,29.068],[78.1065,29.0835],[78.11,29.14],[78.1365,29.165],[78.1375,29.2535],[78.038,29.2615],[77.927,29.2085],[77.8695,29.2225],[77.8045,29.1805],[77.751,29.2145],[77.6945,29.2235],[77.666,29.25],[77.59,29.256],[77.508,29.19],[77.4775,29.183],[77.433,29.086],[77.4605,29.067],[77.478,28.9605],[77.462,28.9205],[77.4625,28.9055],[77.559,28.8955],[77.5945,28.8785],[77.694,28.875],[77.718,28.7875],[77.704,28.739],[77.733,28.7365],[77.793,28.786],[77.855,28.8015],[77.8735,28.8635],[77.9695,28.8435],[78.035,28.863],[78.101,28.8565]]]},"properties":{"shapeName":"Meerut"}},
{"type":"Feature","geometry":{"type":"Polygon","coordinates":[[[77.5295,27.9255],[77.5575,27.9125],[77.6795,27.9415],[77.742,27.927],[77.8185,27.7785],[77.7975,27.7335],[77.7945,27.684],[77.8515,27.6535],[77.8705,27.5765],[77.898,27.584],[77.9675,27.5945],[77.9945,27.621],[78.0185,27.677],[78.016,27.7525],[78.078,27.7715],[78.1625,27.774],[78.2195,27.7545],[78.205,27.73],[78.26,27.6765],[78.4665,27.8275],[78.4795,27.8075],[78.4945,27.8545],[78.5525,27.909],[78.601,27.98],[78.6095,28.0295],[78.545,28.015],[78.461,28.0825],[78.3725,28.0605],[78.3185,28.1225],[78.2215,28.1085],[78.117,28.0185],[78.1065,28.067],[78.07,28.0985],[78.0095,28.0645],[77.938,28.0795],[77.8625,28.1315],[77.846,28.1715],[77.786,28.137],[77.737,28.1235],[77.7375,28.0885],[77.698,28.079],[77.6745,28.1085],[77.6095,28.1085],[77.573,28.0795],[77.484,28.078],[77.528,27.999],[77.5295,27.9255]]]},"properties":{"shapeName":"Aligarh"}},
{"type":"Feature","geometry":{"type":"Polygon","coordinates":[[[78.2915,28.403],[78.3055,28.4585],[78.22,28.496],[78.23,28.573],[78.209,28.618],[78.1155,28.64],[78.086,28.6675],[78.0475,28.668],[77.9755,28.701],[77.939,28.6925],[77.902,28.6395],[77.8595,28.6515],[77.6985,28.545],[77.6795,28.494],[77.6395,28.478],[77.62,28.4335],[77.646,28.383],[77.6145,28.3005],[77.6865,28.16],[77.6745,28.1085],[77.698,28.079],[77.7375,28.0885],[77.737,28.1235],[77.786,28.137],[77.846,28.1715],[77.8625,28.1315],[77.938,28.0795],[78.0095,28.0645],[78.07,28.0985],[78.1065,28.067],[78.117,28.0185],[78.2215,28.1085],[78.3185,28.1225],[78.3725,28.0605],[78.461,28.0825],[78.4265,28.135],[78.355,28.2135],[78.285,28.372],[78.2915,28.403]]]},"properties":{"shapeName":"Bulandshahr"}},
{"type":"Feature","geometry":{"type":"Polygon","coordinates":[[[78.923,29.431],[78.8125,29.4625],[78.744,29.498],[78.707,29.498],[78.6215,29.554],[78.5425,29.623],[78.523,29.655],[78.519,29.717],[78.3435,29.789],[78.2635,29.734],[78.2175,29.7375],[78.1965,29.6815],[78.146,29.67],[78.0835,29.603],[78.049,29.599],[78.022,29.5555],[77.9965,29.5375],[77.994,29.493],[78.066,29.402],[78.069,29.359],[78.1105,29.3235],[78.1375,29.2535],[78.1365,29.165],[78.11,29.14],[78.1065,29.0835],[78.2075,29.0505],[78.29,29.04],[78.416,29.0385],[78.4695,29.066],[78.5255,29.0695],[78.6025,29.0845],[78.665,29.1435],[78.639,29.161],[78.6745,29.1975],[78.7075,29.267],[78.778,29.28],[78.7315,29.3085],[78.776,29.342],[78.813,29.33],[78.8655,29.355],[78.9205,29.3995],[78.923,29.431]]]},"properties":{"shapeName":"Bijnor"}},
{"type":"Feature","geometry":{"type":"Polygon","coordinates":[[[77.2075,28.857],[77.2205,28.83],[77.288,28.8335],[77.3085,28.791],[77.364,28.8015],[77.4085,28.7765],[77.4245,28.88],[77.462,28.9205],[77.478,28.9605],[77.4605,29.067],[77.433,29.086],[77.4775,29.183],[77.508,29.19],[77.4115,29.245],[77.383,29.236],[77.3255,29.2535],[77.2405,29.28],[77.2075,29.274],[77.153,29.2975],[77.134,29.2235],[77.144,29.167],[77.1495,29.1175],[77.203,28.9855],[77.197,28.938],[77.2325,28.92],[77.2075,28.857]]]},"properties":{"shapeName":"Baghpat"}},
{"type":"Feature","geometry":{"type":"Polygon","coordinates":[[[81.0405,28.4115],[80.989,28.4415],[80.909,28.4615],[80.9085,28.4975],[80.8555,28.497],[80.7845,28.5295],[80.768,28.5655],[80.6905,28.587],[80.6675,28.642],[80.6115,28.6395],[80.54,28.6905],[80.5035,28.6655],[80.523,28.553],[80.471,28.5845],[80.4605,28.6215],[80.4155,28.6395],[80.3615,28.6355],[80.326,28.67],[80.304,28.6165],[80.3755,28.5845],[80.4335,28.5025],[80.419,28.4805],[80.359,28.461],[80.3245,28.481],[80.3015,28.4535],[80.359,28.3835],[80.3705,28.3365],[80.3125,28.27],[80.302,28.152],[80.2515,28.1505],[80.26,28.0825],[80.1925,28.0185],[80.124,27.996],[80.0695,27.9215],[80.0325,27.923],[80.055,27.865],[80.0635,27.7705],[80.092,27.7845],[80.145,27.754],[80.202,27.775],[80.2675,27.741],[80.3125,27.6785],[80.394,27.7165],[80.4905,27.7725],[80.52,27.808],[80.5665,27.7485],[80.6065,27.75],[80.6385,27.836],[80.7255,27.806],[80.791,27.8175],[80.829,27.791],[80.8475,27.8225],[80.94,27.8545],[80.963,27.901],[81.01,27.8805],[80.9935,27.8255],[81.0935,27.8155],[81.11,27.7895],[81.1815,27.7855],[81.216,27.767],[81.1865,27.7325],[81.265,27.712],[81.3035,27.681],[81.306,27.718],[81.2845,27.765],[81.305,27.8135],[81.2795,27.869],[81.3065,27.9045],[81.2505,27.9535],[81.167,28.0445],[81.159,28.0675],[81.1875,28.109],[81.131,28.1655],[81.1035,28.2135],[81.069,28.2355],[81.0365,28.2895],[81.0615,28.3425],[81.0355,28.359],[81.0405,28.4115]]]},"properties":{"shapeName":"Kheri"}},
{"type":"Feature","geometry":{"type":"Polygon","coordinates":[[[79.0115,29.1245],[78.9285,28.996],[78.942,28.956],[78.939,28.8965],[79.008,28.8185],[79.001,28.747],[78.955,28.6965],[78.854,28.705],[78.8395,28.66],[78.9055,28.6035],[78.9195,28.577],[78.9415,28.517],[78.921,28.4795],[79.0005,28.3845],[79.0005,28.4315],[79.0385,28.438],[79.079,28.483],[79.141,28.49],[79.1835,28.557],[79.2225,28.5725],[79.2555,28.644],[79.305,28.7185],[79.3885,28.757],[79.3855,28.794],[79.4345,28.872],[79.4375,28.924],[79.417,28.9565],[79.3165,28.971],[79.2215,29.031],[79.1835,29.0165],[79.155,29.0695],[79.164,29.1215],[79.0465,29.173],[79.0115,29.1245]]]},"properties":{"shapeName":"Rampur"}},
{"type":"Feature","geometry":{"type":"Polygon","coordinates":[[[79.4345,28.872],[79.3855,28.794],[79.3885,28.757],[79.305,28.7185],[79.2555,28.644],[79.2225,28.5725],[79.1835,28.557],[79.141,28.49],[79.079,28.483],[79.0385,28.438],[79.0005,28.4315],[79.0005,28.3845],[79.083,28.3535],[79.074,28.3265],[79.1255,28.228],[79.1295,28.189],[79.1885,28.1725],[79.2095,28.1885],[79.272,28.164],[79.315,28.1765],[79.3355,28.153],[79.388,28.1755],[79.421,28.168],[79.4995,28.1075],[79.4845,28.0535],[79.498,28.0205],[79.529,28.059],[79.5865,28.0905],[79.6305,28.0845],[79.6265,28.134],[79.646,28.212],[79.6855,28.263],[79.6785,28.306],[79.701,28.376],[79.7445,28.466],[79.7485,28.5055],[79.6855,28.5285],[79.676,28.5825],[79.6,28.616],[79.643,28.722],[79.673,28.7435],[79.633,28.8595],[79.564,28.9035],[79.541,28.874],[79.4345,28.872]]]},"properties":{"shapeName":"Bareilly"}},
{"type":"Feature","geometry":{"type":"Polygon","coordinates":[[[77.336,27.8475],[77.2845,27.8015],[77.3135,27.7825],[77.3435,27.7025],[77.3515,27.6475],[77.335,27.5915],[77.3495,27.519],[77.3855,27.513],[77.4055,27.472],[77.4385,27.4565],[77.4245,27.4195],[77.441,27.3935],[77.5065,27.3755],[77.6005,27.295],[77.648,27.2415],[77.702,27.252],[77.781,27.2335],[77.848,27.288],[77.951,27.283],[77.9045,27.323],[77.9195,27.374],[77.9035,27.441],[77.943,27.4845],[77.88,27.5255],[77.898,27.584],[77.8705,27.5765],[77.8515,27.6535],[77.7945,27.684],[77.7975,27.7335],[77.8185,27.7785],[77.742,27.927],[77.6795,27.9415],[77.5575,27.9125],[77.5295,27.9255],[77.476,27.929],[77.476,27.887],[77.4295,27.8905],[77.3905,27.8575],[77.336,27.8475]]]},"properties":{"shapeName":"Mathura"}},
{"type":"Feature","geometry":{"type":"Polygon","coordinates":[[[78.5195,27.7335],[78.506,27.6245],[78.4715,27.6185],[78.3885,27.567],[78.333,27.577],[78.274,27.5255],[78.245,27.528],[78.1805,27.4325],[78.1985,27.403],[78.2975,27.3825],[78.2865,27.313],[78.312,27.313],[78.401,27.371],[78.4385,27.3605],[78.4855,27.382],[78.4665,27.4205],[78.5455,27.4415],[78.6075,27.5095],[78.662,27.49],[78.646,27.4195],[78.7175,27.376],[78.7345,27.336],[78.837,27.361],[78.84,27.4095],[78.891,27.4695],[78.96,27.419],[79.0005,27.4325],[79.064,27.417],[79.11,27.4325],[79.1475,27.3765],[79.168,27.381],[79.2165,27.329],[79.251,27.3305],[79.2525,27.391],[79.271,27.521],[79.2265,27.536],[79.2085,27.5805],[79.1075,27.548],[79.034,27.581],[79.002,27.628],[78.9535,27.5725],[78.901,27.551],[78.8875,27.584],[78.808,27.603],[78.731,27.6355],[78.689,27.6925],[78.681,27.737],[78.616,27.7425],[78.603,27.7685],[78.539,27.7805],[78.5195,27.7335]]]},"properties":{"shapeName":"Etah"}},
{"type":"Feature","geometry":{"type":"Polygon","coordinates":[[[80.3125,27.6785],[80.2675,27.741],[80.202,27.775],[80.145,27.754],[80.092,27.7845],[80.0635,27.7705],[80.0595,27.741],[79.972,27.732],[79.9185,27.703],[79.882,27.7],[79.8665,27.6525],[79.8095,27.66],[79.767,27.7125],[79.738,27.719],[79.727,27.6695],[79.6965,27.653],[79.7285,27.5375],[79.717,27.473],[79.7465,27.4465],[79.6905,27.368],[79.7225,27.3275],[79.7325,27.277],[79.7005,27.2295],[79.726,27.2165],[79.8055,27.1685],[79.8585,27.173],[79.906,27.1465],[79.923,27.0975],[79.976,27.065],[79.9755,27.035],[80.028,26.954],[80.052,26.919],[80.109,26.992],[80.1745,26.9585],[80.23,26.9705],[80.2525,27.0265],[80.305,27.025],[80.3395,26.9485],[80.3845,26.9305],[80.428,26.9415],[80.463,26.977],[80.561,27.011],[80.647,27.0785],[80.6865,27.0635],[80.7425,27.1015],[80.8275,27.1015],[80.816,27.166],[80.7895,27.206],[80.7335,27.223],[80.6575,27.227],[80.642,27.2645],[80.518,27.2675],[80.453,27.3945],[80.4195,27.416],[80.406,27.461],[80.356,27.4805],[80.3065,27.5815],[80.3125,27.6785]]]},"properties":{"shapeName":"Hardoi"}},
{"type":"Feature","geometry":{"type":"Polygon","coordinates":[[[82.0775,27.4105],[82.1165,27.37],[82.279,27.2755],[82.315,27.218],[82.2875,27.199],[82.239,27.223],[82.2175,27.179],[82.2585,27.151],[82.339,27.054],[82.412,27.078],[82.4425,27.129],[82.4795,27.156],[82.411,27.185],[82.4295,27.2195],[82.483,27.219],[82.488,27.2575],[82.4695,27.3105],[82.4935,27.3595],[82.543,27.372],[82.5745,27.409],[82.62,27.4195],[82.669,27.4065],[82.7605,27.432],[82.7215,27.471],[82.74,27.5025],[82.7545,27.586],[82.705,27.7165],[82.605,27.706],[82.541,27.686],[82.449,27.679],[82.4015,27.703],[82.367,27.7425],[82.304,27.7725],[82.208,27.8435],[82.2015,27.8065],[82.145,27.767],[82.13,27.702],[82.0945,27.6705],[82.0785,27.6275],[82.045,27.6135],[82.036,27.5705],[82.061,27.498],[82.056,27.4505],[82.0775,27.4105]]]},"properties":{"shapeName":"Balrampur"}},
{"type":"Feature","geometry":{"type":"Polygon","coordinates":[[[78.4795,27.8075],[78.4665,27.8275],[78.26,27.6765],[78.205,27.73],[78.2195,27.7545],[78.1625,27.774],[78.078,27.7715],[78.016,27.7525],[78.0185,27.677],[77.9945,27.621],[77.9675,27.5945],[77.898,27.584],[77.88,27.5255],[77.943,27.4845],[77.9035,27.441],[77.9195,27.374],[77.9045,27.323],[77.951,27.283],[77.991,27.284],[78.0435,27.346],[78.073,27.335],[78.0825,27.392],[78.137,27.365],[78.1985,27.403],[78.1805,27.4325],[78.245,27.528],[78.274,27.5255],[78.333,27.577],[78.3885,27.567],[78.4715,27.6185],[78.506,27.6245],[78.5195,27.7335],[78.4755,27.759],[78.4795,27.8075]]]},"properties":{"shapeName":"Mahamaya Nagar"}},
{"type":"Feature","geometry":{"type":"Polygon","coordinates":[[[79.3505,27.6525],[79.445,27.6395],[79.481,27.5965],[79.5905,27.591],[79.5985,27.6145],[79.6535,27.641],[79.6645,27.4955],[79.717,27.473],[79.7285,27.5375],[79.6965,27.653],[79.727,27.6695],[79.738,27.719],[79.767,27.7125],[79.8095,27.66],[79.8665,27.6525],[79.882,27.7],[79.9185,27.703],[79.972,27.732],[80.0595,27.741],[80.0635,27.7705],[80.055,27.865],[80.0325,27.923],[80.0695,27.9215],[80.124,27.996],[80.1925,28.0185],[80.26,28.0825],[80.2515,28.1505],[80.302,28.152],[80.3125,28.27],[80.3705,28.3365],[80.3405,28.3325],[80.263,28.365],[80.2545,28.3155],[80.213,28.341],[80.161,28.336],[80.091,28.3635],[80.06,28.348],[79.958,28.3315],[79.942,28.311],[79.965,28.1725],[79.9585,28.1185],[79.907,28.14],[79.8205,28.195],[79.782,28.16],[79.7145,28.205],[79.6855,28.263],[79.646,28.212],[79.6265,28.134],[79.6305,28.0845],[79.5865,28.0905],[79.529,28.059],[79.498,28.0205],[79.4725,27.9615],[79.461,27.896],[79.4855,27.8485],[79.441,27.8435],[79.357,27.79],[79.3385,27.734],[79.3505,27.6525]]]},"properties":{"shapeName":"Shahjahanpur"}},
{"type":"Feature","geometry":{"type":"Polygon","coordinates":[[[79.2095,27.707],[79.136,27.7025],[79.1345,27.632],[79.1845,27.6135],[79.2085,27.5805],[79.2265,27.536],[79.271,27.521],[79.2525,27.391],[79.251,27.3305],[79.34,27.2155],[79.395,27.196],[79.4485,27.2105],[79.5225,27.2095],[79.562,27.159],[79.6335,27.1835],[79.681,27.1715],[79.6975,27.2145],[79.726,27.2165],[79.7005,27.2295],[79.7325,27.277],[79.7225,27.3275],[79.6905,27.368],[79.7465,27.4465],[79.717,27.473],[79.6645,27.4955],[79.6535,27.641],[79.5985,27.6145],[79.5905,27.591],[79.481,27.5965],[79.445,27.6395],[79.3505,27.6525],[79.2095,27.707]]]},"properties":{"shapeName":"Farrukhabad"}},
{"type":"Feature","geometry":{"type":"Polygon","coordinates":[[[79.726,27.2165],[79.6975,27.2145],[79.681,27.1715],[79.6335,27.1835],[79.562,27.159],[79.5225,27.2095],[79.4485,27.2105],[79.395,27.196],[79.3915,27.1205],[79.4345,27.067],[79.402,27.049],[79.3825,26.986],[79.3275,26.9605],[79.338,26.9385],[79.452,26.9285],[79.4605,26.903],[79.561,26.8605],[79.611,26.892],[79.6655,26.865],[79.7265,26.802],[79.7595,26.7835],[79.847,26.775],[79.8605,26.827],[79.897,26.8235],[79.9295,26.8535],[79.953,26.918],[80.0005,26.9605],[80.028,26.954],[79.9755,27.035],[79.976,27.065],[79.923,27.0975],[79.906,27.1465],[79.8585,27.173],[79.8055,27.1685],[79.726,27.2165]]]},"properties":{"shapeName":"Kannauj"}},
{"type":"Feature","geometry":{"type":"Polygon","coordinates":[[[79.633,28.8595],[79.673,28.7435],[79.643,28.722],[79.6,28.616],[79.676,28.5825],[79.6855,28.5285],[79.7485,28.5055],[79.7445,28.466],[79.701,28.376],[79.6785,28.306],[79.6855,28.263],[79.7145,28.205],[79.782,28.16],[79.8205,28.195],[79.907,28.14],[79.9585,28.1185],[79.965,28.1725],[79.942,28.311],[79.958,28.3315],[80.06,28.348],[80.091,28.3635],[80.161,28.336],[80.213,28.341],[80.2545,28.3155],[80.263,28.365],[80.3405,28.3325],[80.3705,28.3365],[80.359,28.3835],[80.3015,28.4535],[80.3245,28.481],[80.359,28.461],[80.419,28.4805],[80.4335,28.5025],[80.3755,28.5845],[80.304,28.6165],[80.326,28.67],[80.3175,28.7],[80.278,28.71],[80.2515,28.7575],[80.216,28.7555],[80.118,28.829],[80.071,28.8295],[80.038,28.7935],[80.0455,28.7555],[80.0005,28.711],[79.941,28.72],[79.92,28.7785],[79.8475,28.87],[79.802,28.883],[79.7105,28.8475],[79.633,28.8595]]]},"properties":{"shapeName":"Pilibhit"}},
{"type":"Feature","geometry":{"type":"Polygon","coordinates":[[[78.7345,27.336],[78.728,27.325],[78.763,27.202],[78.818,27.1275],[78.788,27.123],[78.781,27.05],[78.801,26.985],[78.831,26.9825],[78.975,26.9825],[79.0305,26.969],[79.0805,26.998],[79.193,27.0005],[79.1975,26.975],[79.3075,26.982],[79.3275,26.9605],[79.3825,26.986],[79.402,27.049],[79.4345,27.067],[79.3915,27.1205],[79.395,27.196],[79.34,27.2155],[79.251,27.3305],[79.2165,27.329],[79.168,27.381],[79.1475,27.3765],[79.11,27.4325],[79.064,27.417],[79.0005,27.4325],[78.96,27.419],[78.891,27.4695],[78.84,27.4095],[78.837,27.361],[78.7345,27.336]]]},"properties":{"shapeName":"Mainpuri"}},
{"type":"Feature","geometry":{"type":"Polygon","coordinates":[[[78.5255,29.0695],[78.4695,29.066],[78.416,29.0385],[78.29,29.04],[78.2075,29.0505],[78.1065,29.0835],[78.0855,29.068],[78.0975,28.984],[78.063,28.9],[78.101,28.8565],[78.1475,28.7115],[78.1935,28.67],[78.209,28.618],[78.23,28.573],[78.22,28.496],[78.3055,28.4585],[78.2915,28.403],[78.311,28.4345],[78.3475,28.4345],[78.38,28.468],[78.417,28.4665],[78.439,28.606],[78.416,28.6585],[78.436,28.756],[78.421,28.785],[78.5115,28.7735],[78.583,28.7965],[78.653,28.8365],[78.6305,28.9225],[78.5295,28.955],[78.5725,29.017],[78.5255,29.0695]]]},"properties":{"shapeName":"Jyotiba Phule Nagar"}},
{"type":"Feature","geometry":{"type":"Polygon","coordinates":[[[78.2865,27.313],[78.2225,27.299],[78.223,27.2285],[78.207,27.2105],[78.2205,27.1565],[78.209,27.105],[78.2425,27.072],[78.2965,27.087],[78.3645,27.0795],[78.422,27.05],[78.4875,26.966],[78.5735,26.963],[78.5935,26.925],[78.6765,26.8835],[78.677,26.917],[78.749,26.914],[78.771,26.9425],[78.831,26.9825],[78.801,26.985],[78.781,27.05],[78.788,27.123],[78.818,27.1275],[78.763,27.202],[78.728,27.325],[78.7345,27.336],[78.7175,27.376],[78.646,27.4195],[78.662,27.49],[78.6075,27.5095],[78.5455,27.4415],[78.4665,27.4205],[78.4855,27.382],[78.4385,27.3605],[78.401,27.371],[78.312,27.313],[78.2865,27.313]]]},"properties":{"shapeName":"Firozabad"}},
{"type":"Feature","geometry":{"type":"Polygon","coordinates":[[[82.054,26.0595],[82.1065,26.075],[82.187,26.0415],[82.2035,26.015],[82.248,26.057],[82.32,26.0405],[82.357,26.0075],[82.378,26.031],[82.4325,26.009],[82.485,26.001],[82.467,26.0745],[82.437,26.103],[82.445,26.133],[82.5665,26.1415],[82.601,26.196],[82.6825,26.1515],[82.6895,26.212],[82.6805,26.2555],[82.6385,26.246],[82.5815,26.257],[82.553,26.284],[82.47,26.2835],[82.4025,26.3265],[82.3875,26.3755],[82.2805,26.389],[82.221,26.4075],[82.1885,26.4075],[82.1095,26.471],[82.0835,26.47],[81.9275,26.5115],[81.949,26.414],[81.934,26.378],[81.879,26.378],[81.837,26.3095],[81.8475,26.2795],[81.9045,26.253],[81.926,26.2195],[82.0265,26.1685],[82.076,26.088],[82.054,26.0595]]]},"properties":{"shapeName":"Sultanpur"}},
{"type":"Feature","geometry":{"type":"Polygon","coordinates":[[[81.5435,25.183],[81.526,25.235],[81.5645,25.239],[81.55,25.29],[81.4605,25.259],[81.3895,25.272],[81.4,25.3275],[81.343,25.347],[81.258,25.334],[81.1515,25.397],[81.1515,25.4255],[81.193,25.4525],[81.1915,25.4875],[81.151,25.5055],[81.0515,25.525],[81.0225,25.5445],[81.027,25.504],[80.988,25.4775],[80.944,25.4695],[80.888,25.42],[80.8645,25.3745],[80.78,25.33],[80.783,25.2625],[80.7515,25.2515],[80.7675,25.2055],[80.7205,25.1895],[80.689,25.131],[80.723,25.064],[80.7275,25.1005],[80.7595,25.138],[80.8405,25.1375],[80.8815,25.188],[80.914,25.161],[80.8735,25.12],[80.879,25.0675],[80.8335,25.03],[80.8535,24.9855],[80.811,24.9505],[80.84,24.9165],[80.9505,24.9625],[80.9495,24.9385],[81.0165,24.9265],[81.0355,24.95],[81.085,24.949],[81.125,24.8965],[81.1625,24.911],[81.221,24.9785],[81.2705,25.065],[81.2545,25.1015],[81.291,25.159],[81.358,25.161],[81.3795,25.132],[81.4375,25.1265],[81.458,25.087],[81.493,25.0695],[81.5435,25.183]]]},"properties":{"shapeName":"Chitrakoot"}},
{"type":"Feature","geometry":{"type":"Polygon","coordinates":[[[82.5675,27.0755],[82.5585,27.057],[82.5905,27.0015],[82.5635,26.965],[82.52,26.9525],[82.4875,26.905],[82.399,26.947],[82.36,26.9315],[82.321,26.976],[82.2435,26.9345],[82.225,26.8075],[82.241,26.748],[82.318,26.723],[82.3825,26.658],[82.414,26.6455],[82.4785,26.6525],[82.5795,26.604],[82.6415,26.6015],[82.714,26.555],[82.8245,26.57],[82.9025,26.6435],[82.951,26.673],[82.942,26.732],[82.861,26.784],[82.807,26.8435],[82.849,26.872],[82.8475,26.9355],[82.8745,26.978],[82.881,27.035],[82.7985,27.074],[82.759,27.105],[82.708,27.104],[82.6305,27.1245],[82.6225,27.099],[82.5675,27.0755]]]},"properties":{"shapeName":"Basti"}},
{"type":"Feature","geometry":{"type":"Polygon","coordinates":[[[83.0705,26.408],[83.135,26.385],[83.1635,26.3965],[83.231,26.393],[83.296,26.3535],[83.3395,26.3485],[83.4405,26.271],[83.51,26.278],[83.6345,26.223],[83.6435,26.275],[83.6675,26.314],[83.6235,26.3225],[83.5785,26.3715],[83.535,26.384],[83.4795,26.462],[83.5005,26.4945],[83.602,26.5145],[83.6315,26.657],[83.62,26.7535],[83.5605,26.836],[83.5445,26.8805],[83.447,26.975],[83.3315,26.981],[83.402,27.0725],[83.3415,27.0915],[83.3225,27.0535],[83.1775,27.0875],[83.163,27.1285],[83.13,27.1415],[83.1275,27.1015],[83.133,27.0465],[83.153,27.011],[83.207,27.017],[83.2265,26.979],[83.209,26.9545],[83.217,26.884],[83.136,26.87],[83.1145,26.812],[83.1125,26.7665],[83.134,26.728],[83.0855,26.7005],[83.1285,26.659],[83.155,26.5425],[83.1975,26.517],[83.0965,26.484],[83.096,26.425],[83.0705,26.408]]]},"properties":{"shapeName":"Gorakhpur"}},
{"type":"Feature","geometry":{"type":"Polygon","coordinates":[[[80.8275,27.1015],[80.7425,27.1015],[80.6865,27.0635],[80.647,27.0785],[80.561,27.011],[80.6005,26.984],[80.6275,26.889],[80.681,26.8605],[80.738,26.776],[80.697,26.763],[80.6995,26.689],[80.7295,26.656],[80.7575,26.6865],[80.795,26.6465],[80.843,26.663],[80.8835,26.6315],[80.892,26.598],[81,26.535],[81.0515,26.502],[81.104,26.5625],[81.166,26.5925],[81.1675,26.6435],[81.219,26.706],[81.189,26.7615],[81.1595,26.7755],[81.157,26.814],[81.1265,26.836],[81.0825,26.909],[81.0435,26.939],[81.0305,26.9855],[81,27],[81,27.075],[81.052,27.09],[81.0125,27.1405],[80.9295,27.159],[80.8945,27.1275],[80.8275,27.1015]]]},"properties":{"shapeName":"Lucknow"}},
{"type":"Feature","geometry":{"type":"Polygon","coordinates":[[[82.6825,26.1515],[82.681,26.107],[82.7215,26.042],[82.7275,25.9895],[82.7755,25.8815],[82.758,25.837],[82.7865,25.8255],[82.8355,25.7665],[82.899,25.773],[82.946,25.7045],[82.986,25.6795],[83.0045,25.7085],[83.075,25.683],[83.067,25.6515],[83.148,25.6535],[83.1915,25.697],[83.242,25.706],[83.221,25.749],[83.3255,25.813],[83.3555,25.8135],[83.3335,25.8475],[83.3395,25.8905],[83.391,25.916],[83.347,25.942],[83.3495,26.034],[83.391,26.064],[83.449,26.1295],[83.441,26.156],[83.501,26.2295],[83.51,26.278],[83.4405,26.271],[83.3395,26.3485],[83.296,26.3535],[83.231,26.393],[83.1635,26.3965],[83.135,26.385],[83.115,26.356],[83.111,26.2845],[83.0695,26.2815],[83.0375,26.3225],[82.9685,26.3555],[82.9325,26.393],[82.885,26.383],[82.897,26.3465],[82.8745,26.311],[82.8865,26.252],[82.8375,26.181],[82.7805,26.1945],[82.7355,26.2475],[82.6805,26.2555],[82.6895,26.212],[82.6825,26.1515]]]},"properties":{"shapeName":"Azamgarh"}},
{"type":"Feature","geometry":{"type":"Polygon","coordinates":[[[82.221,26.4075],[82.279,26.4545],[82.3105,26.503],[82.339,26.577],[82.431,26.5465],[82.468,26.5825],[82.4785,26.6525],[82.414,26.6455],[82.3825,26.658],[82.318,26.723],[82.241,26.748],[82.225,26.8075],[82.1855,26.8315],[82.142,26.832],[82.092,26.81],[82.0395,26.8065],[81.9775,26.7785],[81.92,26.789],[81.891,26.829],[81.844,26.838],[81.805,26.864],[81.7525,26.866],[81.6415,26.8185],[81.5815,26.8275],[81.5625,26.767],[81.6005,26.701],[81.5485,26.6645],[81.561,26.642],[81.584,26.6505],[81.6545,26.582],[81.705,26.581],[81.7345,26.543],[81.8095,26.5375],[81.848,26.512],[81.9275,26.5115],[82.0835,26.47],[82.1095,26.471],[82.1885,26.4075],[82.221,26.4075]]]},"properties":{"shapeName":"Faizabad"}},
{"type":"Feature","geometry":{"type":"Polygon","coordinates":[[[82.6805,26.2555],[82.7355,26.2475],[82.7805,26.1945],[82.8375,26.181],[82.8865,26.252],[82.8745,26.311],[82.897,26.3465],[82.885,26.383],[82.9325,26.393],[82.9685,26.3555],[83.0375,26.3225],[83.0695,26.2815],[83.111,26.2845],[83.115,26.356],[83.135,26.385],[83.0705,26.408],[83.0245,26.474],[82.944,26.507],[82.917,26.5325],[82.8735,26.5375],[82.8245,26.57],[82.714,26.555],[82.6415,26.6015],[82.5795,26.604],[82.4785,26.6525],[82.468,26.5825],[82.431,26.5465],[82.339,26.577],[82.3105,26.503],[82.279,26.4545],[82.221,26.4075],[82.2805,26.389],[82.3875,26.3755],[82.4025,26.3265],[82.47,26.2835],[82.553,26.284],[82.5815,26.257],[82.6385,26.246],[82.6805,26.2555]]]},"properties":{"shapeName":"Ambedkar Nagar"}},
{"type":"Feature","geometry":{"type":"Polygon","coordinates":[[[84.454,25.888],[84.4165,25.9295],[84.36,25.9575],[84.3,25.9465],[84.145,26.045],[84.0995,26.0945],[84.0575,26.0975],[83.9575,26.1315],[83.8985,26.127],[83.8635,26.185],[83.811,26.191],[83.7845,26.1645],[83.7955,26.108],[83.682,26.071],[83.689,26.0095],[83.7765,26.0005],[83.7985,25.923],[83.7325,25.8565],[83.8195,25.783],[83.863,25.793],[83.8835,25.763],[83.9555,25.746],[83.953,25.6865],[83.9225,25.6335],[83.946,25.5905],[83.9295,25.56],[83.9435,25.558],[84.049,25.6215],[84.0865,25.6565],[84.078,25.694],[84.1025,25.7185],[84.176,25.72],[84.2255,25.6625],[84.287,25.66],[84.3265,25.6705],[84.3325,25.7315],[84.3625,25.742],[84.5245,25.6765],[84.5665,25.6985],[84.5635,25.735],[84.6385,25.727],[84.6085,25.759],[84.6285,25.7925],[84.555,25.84],[84.537,25.876],[84.454,25.888]]]},"properties":{"shapeName":"Ballia"}},
{"type":"Feature","geometry":{"type":"Polygon","coordinates":[[[80.028,26.954],[80.0005,26.9605],[79.953,26.918],[79.9295,26.8535],[79.897,26.8235],[79.9425,26.796],[80.004,26.6825],[80.0275,26.6065],[80.099,26.5875],[80.1835,26.496],[80.1415,26.439],[80.146,26.3555],[80.1825,26.312],[80.126,26.2525],[80.1025,26.2725],[80.0135,26.2525],[80.0075,26.188],[79.9685,26.152],[79.9575,26.083],[79.97,26.071],[80.0955,26.078],[80.1135,26.055],[80.085,25.9985],[80.237,25.9225],[80.2175,25.972],[80.2485,25.9905],[80.2635,26.0485],[80.3025,26.0605],[80.3245,26.1135],[80.4315,26.154],[80.4505,26.18],[80.5215,26.188],[80.5675,26.227],[80.5335,26.3575],[80.4045,26.4415],[80.4,26.464],[80.348,26.486],[80.297,26.548],[80.3045,26.606],[80.2335,26.6875],[80.187,26.687],[80.1335,26.743],[80.1055,26.838],[80.107,26.8715],[80.052,26.919],[80.028,26.954]]]},"properties":{"shapeName":"Kanpur Nagar"}},
{"type":"Feature","geometry":{"type":"Polygon","coordinates":[[[82.672,25.2485],[82.6935,25.3085],[82.6825,25.353],[82.6935,25.3945],[82.648,25.398],[82.5995,25.422],[82.5855,25.453],[82.515,25.442],[82.503,25.475],[82.4145,25.5045],[82.353,25.5145],[82.3305,25.536],[82.3055,25.4955],[82.3105,25.4615],[82.3535,25.419],[82.318,25.3975],[82.3195,25.3405],[82.2905,25.3],[82.2215,25.2735],[82.1995,25.233],[82.205,25.1905],[82.269,25.1825],[82.2445,25.2145],[82.26,25.2645],[82.2945,25.274],[82.3255,25.222],[82.361,25.2145],[82.4015,25.26],[82.467,25.2235],[82.4765,25.247],[82.539,25.239],[82.6445,25.258],[82.672,25.2485]]]},"properties":{"shapeName":"Sant Ravidas Nagar (Bhadohi)"}},
{"type":"Feature","geometry":{"type":"Polygon","coordinates":[[[82.4795,27.156],[82.5495,27.109],[82.5675,27.0755],[82.6225,27.099],[82.6305,27.1245],[82.708,27.104],[82.759,27.105],[82.7985,27.074],[82.881,27.035],[82.9475,27.0205],[82.9865,27.073],[83.0345,27.096],[83.1275,27.1015],[83.13,27.1415],[83.1675,27.2175],[83.2925,27.3365],[83.2725,27.3835],[83.1645,27.4575],[83.034,27.449],[82.9545,27.468],[82.9295,27.501],[82.74,27.5025],[82.7215,27.471],[82.7605,27.432],[82.669,27.4065],[82.62,27.4195],[82.5745,27.409],[82.543,27.372],[82.4935,27.3595],[82.4695,27.3105],[82.488,27.2575],[82.483,27.219],[82.4295,27.2195],[82.411,27.185],[82.4795,27.156]]]},"properties":{"shapeName":"Siddharthnagar"}},
{"type":"Feature","geometry":{"type":"Polygon","coordinates":[[[79.338,26.9385],[79.34,26.872],[79.327,26.7885],[79.3395,26.735],[79.3,26.693],[79.3165,26.652],[79.2595,26.619],[79.233,26.5395],[79.2595,26.5355],[79.289,26.4825],[79.2335,26.428],[79.293,26.4425],[79.342,26.4015],[79.4365,26.4315],[79.4825,26.425],[79.504,26.364],[79.563,26.4095],[79.5995,26.4805],[79.64,26.508],[79.643,26.6065],[79.675,26.6145],[79.7235,26.6655],[79.722,26.751],[79.7595,26.7835],[79.7265,26.802],[79.6655,26.865],[79.611,26.892],[79.561,26.8605],[79.4605,26.903],[79.452,26.9285],[79.338,26.9385]]]},"properties":{"shapeName":"Auraiya"}},
{"type":"Feature","geometry":{"type":"Polygon","coordinates":[[[82.8245,26.57],[82.8735,26.5375],[82.917,26.5325],[82.944,26.507],[83.0245,26.474],[83.0705,26.408],[83.096,26.425],[83.0965,26.484],[83.1975,26.517],[83.155,26.5425],[83.1285,26.659],[83.0855,26.7005],[83.134,26.728],[83.1125,26.7665],[83.1145,26.812],[83.136,26.87],[83.217,26.884],[83.209,26.9545],[83.2265,26.979],[83.207,27.017],[83.153,27.011],[83.133,27.0465],[83.1275,27.1015],[83.0345,27.096],[82.9865,27.073],[82.9475,27.0205],[82.881,27.035],[82.8745,26.978],[82.8475,26.9355],[82.849,26.872],[82.807,26.8435],[82.861,26.784],[82.942,26.732],[82.951,26.673],[82.9025,26.6435],[82.8245,26.57]]]},"properties":{"shapeName":"Sant Kabir Nagar"}},
{"type":"Feature","geometry":{"type":"Polygon","coordinates":[[[81.55,25.29],[81.6365,25.351],[81.6615,25.38],[81.655,25.421],[81.6735,25.499],[81.649,25.5785],[81.6145,25.593],[81.5695,25.568],[81.534,25.6165],[81.4705,25.6325],[81.369,25.712],[81.403,25.7425],[81.337,25.8105],[81.294,25.7685],[81.2015,25.7195],[81.226,25.595],[81.263,25.5445],[81.2195,25.447],[81.193,25.4525],[81.1515,25.4255],[81.1515,25.397],[81.258,25.334],[81.343,25.347],[81.4,25.3275],[81.3895,25.272],[81.4605,25.259],[81.55,25.29]]]},"properties":{"shapeName":"Kaushambi"}},
{"type":"Feature","geometry":{"type":"Polygon","coordinates":[[[78.936,25.95],[78.966,25.9365],[79.0295,25.9415],[79.0585,25.9065],[79.041,25.868],[79.0985,25.8615],[79.1185,25.8245],[79.214,25.79],[79.244,25.807],[79.3205,25.7695],[79.3985,25.7965],[79.445,25.7885],[79.46,25.824],[79.5085,25.8565],[79.617,25.903],[79.611,25.929],[79.699,25.9455],[79.7345,25.923],[79.821,25.8975],[79.893,25.9655],[79.955,26.007],[79.947,26.0575],[79.922,26.091],[79.8685,26.1145],[79.8395,26.101],[79.787,26.1085],[79.746,26.1445],[79.7305,26.1845],[79.659,26.2085],[79.6525,26.2425],[79.5495,26.2755],[79.5265,26.3425],[79.504,26.364],[79.4825,26.425],[79.4365,26.4315],[79.342,26.4015],[79.293,26.4425],[79.2335,26.428],[79.136,26.4395],[79.0895,26.4],[79.1255,26.348],[79.107,26.309],[79.0555,26.265],[79.0495,26.224],[79.011,26.1915],[79.0095,26.1495],[78.9515,26.134],[79.0115,26.0765],[78.953,26.0315],[78.936,25.95]]]},"properties":{"shapeName":"Jalaun"}},
{"type":"Feature","geometry":{"type":"Polygon","coordinates":[[[82.672,25.2485],[82.7105,25.263],[82.7575,25.244],[82.817,25.2575],[82.81,25.1885],[82.8625,25.1755],[82.8715,25.2],[82.919,25.2135],[82.988,25.203],[83.034,25.2415],[83.049,25.282],[83.017,25.3035],[83.09,25.3305],[83.1385,25.317],[83.176,25.353],[83.191,25.419],[83.1305,25.444],[83.1795,25.5105],[83.089,25.492],[83.0725,25.551],[83.0215,25.5755],[82.965,25.527],[82.93,25.57],[82.7985,25.552],[82.7795,25.529],[82.7345,25.5455],[82.6885,25.43],[82.6935,25.3945],[82.6825,25.353],[82.6935,25.3085],[82.672,25.2485]]]},"properties":{"shapeName":"Varanasi"}},
{"type":"Feature","geometry":{"type":"Polygon","coordinates":[[[82.054,26.0595],[81.965,26.0785],[81.933,26.052],[81.885,26.0805],[81.8615,26.0465],[81.787,26.0265],[81.7705,26.068],[81.685,26.1175],[81.6195,26.1785],[81.6125,26.1525],[81.5415,26.119],[81.564,26.064],[81.5495,26.0335],[81.572,25.9735],[81.5105,25.9555],[81.488,25.931],[81.448,25.937],[81.4125,25.8965],[81.3355,25.87],[81.337,25.8105],[81.403,25.7425],[81.369,25.712],[81.4705,25.6325],[81.534,25.6165],[81.5695,25.568],[81.6145,25.593],[81.664,25.6135],[81.751,25.6685],[81.755,25.7335],[81.806,25.749],[81.8255,25.7255],[81.908,25.7125],[81.946,25.74],[82.021,25.7435],[82.028,25.6965],[82.1105,25.654],[82.156,25.6795],[82.197,25.7395],[82.1785,25.825],[82.2585,25.834],[82.2965,25.892],[82.3465,25.915],[82.3685,25.979],[82.4235,25.978],[82.4325,26.009],[82.378,26.031],[82.357,26.0075],[82.32,26.0405],[82.248,26.057],[82.2035,26.015],[82.187,26.0415],[82.1065,26.075],[82.054,26.0595]]]},"properties":{"shapeName":"Pratapgarh"}},
{"type":"Feature","geometry":{"type":"Polygon","coordinates":[[[79.9685,26.152],[79.922,26.091],[79.947,26.0575],[79.955,26.007],[79.893,25.9655],[79.821,25.8975],[79.7345,25.923],[79.699,25.9455],[79.611,25.929],[79.617,25.903],[79.5085,25.8565],[79.46,25.824],[79.445,25.7885],[79.3985,25.7965],[79.376,25.7465],[79.386,25.6885],[79.362,25.6465],[79.411,25.5455],[79.3895,25.522],[79.5355,25.4835],[79.6045,25.496],[79.6425,25.4845],[79.6605,25.542],[79.7145,25.5665],[79.744,25.547],[79.8275,25.5915],[79.8665,25.5695],[79.914,25.597],[79.9755,25.595],[80.02,25.5385],[80.0605,25.55],[80.0875,25.5125],[80.1945,25.466],[80.2245,25.5075],[80.215,25.5545],[80.2765,25.62],[80.3175,25.645],[80.3045,25.6935],[80.348,25.717],[80.2625,25.806],[80.302,25.8435],[80.353,25.87],[80.3505,25.899],[80.3015,25.8935],[80.272,25.931],[80.237,25.9225],[80.085,25.9985],[80.1135,26.055],[80.0955,26.078],[79.97,26.071],[79.9575,26.083],[79.9685,26.152]]]},"properties":{"shapeName":"Hamirpur"}},
{"type":"Feature","geometry":{"type":"Polygon","coordinates":[[[81.508,27.059],[81.582,27.011],[81.6545,27.0045],[81.658,26.9625],[81.729,26.956],[81.718,26.9205],[81.7555,26.885],[81.805,26.864],[81.844,26.838],[81.891,26.829],[81.92,26.789],[81.9775,26.7785],[82.0395,26.8065],[82.092,26.81],[82.142,26.832],[82.1855,26.8315],[82.225,26.8075],[82.2435,26.9345],[82.321,26.976],[82.36,26.9315],[82.399,26.947],[82.4875,26.905],[82.52,26.9525],[82.5635,26.965],[82.5905,27.0015],[82.5585,27.057],[82.5675,27.0755],[82.5495,27.109],[82.4795,27.156],[82.4425,27.129],[82.412,27.078],[82.339,27.054],[82.2585,27.151],[82.2175,27.179],[82.239,27.223],[82.2875,27.199],[82.315,27.218],[82.279,27.2755],[82.1165,27.37],[82.0775,27.4105],[81.9805,27.437],[81.933,27.4205],[81.91,27.3665],[81.9215,27.3305],[81.8495,27.3245],[81.8365,27.2795],[81.7325,27.3305],[81.699,27.263],[81.6705,27.239],[81.6325,27.1375],[81.57,27.1235],[81.5165,27.083],[81.508,27.059]]]},"properties":{"shapeName":"Gonda"}},
{"type":"Feature","geometry":{"type":"Polygon","coordinates":[[[79.7595,26.7835],[79.722,26.751],[79.7235,26.6655],[79.675,26.6145],[79.643,26.6065],[79.64,26.508],[79.5995,26.4805],[79.563,26.4095],[79.504,26.364],[79.5265,26.3425],[79.5495,26.2755],[79.6525,26.2425],[79.659,26.2085],[79.7305,26.1845],[79.746,26.1445],[79.787,26.1085],[79.8395,26.101],[79.8685,26.1145],[79.922,26.091],[79.9685,26.152],[80.0075,26.188],[80.0135,26.2525],[80.1025,26.2725],[80.126,26.2525],[80.1825,26.312],[80.146,26.3555],[80.1415,26.439],[80.1835,26.496],[80.099,26.5875],[80.0275,26.6065],[80.004,26.6825],[79.9425,26.796],[79.897,26.8235],[79.8605,26.827],[79.847,26.775],[79.7595,26.7835]]]},"properties":{"shapeName":"Kanpur Dehat"}},
{"type":"Feature","geometry":{"type":"Polygon","coordinates":[[[82.4325,26.009],[82.4235,25.978],[82.3685,25.979],[82.3465,25.915],[82.2965,25.892],[82.2585,25.834],[82.1785,25.825],[82.197,25.7395],[82.156,25.6795],[82.121,25.6435],[82.1825,25.5815],[82.2525,25.5795],[82.3305,25.536],[82.353,25.5145],[82.4145,25.5045],[82.503,25.475],[82.515,25.442],[82.5855,25.453],[82.5995,25.422],[82.648,25.398],[82.6935,25.3945],[82.6885,25.43],[82.7345,25.5455],[82.7795,25.529],[82.7985,25.552],[82.93,25.57],[82.965,25.527],[83.0215,25.5755],[83.0725,25.551],[83.083,25.57],[83.067,25.6515],[83.075,25.683],[83.0045,25.7085],[82.986,25.6795],[82.946,25.7045],[82.899,25.773],[82.8355,25.7665],[82.7865,25.8255],[82.758,25.837],[82.7755,25.8815],[82.7275,25.9895],[82.7215,26.042],[82.681,26.107],[82.6825,26.1515],[82.601,26.196],[82.5665,26.1415],[82.445,26.133],[82.437,26.103],[82.467,26.0745],[82.485,26.001],[82.4325,26.009]]]},"properties":{"shapeName":"Jaunpur"}},
{"type":"Feature","geometry":{"type":"Polygon","coordinates":[[[81.4125,27.3365],[81.377,27.2695],[81.321,27.2735],[81.297,27.337],[81.255,27.3185],[81.2445,27.284],[81.184,27.246],[81.119,27.2745],[81.0775,27.228],[81.0055,27.2265],[80.9705,27.24],[80.9295,27.159],[81.0125,27.1405],[81.052,27.09],[81,27.075],[81,27],[81.0305,26.9855],[81.0435,26.939],[81.0825,26.909],[81.1265,26.836],[81.157,26.814],[81.1595,26.7755],[81.189,26.7615],[81.219,26.706],[81.1675,26.6435],[81.166,26.5925],[81.1905,26.6045],[81.344,26.544],[81.3835,26.587],[81.4165,26.5645],[81.462,26.571],[81.4885,26.54],[81.536,26.541],[81.568,26.5875],[81.561,26.642],[81.5485,26.6645],[81.6005,26.701],[81.5625,26.767],[81.5815,26.8275],[81.6415,26.8185],[81.7525,26.866],[81.805,26.864],[81.7555,26.885],[81.718,26.9205],[81.729,26.956],[81.658,26.9625],[81.6545,27.0045],[81.582,27.011],[81.508,27.059],[81.4525,27.122],[81.437,27.2615],[81.444,27.309],[81.4125,27.3365]]]},"properties":{"shapeName":"Bara Banki"}},
{"type":"Feature","geometry":{"type":"Polygon","coordinates":[[[80.1045,25.347],[80.1415,25.411],[80.1395,25.4565],[80.1945,25.466],[80.0875,25.5125],[80.0605,25.55],[80.02,25.5385],[79.9755,25.595],[79.914,25.597],[79.8665,25.5695],[79.8275,25.5915],[79.744,25.547],[79.7145,25.5665],[79.6605,25.542],[79.6425,25.4845],[79.6045,25.496],[79.5355,25.4835],[79.3895,25.522],[79.3695,25.466],[79.333,25.4315],[79.342,25.4025],[79.3,25.376],[79.2855,25.3205],[79.3495,25.321],[79.338,25.2855],[79.372,25.257],[79.442,25.237],[79.3915,25.162],[79.394,25.114],[79.4535,25.1045],[79.49,25.0765],[79.562,25.167],[79.6015,25.141],[79.675,25.118],[79.7595,25.1335],[79.826,25.1055],[79.8685,25.138],[79.88,25.2485],[79.925,25.2395],[79.9425,25.2605],[80.005,25.2645],[80.036,25.3395],[80.1045,25.347]]]},"properties":{"shapeName":"Mahoba"}},
{"type":"Feature","geometry":{"type":"Polygon","coordinates":[[[83.863,27.3465],[83.83,27.3705],[83.615,27.4695],[83.389,27.4795],[83.4055,27.419],[83.3525,27.34],[83.2925,27.3365],[83.1675,27.2175],[83.13,27.1415],[83.163,27.1285],[83.1775,27.0875],[83.3225,27.0535],[83.3415,27.0915],[83.402,27.0725],[83.3315,26.981],[83.447,26.975],[83.5445,26.8805],[83.5715,26.933],[83.6265,26.93],[83.7285,26.9535],[83.76,27.0855],[83.8055,27.117],[83.81,27.1845],[83.8435,27.248],[83.842,27.286],[83.874,27.297],[83.908,27.276],[83.918,27.327],[83.8645,27.308],[83.863,27.3465]]]},"properties":{"shapeName":"Mahrajganj"}},
{"type":"Feature","geometry":{"type":"Polygon","coordinates":[[[82.3015,24.604],[82.3405,24.6215],[82.394,24.5955],[82.4195,24.6385],[82.408,24.6785],[82.43,24.7],[82.491,24.669],[82.525,24.6735],[82.55,24.695],[82.5475,24.808],[82.583,24.8305],[82.6275,24.7885],[82.659,24.785],[82.7255,24.8185],[82.8255,24.8545],[82.907,24.8345],[82.955,24.8395],[83.0005,24.9045],[83.0715,24.9235],[83.0705,25.0675],[83.1315,25.061],[83.1365,25.113],[83.1675,25.1355],[83.169,25.187],[83.077,25.211],[83.034,25.2415],[82.988,25.203],[82.919,25.2135],[82.8715,25.2],[82.8625,25.1755],[82.81,25.1885],[82.817,25.2575],[82.7575,25.244],[82.7105,25.263],[82.672,25.2485],[82.6445,25.258],[82.539,25.239],[82.4765,25.247],[82.467,25.2235],[82.4015,25.26],[82.361,25.2145],[82.3255,25.222],[82.2945,25.274],[82.26,25.2645],[82.2445,25.2145],[82.269,25.1825],[82.3275,25.076],[82.297,25.05],[82.307,25.022],[82.2645,24.967],[82.242,24.9635],[82.169,24.891],[82.1385,24.884],[82.0845,24.833],[82.1085,24.8075],[82.2135,24.784],[82.2525,24.708],[82.3055,24.6515],[82.3015,24.604]]]},"properties":{"shapeName":"Mirzapur"}},
{"type":"Feature","geometry":{"type":"Polygon","coordinates":[[[83.908,27.276],[83.874,27.297],[83.842,27.286],[83.8435,27.248],[83.81,27.1845],[83.8055,27.117],[83.76,27.0855],[83.7285,26.9535],[83.6265,26.93],[83.5715,26.933],[83.5445,26.8805],[83.5605,26.836],[83.62,26.7535],[83.6315,26.657],[83.683,26.7],[83.716,26.6865],[83.7915,26.707],[83.812,26.7465],[83.8745,26.7475],[83.907,26.691],[83.961,26.6715],[83.9695,26.6235],[84.011,26.5765],[84.058,26.548],[84.094,26.608],[84.0895,26.638],[84.161,26.636],[84.281,26.597],[84.306,26.6135],[84.3795,26.613],[84.4195,26.631],[84.4115,26.669],[84.3345,26.682],[84.307,26.7505],[84.2515,26.7285],[84.234,26.7545],[84.2615,26.806],[84.238,26.867],[84.14,26.8525],[84.1315,26.89],[84.0615,26.889],[84.0445,26.946],[84.059,26.988],[84.034,27.042],[83.9645,27.083],[83.948,27.108],[83.995,27.1785],[83.958,27.235],[83.912,27.249],[83.908,27.276]]]},"properties":{"shapeName":"Kushinagar"}},
{"type":"Feature","geometry":{"type":"Polygon","coordinates":[[[84.058,26.548],[84.011,26.5765],[83.9695,26.6235],[83.961,26.6715],[83.907,26.691],[83.8745,26.7475],[83.812,26.7465],[83.7915,26.707],[83.716,26.6865],[83.683,26.7],[83.6315,26.657],[83.602,26.5145],[83.5005,26.4945],[83.4795,26.462],[83.535,26.384],[83.5785,26.3715],[83.6235,26.3225],[83.6675,26.314],[83.6435,26.275],[83.6345,26.223],[83.7415,26.2625],[83.7905,26.2295],[83.811,26.191],[83.8635,26.185],[83.8985,26.127],[83.9575,26.1315],[84.0575,26.0975],[84.0365,26.1605],[84.012,26.176],[84.034,26.2295],[84.0825,26.2225],[84.166,26.2585],[84.1855,26.3205],[84.1785,26.3615],[84.0705,26.3875],[84.0245,26.4395],[83.991,26.432],[83.9115,26.4475],[83.916,26.504],[83.9745,26.509],[84.058,26.548]]]},"properties":{"shapeName":"Deoria"}},
{"type":"Feature","geometry":{"type":"Polygon","coordinates":[[[80.052,26.919],[80.107,26.8715],[80.1055,26.838],[80.1335,26.743],[80.187,26.687],[80.2335,26.6875],[80.3045,26.606],[80.297,26.548],[80.348,26.486],[80.4,26.464],[80.4045,26.4415],[80.5335,26.3575],[80.5675,26.227],[80.6025,26.2245],[80.6145,26.1515],[80.6765,26.1215],[80.732,26.1765],[80.8195,26.213],[80.888,26.292],[80.832,26.349],[80.8465,26.3715],[80.9015,26.35],[80.939,26.357],[80.952,26.3075],[80.999,26.314],[81,26.3455],[81.038,26.3755],[81.0315,26.412],[80.985,26.4735],[81,26.535],[80.892,26.598],[80.8835,26.6315],[80.843,26.663],[80.795,26.6465],[80.7575,26.6865],[80.7295,26.656],[80.6995,26.689],[80.697,26.763],[80.738,26.776],[80.681,26.8605],[80.6275,26.889],[80.6005,26.984],[80.561,27.011],[80.463,26.977],[80.428,26.9415],[80.3845,26.9305],[80.3395,26.9485],[80.305,27.025],[80.2525,27.0265],[80.23,26.9705],[80.1745,26.9585],[80.109,26.992],[80.052,26.919]]]},"properties":{"shapeName":"Unnao"}},
{"type":"Feature","geometry":{"type":"Polygon","coordinates":[[[81.193,25.4525],[81.2195,25.447],[81.263,25.5445],[81.226,25.595],[81.2015,25.7195],[81.294,25.7685],[81.337,25.8105],[81.297,25.844],[81.2335,25.8615],[81.203,25.935],[81.1165,25.955],[81.072,25.997],[81.0415,26.0475],[81,26.0675],[80.9405,26.066],[80.8265,26.0305],[80.761,26.073],[80.7085,26.0865],[80.6765,26.1215],[80.6145,26.1515],[80.6025,26.2245],[80.5675,26.227],[80.5215,26.188],[80.4505,26.18],[80.4315,26.154],[80.3245,26.1135],[80.3025,26.0605],[80.2635,26.0485],[80.2485,25.9905],[80.2175,25.972],[80.237,25.9225],[80.272,25.931],[80.3015,25.8935],[80.3505,25.899],[80.3895,25.911],[80.457,25.8985],[80.557,25.8625],[80.536,25.8355],[80.482,25.8335],[80.4725,25.8065],[80.5235,25.777],[80.5765,25.783],[80.556,25.735],[80.6,25.7075],[80.72,25.681],[80.7965,25.696],[80.836,25.7275],[80.87,25.674],[80.937,25.6875],[80.948,25.621],[80.9715,25.6085],[81.02,25.633],[81.034,25.5925],[81.0225,25.5445],[81.0515,25.525],[81.151,25.5055],[81.1915,25.4875],[81.193,25.4525]]]},"properties":{"shapeName":"Fatehpur"}},
{"type":"Feature","geometry":{"type":"Polygon","coordinates":[[[83.51,26.278],[83.501,26.2295],[83.441,26.156],[83.449,26.1295],[83.391,26.064],[83.3495,26.034],[83.347,25.942],[83.391,25.916],[83.3395,25.8905],[83.3335,25.8475],[83.3555,25.8135],[83.402,25.837],[83.5875,25.8795],[83.676,25.875],[83.7325,25.8565],[83.7985,25.923],[83.7765,26.0005],[83.689,26.0095],[83.682,26.071],[83.7955,26.108],[83.7845,26.1645],[83.811,26.191],[83.7905,26.2295],[83.7415,26.2625],[83.6345,26.223],[83.51,26.278]]]},"properties":{"shapeName":"Mau"}},
{"type":"Feature","geometry":{"type":"Polygon","coordinates":[[[81,26.535],[80.985,26.4735],[81.0315,26.412],[81.038,26.3755],[81,26.3455],[80.999,26.314],[80.952,26.3075],[80.939,26.357],[80.9015,26.35],[80.8465,26.3715],[80.832,26.349],[80.888,26.292],[80.8195,26.213],[80.732,26.1765],[80.6765,26.1215],[80.7085,26.0865],[80.761,26.073],[80.8265,26.0305],[80.9405,26.066],[81,26.0675],[81.0415,26.0475],[81.072,25.997],[81.1165,25.955],[81.203,25.935],[81.2335,25.8615],[81.297,25.844],[81.337,25.8105],[81.3355,25.87],[81.4125,25.8965],[81.448,25.937],[81.488,25.931],[81.5105,25.9555],[81.572,25.9735],[81.5495,26.0335],[81.564,26.064],[81.5415,26.119],[81.6125,26.1525],[81.6195,26.1785],[81.612,26.22],[81.554,26.2055],[81.499,26.216],[81.4455,26.194],[81.367,26.219],[81.383,26.278],[81.431,26.312],[81.3995,26.391],[81.4135,26.418],[81.3765,26.446],[81.3855,26.477],[81.344,26.544],[81.1905,26.6045],[81.166,26.5925],[81.104,26.5625],[81.0515,26.502],[81,26.535]]]},"properties":{"shapeName":"Rae Bareli"}},
{"type":"Feature","geometry":{"type":"Polygon","coordinates":[[[81.9275,26.5115],[81.848,26.512],[81.8095,26.5375],[81.7345,26.543],[81.705,26.581],[81.6545,26.582],[81.584,26.6505],[81.561,26.642],[81.568,26.5875],[81.536,26.541],[81.4885,26.54],[81.462,26.571],[81.4165,26.5645],[81.3835,26.587],[81.344,26.544],[81.3855,26.477],[81.3765,26.446],[81.4135,26.418],[81.3995,26.391],[81.431,26.312],[81.383,26.278],[81.367,26.219],[81.4455,26.194],[81.499,26.216],[81.554,26.2055],[81.612,26.22],[81.6195,26.1785],[81.685,26.1175],[81.7705,26.068],[81.787,26.0265],[81.8615,26.0465],[81.885,26.0805],[81.933,26.052],[81.965,26.0785],[82.054,26.0595],[82.076,26.088],[82.0265,26.1685],[81.926,26.2195],[81.9045,26.253],[81.8475,26.2795],[81.837,26.3095],[81.879,26.378],[81.934,26.378],[81.949,26.414],[81.9275,26.5115]]]},"properties":{"shapeName":"Amethi"}},
{"type":"Feature","geometry":{"type":"Polygon","coordinates":[[[77.704,28.739],[77.718,28.7875],[77.694,28.875],[77.5945,28.8785],[77.559,28.8955],[77.4625,28.9055],[77.462,28.9205],[77.4245,28.88],[77.4085,28.7765],[77.364,28.8015],[77.3085,28.791],[77.288,28.8335],[77.2205,28.83],[77.2075,28.7885],[77.291,28.722],[77.296,28.7045],[77.324,28.676],[77.3305,28.631],[77.4845,28.6275],[77.541,28.615],[77.538,28.662],[77.6245,28.718],[77.671,28.707],[77.704,28.739]]]},"properties":{"shapeName":"Ghaziabad"}},
{"type":"Feature","geometry":{"type":"Polygon","coordinates":[[[77.8245,29.668],[77.7445,29.6035],[77.6975,29.6145],[77.667,29.574],[77.601,29.6225],[77.527,29.62],[77.4895,29.6325],[77.5005,29.6],[77.4785,29.543],[77.456,29.534],[77.4245,29.3855],[77.4395,29.3585],[77.3965,29.318],[77.3285,29.2785],[77.3255,29.2535],[77.383,29.236],[77.4115,29.245],[77.508,29.19],[77.59,29.256],[77.666,29.25],[77.6945,29.2235],[77.751,29.2145],[77.8045,29.1805],[77.8695,29.2225],[77.927,29.2085],[78.038,29.2615],[78.1375,29.2535],[78.1105,29.3235],[78.069,29.359],[78.066,29.402],[77.994,29.493],[77.9965,29.5375],[78.022,29.5555],[77.998,29.5925],[77.987,29.657],[77.9435,29.708],[77.8845,29.6985],[77.8245,29.668]]]},"properties":{"shapeName":"Muzaffarnagar"}},
{"type":"Feature","geometry":{"type":"Polygon","coordinates":[[[77.484,28.078],[77.573,28.0795],[77.6095,28.1085],[77.6745,28.1085],[77.6865,28.16],[77.6145,28.3005],[77.646,28.383],[77.62,28.4335],[77.6395,28.478],[77.6795,28.494],[77.6985,28.545],[77.6785,28.576],[77.541,28.615],[77.4845,28.6275],[77.3305,28.631],[77.3415,28.6055],[77.299,28.5755],[77.3435,28.5145],[77.3805,28.471],[77.4345,28.455],[77.478,28.419],[77.5055,28.3625],[77.473,28.3365],[77.5075,28.3055],[77.5055,28.2505],[77.55,28.1795],[77.512,28.1665],[77.513,28.1255],[77.484,28.078]]]},"properties":{"shapeName":"Gautam Buddha Nagar"}},
{"type":"Feature","geometry":{"type":"Polygon","coordinates":[[[77.5885,30.3775],[77.5835,30.307],[77.541,30.276],[77.481,30.184],[77.4355,30.164],[77.407,30.0875],[77.3835,30.0915],[77.335,30.0535],[77.2975,30.053],[77.2785,30],[77.23,29.9395],[77.1905,29.913],[77.2025,29.8685],[77.183,29.824],[77.1235,29.7505],[77.15,29.689],[77.3005,29.6705],[77.3425,29.645],[77.454,29.671],[77.4895,29.6325],[77.527,29.62],[77.601,29.6225],[77.667,29.574],[77.6975,29.6145],[77.7445,29.6035],[77.8245,29.668],[77.812,29.698],[77.7715,29.714],[77.783,29.7615],[77.717,29.881],[77.7495,29.977],[77.79,30.0215],[77.798,30.0765],[77.836,30.086],[77.912,30.176],[77.9205,30.2075],[77.9635,30.239],[77.849,30.2675],[77.7235,30.3265],[77.6925,30.372],[77.65,30.401],[77.5805,30.395],[77.5885,30.3775]]]},"properties":{"shapeName":"Saharanpur"}},
{"type":"Feature","geometry":{"type":"Polygon","coordinates":[[[79.136,26.4395],[79.2335,26.428],[79.289,26.4825],[79.2595,26.5355],[79.233,26.5395],[79.2595,26.619],[79.3165,26.652],[79.3,26.693],[79.3395,26.735],[79.327,26.7885],[79.34,26.872],[79.338,26.9385],[79.3275,26.9605],[79.3075,26.982],[79.1975,26.975],[79.193,27.0005],[79.0805,26.998],[79.0305,26.969],[78.975,26.9825],[78.831,26.9825],[78.771,26.9425],[78.749,26.914],[78.7835,26.865],[78.811,26.8685],[78.852,26.8095],[78.7945,26.7975],[78.78,26.7585],[78.8205,26.76],[78.8745,26.698],[78.913,26.7075],[79.0095,26.671],[78.991,26.5885],[79.007,26.5455],[79.042,26.5305],[79.0735,26.4815],[79.056,26.456],[79.136,26.4395]]]},"properties":{"shapeName":"Etawah"}},
{"type":"Feature","geometry":{"type":"Polygon","coordinates":[[[78.5485,26.7645],[78.5775,26.749],[78.685,26.788],[78.7495,26.7875],[78.78,26.7585],[78.7945,26.7975],[78.852,26.8095],[78.811,26.8685],[78.7835,26.865],[78.749,26.914],[78.677,26.917],[78.6765,26.8835],[78.5935,26.925],[78.5735,26.963],[78.4875,26.966],[78.422,27.05],[78.3645,27.0795],[78.2965,27.087],[78.2425,27.072],[78.209,27.105],[78.2205,27.1565],[78.207,27.2105],[78.223,27.2285],[78.2225,27.299],[78.2865,27.313],[78.2975,27.3825],[78.1985,27.403],[78.137,27.365],[78.0825,27.392],[78.073,27.335],[78.0435,27.346],[77.991,27.284],[77.951,27.283],[77.848,27.288],[77.781,27.2335],[77.702,27.252],[77.648,27.2415],[77.6635,27.17],[77.6235,27.169],[77.606,27.1235],[77.553,27.11],[77.574,27.0485],[77.6075,27.023],[77.666,27.017],[77.7125,26.9945],[77.5885,26.9255],[77.491,26.898],[77.426,26.8375],[77.4565,26.741],[77.529,26.8165],[77.617,26.829],[77.7245,26.8755],[77.7325,26.9175],[77.774,26.9325],[77.88,26.9],[77.9185,26.9085],[78.051,26.9095],[78.0955,26.8965],[78.1485,26.9505],[78.242,26.928],[78.2615,26.899],[78.214,26.8715],[78.219,26.8305],[78.2645,26.8145],[78.3035,26.8625],[78.3715,26.8655],[78.392,26.821],[78.435,26.8265],[78.46,26.7925],[78.5485,26.7645]]]},"properties":{"shapeName":"Agra"}},
{"type":"Feature","geometry":{"type":"Polygon","coordinates":[[[79.708,11.8885],[79.6905,11.883],[79.69,11.804],[79.6755,11.8075],[79.637,11.801],[79.5875,11.842],[79.5685,11.8395],[79.456,11.871],[79.485,11.808],[79.441,11.7835],[79.4665,11.768],[79.4365,11.7225],[79.4455,11.665],[79.3835,11.68],[79.2975,11.6355],[79.2585,11.651],[79.2115,11.6355],[79.1855,11.5875],[79.118,11.5995],[79.093,11.626],[79.0555,11.587],[79.0055,11.567],[78.9625,11.572],[78.922,11.557],[78.9055,11.5035],[78.8765,11.506],[78.9655,11.4025],[79.0345,11.3945],[79.1085,11.4025],[79.1455,11.3855],[79.1775,11.3745],[79.2345,11.393],[79.299,11.382],[79.2975,11.413],[79.3705,11.4205],[79.3925,11.4],[79.3955,11.356],[79.4385,11.358],[79.466,11.319],[79.499,11.305],[79.5145,11.2275],[79.4605,11.1505],[79.5255,11.183],[79.5995,11.2185],[79.644,11.284],[79.759,11.373],[79.8055,11.3835],[79.8135,11.419],[79.76,11.5485],[79.761,11.621],[79.797,11.789],[79.7545,11.7765],[79.7315,11.8365],[79.8075,11.8315],[79.809,11.837],[79.762,11.876],[79.7205,11.8635],[79.708,11.8885]]]},"properties":{"shapeName":"Cuddalore"}},
{"type":"Feature","geometry":{"type":"Polygon","coordinates":[[[78.991,9.9465],[79.0465,9.861],[79.1145,9.8475],[79.1265,9.892],[79.1545,9.932],[79.241,10.0225],[79.267,10.0375],[79.2265,10.1],[79.2295,10.1415],[79.1665,10.164],[79.145,10.2205],[79.1175,10.238],[79.1325,10.274],[79.1225,10.3085],[79.15,10.344],[79.1555,10.4],[79.1325,10.427],[79.154,10.4755],[79.1525,10.5295],[79.1925,10.562],[79.1285,10.6345],[79.0715,10.6375],[79.0645,10.6695],[78.984,10.684],[78.909,10.672],[78.872,10.707],[78.8215,10.6945],[78.798,10.6645],[78.76,10.6645],[78.743,10.709],[78.6895,10.733],[78.6375,10.708],[78.596,10.658],[78.57,10.68],[78.526,10.6745],[78.529,10.6285],[78.4845,10.6385],[78.457,10.608],[78.465,10.5435],[78.499,10.4855],[78.5505,10.516],[78.59,10.475],[78.585,10.444],[78.525,10.437],[78.4995,10.3875],[78.491,10.356],[78.506,10.2885],[78.4545,10.2665],[78.484,10.236],[78.467,10.207],[78.508,10.1885],[78.526,10.257],[78.573,10.2575],[78.5815,10.286],[78.628,10.2675],[78.635,10.2295],[78.7085,10.175],[78.7685,10.1655],[78.768,10.1945],[78.811,10.2125],[78.8175,10.1705],[78.86,10.127],[78.884,10.1545],[78.929,10.1155],[78.9725,10.122],[78.93,10.0475],[78.9405,10.0145],[78.996,9.992],[78.991,9.9465]]]},"properties":{"shapeName":"Pudukkottai"}},
{"type":"Feature","geometry":{"type":"Polygon","coordinates":[[[78.595,12.787],[78.615,12.743],[78.6625,12.7225],[78.736,12.818],[78.784,12.8525],[78.9255,12.916],[78.8975,12.864],[78.893,12.8255],[78.908,12.7775],[78.852,12.7655],[78.8405,12.7125],[78.773,12.681],[78.8165,12.634],[78.8595,12.6275],[78.899,12.6885],[78.9815,12.667],[78.996,12.704],[79.0345,12.6945],[79.0755,12.753],[79.1415,12.7585],[79.2065,12.7415],[79.2105,12.779],[79.2095,12.784],[79.1835,12.8195],[79.1925,12.893],[79.181,12.9185],[79.215,12.9565],[79.2715,12.9615],[79.2645,13.0145],[79.2285,13.0125],[79.187,13.0375],[79.1655,13.02],[79.066,13.0505],[78.992,13.089],[78.958,13.076],[78.813,13.0875],[78.758,13.0575],[78.7145,13.068],[78.7055,13.0165],[78.663,13.0295],[78.632,12.9855],[78.6375,12.931],[78.6035,12.8505],[78.595,12.787]]]},"properties":{"shapeName":"Vellore"}},
{"type":"Feature","geometry":{"type":"Polygon","coordinates":[[[80.19,13.0265],[80.1975,13.0285],[80.2235,12.967],[80.2665,12.9725],[80.304,13.1425],[80.243,13.1425],[80.2035,13.127],[80.1835,13.0485],[80.19,13.0265]]]},"properties":{"shapeName":"Chennai"}},
{"type":"Feature","geometry":{"type":"Polygon","coordinates":[[[79.806,10.903],[79.7375,10.9355],[79.6825,10.9215],[79.656,10.8835],[79.657,10.836],[79.711,10.7875],[79.668,10.656],[79.6645,10.5555],[79.693,10.524],[79.6905,10.4725],[79.651,10.4585],[79.6385,10.3395],[79.649,10.3175],[79.7765,10.2725],[79.87,10.2835],[79.884,10.3055],[79.865,10.441],[79.8545,10.634],[79.852,10.8245],[79.806,10.903]]]},"properties":{"shapeName":"Nagapattinam"}},
{"type":"Feature","geometry":{"type":"Polygon","coordinates":[[[79.8405,11.956],[79.8625,12.017],[79.835,12.0205],[79.8455,12.075],[79.886,12.0645],[80.0095,12.256],[79.9555,12.2325],[79.9005,12.2305],[79.843,12.2795],[79.83,12.309],[79.7835,12.341],[79.753,12.3255],[79.7185,12.337],[79.6855,12.3175],[79.645,12.3465],[79.5325,12.3695],[79.4505,12.379],[79.4025,12.4355],[79.3275,12.4505],[79.2485,12.4465],[79.227,12.402],[79.249,12.3795],[79.2575,12.2745],[79.2375,12.2705],[79.2355,12.198],[79.2145,12.167],[79.271,12.129],[79.2695,12.096],[79.236,12.063],[79.201,12.07],[79.1675,12.0325],[79.094,12.0315],[78.995,12.052],[79.0755,12.0045],[79.117,11.9995],[79.1355,11.97],[79.2135,11.9755],[79.2865,11.942],[79.2765,11.8755],[79.2375,11.8565],[79.3015,11.8275],[79.3695,11.815],[79.441,11.7835],[79.485,11.808],[79.456,11.871],[79.5685,11.8395],[79.5875,11.842],[79.637,11.801],[79.6755,11.8075],[79.69,11.804],[79.6905,11.883],[79.708,11.8885],[79.741,11.9115],[79.6945,11.9555],[79.721,11.995],[79.757,11.947],[79.8025,11.967],[79.8405,11.956]],[[79.6365,12.0265],[79.637,11.978],[79.656,11.907],[79.625,11.9015],[79.616,11.986],[79.6365,12.0265]]]},"properties":{"shapeName":"Viluppuram"}},
{"type":"Feature","geometry":{"type":"Polygon","coordinates":[[[79.645,12.3465],[79.6855,12.3175],[79.7185,12.337],[79.753,12.3255],[79.7835,12.341],[79.83,12.309],[79.843,12.2795],[79.9005,12.2305],[79.9555,12.2325],[80.0095,12.256],[80.03,12.2955],[80.155,12.462],[80.1675,12.5285],[80.2555,12.782],[80.249,12.8505],[80.2665,12.9725],[80.2235,12.967],[80.1975,13.0285],[80.18,12.999],[80.1225,12.9835],[80.055,12.8795],[80.052,12.8335],[79.953,12.7855],[79.9065,12.793],[79.9155,12.7455],[79.9485,12.702],[79.9175,12.692],[79.9265,12.6385],[79.8135,12.612],[79.798,12.564],[79.7475,12.531],[79.757,12.5195],[79.736,12.429],[79.664,12.384],[79.645,12.3465]]]},"properties":{"shapeName":"Kancheepuram"}},
{"type":"Feature","geometry":{"type":"Polygon","coordinates":[[[77.0965,8.2905],[77.222,8.197],[77.2375,8.174],[77.298,8.143],[77.449,8.0935],[77.551,8.0775],[77.561,8.1215],[77.592,8.1425],[77.563,8.159],[77.545,8.21],[77.5675,8.2815],[77.5455,8.394],[77.4935,8.3815],[77.4655,8.4295],[77.473,8.4575],[77.448,8.4995],[77.3815,8.523],[77.34,8.5535],[77.271,8.581],[77.285,8.5475],[77.267,8.511],[77.2105,8.4975],[77.2085,8.444],[77.1735,8.387],[77.1695,8.331],[77.142,8.332],[77.0965,8.2905]]]},"properties":{"shapeName":"Kanniyakumari"}},
{"type":"Feature","geometry":{"type":"Polygon","coordinates":[[[78.2835,9.2765],[78.226,9.2975],[78.1765,9.3385],[78.1705,9.3695],[78.079,9.3585],[78.0435,9.365],[78.046,9.306],[78.0125,9.2745],[77.958,9.251],[77.9225,9.203],[77.882,9.2075],[77.8825,9.244],[77.7735,9.2375],[77.7435,9.2675],[77.739,9.21],[77.708,9.1875],[77.6795,9.106],[77.71,9.072],[77.6955,9.0325],[77.7245,9.0015],[77.7025,8.927],[77.763,8.9245],[77.7635,8.889],[77.7975,8.8835],[77.841,8.8165],[77.8185,8.7725],[77.828,8.734],[77.784,8.583],[77.8135,8.57],[77.832,8.489],[77.835,8.4325],[77.8615,8.4005],[77.851,8.364],[77.893,8.3255],[77.9775,8.336],[78.068,8.373],[78.0725,8.429],[78.1305,8.4965],[78.1225,8.5255],[78.1385,8.5875],[78.129,8.6115],[78.1375,8.6915],[78.1615,8.7335],[78.168,8.875],[78.2165,8.9665],[78.3045,9.0265],[78.39,9.096],[78.3245,9.1325],[78.2765,9.1425],[78.273,9.2035],[78.2835,9.2765]]]},"properties":{"shapeName":"Thoothukkudi"}},
{"type":"Feature","geometry":{"type":"Polygon","coordinates":[[[82.1085,24.8075],[82.0845,24.833],[82.1385,24.884],[82.169,24.891],[82.242,24.9635],[82.2645,24.967],[82.307,25.022],[82.297,25.05],[82.3275,25.076],[82.269,25.1825],[82.205,25.1905],[82.1995,25.233],[82.2215,25.2735],[82.2905,25.3],[82.3195,25.3405],[82.318,25.3975],[82.3535,25.419],[82.3105,25.4615],[82.3055,25.4955],[82.3305,25.536],[82.2525,25.5795],[82.1825,25.5815],[82.121,25.6435],[82.156,25.6795],[82.1105,25.654],[82.028,25.6965],[82.021,25.7435],[81.946,25.74],[81.908,25.7125],[81.8255,25.7255],[81.806,25.749],[81.755,25.7335],[81.751,25.6685],[81.664,25.6135],[81.6145,25.593],[81.649,25.5785],[81.6735,25.499],[81.655,25.421],[81.6615,25.38],[81.6365,25.351],[81.55,25.29],[81.5645,25.239],[81.526,25.235],[81.5435,25.183],[81.572,25.189],[81.6005,25.133],[81.656,25.067],[81.709,25.032],[81.7475,25.031],[81.793,25.002],[81.8365,25.0145],[81.9095,24.9775],[81.92,24.917],[81.9095,24.8785],[81.946,24.8385],[82.013,24.848],[82.1085,24.8075]]]},"properties":{"shapeName":"Allahabad"}},
{"type":"Feature","geometry":{"type":"Polygon","coordinates":[[[83.543,25.3135],[83.549,25.348],[83.5045,25.4065],[83.4135,25.487],[83.34,25.4635],[83.284,25.507],[83.2005,25.532],[83.1795,25.5105],[83.1305,25.444],[83.191,25.419],[83.176,25.353],[83.1385,25.317],[83.09,25.3305],[83.017,25.3035],[83.049,25.282],[83.034,25.2415],[83.077,25.211],[83.169,25.187],[83.1675,25.1355],[83.1365,25.113],[83.1315,25.061],[83.0705,25.0675],[83.0715,24.9235],[83.1,24.811],[83.09,24.78],[83.187,24.715],[83.2285,24.7315],[83.289,24.7295],[83.3305,24.7695],[83.395,24.783],[83.3985,24.8315],[83.3595,24.9015],[83.365,24.954],[83.3315,25.0465],[83.3605,25.15],[83.358,25.197],[83.3935,25.204],[83.4175,25.2475],[83.4685,25.25],[83.543,25.3135]]]},"properties":{"shapeName":"Chandauli"}},
{"type":"Feature","geometry":{"type":"Polygon","coordinates":[[[79.2855,25.3205],[79.3,25.376],[79.342,25.4025],[79.333,25.4315],[79.3695,25.466],[79.3895,25.522],[79.411,25.5455],[79.362,25.6465],[79.386,25.6885],[79.376,25.7465],[79.3985,25.7965],[79.3205,25.7695],[79.244,25.807],[79.214,25.79],[79.1185,25.8245],[79.0985,25.8615],[79.041,25.868],[79.0585,25.9065],[79.0295,25.9415],[78.966,25.9365],[78.936,25.95],[78.8845,25.9105],[78.849,25.8155],[78.808,25.794],[78.769,25.7155],[78.8195,25.6695],[78.8025,25.6125],[78.685,25.589],[78.6565,25.5605],[78.598,25.57],[78.555,25.5595],[78.488,25.575],[78.4445,25.5595],[78.4165,25.528],[78.427,25.4855],[78.3835,25.445],[78.355,25.45],[78.34,25.3995],[78.3035,25.36],[78.3385,25.332],[78.362,25.241],[78.403,25.2165],[78.3925,25.1905],[78.4495,25.1525],[78.4505,25.124],[78.534,25.183],[78.5585,25.212],[78.576,25.253],[78.5285,25.283],[78.5435,25.3425],[78.58,25.341],[78.6065,25.411],[78.661,25.438],[78.708,25.421],[78.6625,25.3815],[78.726,25.341],[78.7765,25.3505],[78.749,25.3915],[78.773,25.425],[78.734,25.4555],[78.7975,25.4785],[78.8375,25.452],[78.8685,25.463],[78.8495,25.511],[78.8865,25.513],[78.8845,25.5515],[78.9355,25.552],[78.946,25.48],[78.91,25.4425],[78.97,25.402],[78.8825,25.3835],[78.8235,25.309],[78.789,25.2935],[78.8525,25.2255],[78.8825,25.283],[78.8675,25.3095],[78.9235,25.3395],[78.9595,25.3135],[78.9575,25.28],[78.9195,25.2715],[78.8725,25.1845],[78.8865,25.155],[78.956,25.2165],[79.0745,25.1675],[79.146,25.112],[79.285,25.1145],[79.3255,25.147],[79.284,25.2065],[79.27,25.263],[79.2855,25.3205]]]},"properties":{"shapeName":"Jhansi"}},
{"type":"Feature","geometry":{"type":"Polygon","coordinates":[[[80.4765,24.9705],[80.501,25.0035],[80.5515,24.999],[80.5545,25.06],[80.6125,25.092],[80.723,25.064],[80.689,25.131],[80.7205,25.1895],[80.7675,25.2055],[80.7515,25.2515],[80.783,25.2625],[80.78,25.33],[80.8645,25.3745],[80.888,25.42],[80.944,25.4695],[80.988,25.4775],[81.027,25.504],[81.0225,25.5445],[81.034,25.5925],[81.02,25.633],[80.9715,25.6085],[80.948,25.621],[80.937,25.6875],[80.87,25.674],[80.836,25.7275],[80.7965,25.696],[80.72,25.681],[80.6,25.7075],[80.556,25.735],[80.5765,25.783],[80.5235,25.777],[80.4725,25.8065],[80.482,25.8335],[80.536,25.8355],[80.557,25.8625],[80.457,25.8985],[80.3895,25.911],[80.3505,25.899],[80.353,25.87],[80.302,25.8435],[80.2625,25.806],[80.348,25.717],[80.3045,25.6935],[80.3175,25.645],[80.2765,25.62],[80.215,25.5545],[80.2245,25.5075],[80.1945,25.466],[80.1395,25.4565],[80.1415,25.411],[80.1045,25.347],[80.1355,25.3365],[80.1995,25.4015],[80.256,25.398],[80.28,25.418],[80.3175,25.385],[80.323,25.308],[80.3855,25.2345],[80.406,25.241],[80.4335,25.175],[80.357,25.136],[80.3535,25.0545],[80.2755,25.0235],[80.3225,24.9995],[80.376,25.0215],[80.394,25.061],[80.4765,24.9705]]]},"properties":{"shapeName":"Banda"}},
{"type":"Feature","geometry":{"type":"Polygon","coordinates":[[[82.8055,23.961],[82.8285,23.964],[82.898,23.904],[82.9615,23.8725],[83.044,23.8825],[83.0685,23.875],[83.135,23.8895],[83.197,23.9205],[83.2235,23.989],[83.2855,24.024],[83.2985,24.0735],[83.331,24.101],[83.3565,24.126],[83.4095,24.2655],[83.3835,24.3135],[83.442,24.347],[83.4375,24.403],[83.4065,24.411],[83.389,24.4545],[83.401,24.5005],[83.5055,24.5285],[83.5225,24.5475],[83.5255,24.6025],[83.5055,24.6505],[83.521,24.678],[83.488,24.7365],[83.461,24.732],[83.395,24.783],[83.3305,24.7695],[83.289,24.7295],[83.2285,24.7315],[83.187,24.715],[83.09,24.78],[83.1,24.811],[83.0715,24.9235],[83.0005,24.9045],[82.955,24.8395],[82.907,24.8345],[82.8255,24.8545],[82.7255,24.8185],[82.659,24.785],[82.6275,24.7885],[82.583,24.8305],[82.5475,24.808],[82.55,24.695],[82.525,24.6735],[82.542,24.6455],[82.666,24.6985],[82.73,24.6325],[82.776,24.639],[82.7715,24.5965],[82.805,24.5945],[82.809,24.5465],[82.757,24.535],[82.7235,24.5525],[82.7345,24.4255],[82.715,24.384],[82.7725,24.3465],[82.757,24.2345],[82.735,24.222],[82.746,24.163],[82.7295,24.1325],[82.673,24.15],[82.667,24.121],[82.7685,24.0475],[82.8055,23.961]]]},"properties":{"shapeName":"Sonbhadra"}},
{"type":"Feature","geometry":{"type":"Polygon","coordinates":[[[78.2675,24.4495],[78.369,24.374],[78.3325,24.3255],[78.3925,24.269],[78.4415,24.2935],[78.5065,24.39],[78.5855,24.353],[78.624,24.292],[78.7055,24.2305],[78.7595,24.2395],[78.7915,24.181],[78.8175,24.2045],[78.865,24.2095],[78.917,24.269],[78.9195,24.315],[78.974,24.3495],[78.9925,24.418],[78.988,24.443],[78.9515,24.439],[78.9515,24.547],[78.9165,24.582],[78.889,24.6355],[78.8375,24.604],[78.7775,24.587],[78.7565,24.6005],[78.7475,24.6555],[78.7795,24.6995],[78.7725,24.786],[78.79,24.8005],[78.772,24.857],[78.6785,24.8965],[78.6385,24.9565],[78.6555,25.0285],[78.647,25.0615],[78.6045,25.093],[78.6035,25.152],[78.5585,25.212],[78.534,25.183],[78.4505,25.124],[78.4065,25.131],[78.34,25.0885],[78.348,25.032],[78.3345,24.995],[78.221,24.911],[78.1715,24.8665],[78.175,24.8425],[78.2195,24.807],[78.233,24.7315],[78.275,24.665],[78.2765,24.611],[78.262,24.548],[78.231,24.537],[78.2675,24.4495]]]},"properties":{"shapeName":"Lalitpur"}},
{"type":"Feature","geometry":{"type":"Polygon","coordinates":[[[83.9295,25.56],[83.946,25.5905],[83.9225,25.6335],[83.953,25.6865],[83.9555,25.746],[83.8835,25.763],[83.863,25.793],[83.8195,25.783],[83.7325,25.8565],[83.676,25.875],[83.5875,25.8795],[83.402,25.837],[83.3555,25.8135],[83.3255,25.813],[83.221,25.749],[83.242,25.706],[83.1915,25.697],[83.148,25.6535],[83.067,25.6515],[83.083,25.57],[83.0725,25.551],[83.089,25.492],[83.1795,25.5105],[83.2005,25.532],[83.284,25.507],[83.34,25.4635],[83.4135,25.487],[83.5045,25.4065],[83.549,25.348],[83.543,25.3135],[83.6285,25.327],[83.7175,25.3935],[83.762,25.389],[83.7915,25.398],[83.8415,25.4485],[83.9295,25.56]]]},"properties":{"shapeName":"Ghazipur"}},
{"type":"Feature","geometry":{"type":"Polygon","coordinates":[[[78.232,12.764],[78.132,12.781],[78.0755,12.841],[78.033,12.852],[77.9925,12.821],[77.944,12.8235],[77.893,12.8685],[77.836,12.869],[77.8205,12.853],[77.769,12.7395],[77.761,12.6975],[77.6785,12.6605],[77.6645,12.684],[77.5995,12.658],[77.5805,12.568],[77.589,12.517],[77.636,12.4875],[77.6145,12.364],[77.567,12.3075],[77.529,12.2795],[77.481,12.272],[77.4735,12.246],[77.4765,12.2125],[77.5225,12.194],[77.6075,12.2065],[77.738,12.178],[77.7505,12.1585],[77.8015,12.1745],[77.8145,12.226],[77.872,12.282],[77.883,12.3615],[77.933,12.3555],[77.9575,12.388],[77.9615,12.4685],[77.9295,12.506],[77.981,12.5425],[78.075,12.506],[78.081,12.487],[78.144,12.456],[78.1405,12.3895],[78.17,12.35],[78.238,12.3375],[78.2545,12.269],[78.3325,12.262],[78.395,12.1985],[78.457,12.175],[78.4945,12.141],[78.508,12.181],[78.5495,12.1845],[78.5795,12.1665],[78.635,12.177],[78.6705,12.2095],[78.6525,12.259],[78.6075,12.264],[78.6175,12.3385],[78.5705,12.3865],[78.5165,12.4055],[78.4905,12.3875],[78.437,12.3975],[78.4515,12.4505],[78.4215,12.4755],[78.421,12.569],[78.4095,12.6255],[78.3805,12.6235],[78.3025,12.6645],[78.276,12.703],[78.239,12.7005],[78.232,12.764]]]},"properties":{"shapeName":"Krishnagiri"}},
{"type":"Feature","geometry":{"type":"Polygon","coordinates":[[[76.8475,11.5835],[76.8905,11.571],[76.941,11.577],[77.008,11.545],[76.9905,11.4945],[76.978,11.401],[76.9605,11.379],[77.0165,11.3685],[77.049,11.4015],[77.1125,11.378],[77.1505,11.334],[77.221,11.338],[77.3325,11.256],[77.334,11.3105],[77.4005,11.316],[77.45,11.305],[77.519,11.2045],[77.478,11.1775],[77.5185,11.108],[77.571,11.1015],[77.627,11.1215],[77.756,11.0755],[77.777,11.0555],[77.8255,11.0615],[77.867,11.0225],[77.8995,11.032],[77.933,11.0685],[77.89,11.081],[77.8845,11.158],[77.863,11.183],[77.863,11.2455],[77.809,11.266],[77.754,11.3505],[77.684,11.4205],[77.697,11.4595],[77.734,11.512],[77.748,11.5655],[77.7405,11.61],[77.7625,11.6465],[77.6915,11.66],[77.693,11.7175],[77.723,11.793],[77.6695,11.822],[77.6855,11.8755],[77.6765,11.9505],[77.5355,11.9325],[77.496,11.9425],[77.4655,11.901],[77.468,11.8495],[77.442,11.7825],[77.424,11.7725],[77.3665,11.7885],[77.3375,11.769],[77.296,11.8085],[77.2525,11.8125],[77.1245,11.7715],[77.107,11.7325],[77.0145,11.8125],[76.9545,11.7905],[76.9095,11.7925],[76.891,11.7335],[76.8635,11.708],[76.84,11.6385],[76.8475,11.5835]]]},"properties":{"shapeName":"Erode"}},
{"type":"Feature","geometry":{"type":"Polygon","coordinates":[[[77.0535,10.2615],[77.0955,10.3095],[77.093,10.3755],[77.0535,10.4095],[77.074,10.456],[77.0785,10.5605],[77.0915,10.5855],[77.166,10.5895],[77.1795,10.642],[77.1415,10.668],[77.134,10.7555],[77.17,10.8025],[77.213,10.8045],[77.2265,10.778],[77.275,10.7885],[77.2905,10.855],[77.256,10.901],[77.1795,10.9255],[77.1555,10.997],[77.1775,11.036],[77.166,11.068],[77.241,11.1095],[77.2315,11.1295],[77.164,11.174],[77.152,11.2225],[77.17,11.25],[77.1505,11.334],[77.1125,11.378],[77.049,11.4015],[77.0165,11.3685],[76.9605,11.379],[76.9095,11.3485],[76.8575,11.345],[76.844,11.2875],[76.8,11.2925],[76.7695,11.2625],[76.7075,11.2405],[76.737,11.2155],[76.6965,11.1665],[76.7515,11.119],[76.7455,11.073],[76.7015,11.0265],[76.6585,10.938],[76.744,10.89],[76.7845,10.891],[76.8295,10.871],[76.872,10.809],[76.91,10.7805],[76.8875,10.716],[76.885,10.639],[76.8175,10.6355],[76.842,10.5945],[76.8305,10.448],[76.82,10.424],[76.8525,10.369],[76.8395,10.3375],[76.833,10.3045],[76.9055,10.2525],[76.9955,10.2295],[77.0535,10.2615]]]},"properties":{"shapeName":"Coimbatore"}},
{"type":"Feature","geometry":{"type":"Polygon","coordinates":[[[76.7075,11.2405],[76.7695,11.2625],[76.8,11.2925],[76.844,11.2875],[76.8575,11.345],[76.9095,11.3485],[76.9605,11.379],[76.978,11.401],[76.9905,11.4945],[77.008,11.545],[76.941,11.577],[76.8905,11.571],[76.8475,11.5835],[76.8265,11.6065],[76.7615,11.6155],[76.6175,11.609],[76.53,11.6265],[76.4995,11.5965],[76.467,11.615],[76.473,11.6575],[76.432,11.6675],[76.43,11.6335],[76.3885,11.6305],[76.3795,11.6015],[76.3065,11.5725],[76.279,11.601],[76.234,11.5725],[76.2415,11.5265],[76.2665,11.481],[76.3295,11.453],[76.3705,11.456],[76.4575,11.39],[76.548,11.36],[76.5505,11.3355],[76.5235,11.2705],[76.456,11.239],[76.4475,11.203],[76.516,11.2105],[76.5315,11.199],[76.6035,11.206],[76.6335,11.1945],[76.7075,11.2405]]]},"properties":{"shapeName":"The Nilgiris"}},
{"type":"Feature","geometry":{"type":"Polygon","coordinates":[[[75.687,23.757],[75.69,23.816],[75.7245,23.8235],[75.731,23.8985],[75.7825,23.851],[75.8565,23.8905],[75.8815,23.881],[75.979,23.9295],[75.9835,23.9705],[75.9635,24.0215],[76.03,24.0465],[76.047,24.07],[76.1385,24.0915],[76.127,24.2015],[76.158,24.24],[76.146,24.277],[76.1985,24.281],[76.2195,24.213],[76.2805,24.2125],[76.322,24.247],[76.357,24.245],[76.4185,24.2035],[76.4675,24.225],[76.5125,24.196],[76.5215,24.1625],[76.584,24.1765],[76.576,24.2095],[76.621,24.2585],[76.6835,24.2665],[76.707,24.2445],[76.6785,24.1895],[76.7255,24.1575],[76.7735,24.1605],[76.7955,24.1215],[76.882,24.132],[76.9045,24.127],[76.921,24.1845],[76.949,24.1945],[76.875,24.2725],[76.842,24.3565],[76.8565,24.366],[76.846,24.4385],[76.8015,24.433],[76.7575,24.4485],[76.7065,24.4085],[76.6765,24.4395],[76.6365,24.4145],[76.581,24.4645],[76.5795,24.4925],[76.5375,24.5145],[76.539,24.569],[76.5225,24.59],[76.532,24.6625],[76.48,24.6645],[76.444,24.783],[76.4455,24.831],[76.4005,24.838],[76.366,24.8715],[76.3145,24.84],[76.228,24.832],[76.205,24.76],[76.2015,24.683],[76.184,24.6645],[76.1155,24.6935],[76.0695,24.676],[76.066,24.6235],[76.0825,24.577],[76.0355,24.5595],[75.965,24.5625],[75.9245,24.54],[75.907,24.4425],[75.8325,24.4185],[75.7895,24.4545],[75.739,24.3995],[75.741,24.3445],[75.7685,24.307],[75.8165,24.297],[75.8085,24.226],[75.7765,24.217],[75.7465,24.136],[75.7925,24.106],[75.8335,24.1045],[75.8325,24.0685],[75.7825,24.0585],[75.765,23.9945],[75.703,23.9655],[75.672,24.03],[75.6375,23.9965],[75.574,24.014],[75.517,24.0455],[75.467,23.9775],[75.4625,23.9145],[75.4895,23.9075],[75.563,23.8565],[75.56,23.818],[75.6545,23.7985],[75.687,23.757]]]},"properties":{"shapeName":"Jhalawar"}},
{"type":"Feature","geometry":{"type":"Polygon","coordinates":[[[76.8535,28.2205],[76.806,28.2055],[76.796,28.1485],[76.7445,28.1215],[76.7165,28.128],[76.6525,28.0615],[76.669,28.014],[76.607,28.0035],[76.5645,27.966],[76.531,28.04],[76.4975,28.054],[76.5,28.1],[76.4765,28.1485],[76.4015,28.145],[76.3125,28.178],[76.335,28.1335],[76.3225,28.016],[76.262,28.0675],[76.23,28.048],[76.1915,28.0565],[76.1595,27.987],[76.1885,27.9655],[76.17,27.9035],[76.227,27.833],[76.2685,27.835],[76.2785,27.8025],[76.247,27.7615],[76.2605,27.7],[76.2425,27.6245],[76.2035,27.622],[76.218,27.553],[76.248,27.4885],[76.235,27.4175],[76.177,27.3125],[76.1255,27.238],[76.186,27.1845],[76.1855,27.132],[76.214,27.1255],[76.2815,27.18],[76.289,27.087],[76.3045,27.065],[76.365,27.056],[76.434,27.133],[76.465,27.078],[76.495,27.1135],[76.551,27.1315],[76.563,27.175],[76.622,27.1775],[76.6445,27.095],[76.709,27.1155],[76.8085,27.105],[76.8515,27.1725],[76.873,27.2315],[76.9105,27.207],[76.9015,27.163],[76.9655,27.146],[77.097,27.1715],[77.047,27.217],[77.124,27.2525],[77.1505,27.3135],[77.1415,27.3465],[77.0775,27.389],[77.0465,27.377],[77.008,27.4155],[76.9605,27.4275],[76.968,27.4645],[77.0275,27.449],[77.0265,27.4965],[77.0645,27.528],[77.0495,27.555],[77.0025,27.5655],[76.974,27.5475],[76.937,27.6125],[76.9845,27.614],[76.979,27.654],[76.899,27.678],[76.903,27.7755],[76.9435,27.8535],[76.9315,27.953],[76.9405,28.0425],[76.966,28.1285],[76.8535,28.2205]]]},"properties":{"shapeName":"Alwar"}},
{"type":"Feature","geometry":{"type":"Polygon","coordinates":[[[77.3095,25.0795],[77.393,25.117],[77.397,25.1835],[77.413,25.2215],[77.356,25.267],[77.2765,25.404],[77.232,25.3745],[77.224,25.333],[77.163,25.3085],[77.198,25.219],[77.1665,25.1985],[77.0825,25.249],[77.031,25.297],[76.965,25.2925],[76.849,25.326],[76.7785,25.311],[76.687,25.341],[76.608,25.3845],[76.58,25.432],[76.5625,25.414],[76.45,25.3995],[76.442,25.3795],[76.372,25.3885],[76.332,25.3745],[76.289,25.2465],[76.2545,25.238],[76.2555,25.189],[76.2355,25.1605],[76.219,25.0845],[76.2485,25.041],[76.325,24.959],[76.341,24.984],[76.422,24.9775],[76.453,24.923],[76.4875,24.9205],[76.576,24.8585],[76.5575,24.804],[76.491,24.822],[76.444,24.783],[76.48,24.6645],[76.532,24.6625],[76.5225,24.59],[76.539,24.569],[76.5375,24.5145],[76.5795,24.4925],[76.581,24.4645],[76.6365,24.4145],[76.6765,24.4395],[76.7065,24.4085],[76.7575,24.4485],[76.8015,24.433],[76.846,24.4385],[76.8565,24.465],[76.8195,24.53],[76.851,24.5465],[76.9235,24.531],[76.92,24.4835],[76.9655,24.456],[76.998,24.469],[77.0555,24.522],[77.067,24.5505],[77.065,24.638],[77.025,24.7105],[76.9775,24.727],[76.9575,24.761],[76.9115,24.7405],[76.852,24.7655],[76.8065,24.815],[76.837,24.8355],[76.9005,24.835],[76.9545,24.8685],[76.93,24.906],[76.8775,24.95],[76.875,25.0065],[76.907,25.0295],[76.9745,25.0515],[76.9895,25.073],[77.083,25.0535],[77.164,25.0835],[77.1755,25.109],[77.2685,25.1145],[77.3095,25.0795]]]},"properties":{"shapeName":"Baran"}},
{"type":"Feature","geometry":{"type":"Polygon","coordinates":[[[78.219,26.8305],[78.214,26.8715],[78.2615,26.899],[78.242,26.928],[78.1485,26.9505],[78.0955,26.8965],[78.051,26.9095],[77.9185,26.9085],[77.88,26.9],[77.774,26.9325],[77.7325,26.9175],[77.7245,26.8755],[77.617,26.829],[77.529,26.8165],[77.4565,26.741],[77.385,26.707],[77.3495,26.7115],[77.3885,26.6335],[77.359,26.594],[77.228,26.531],[77.2635,26.429],[77.3115,26.4395],[77.3485,26.4145],[77.374,26.366],[77.44,26.3595],[77.4385,26.4035],[77.514,26.4075],[77.607,26.4485],[77.679,26.504],[77.735,26.51],[77.7475,26.537],[77.8325,26.561],[77.839,26.607],[77.888,26.6145],[77.91,26.66],[77.9485,26.657],[78.001,26.697],[78.0965,26.681],[78.1125,26.795],[78.1545,26.786],[78.17,26.8215],[78.219,26.8305]]]},"properties":{"shapeName":"Dhaulpur"}},
{"type":"Feature","geometry":{"type":"Polygon","coordinates":[[[76.8475,26.033],[76.7785,26.113],[76.6785,26.162],[76.6295,26.1425],[76.6245,26.249],[76.6535,26.2845],[76.7455,26.32],[76.871,26.432],[76.9375,26.475],[76.8945,26.521],[76.9265,26.5485],[76.8625,26.6015],[76.8195,26.589],[76.7385,26.5325],[76.651,26.5645],[76.621,26.614],[76.5655,26.6105],[76.47,26.669],[76.4075,26.553],[76.4455,26.5505],[76.4825,26.4985],[76.4445,26.4415],[76.3945,26.388],[76.343,26.4105],[76.324,26.4545],[76.2515,26.441],[76.1815,26.4855],[76.159,26.4405],[76.1315,26.345],[76.1485,26.308],[76.1045,26.239],[76.031,26.252],[75.9935,26.22],[76.006,26.1625],[75.9955,26.1155],[76.031,26.1105],[76.0695,26.1305],[76.117,26.0565],[76.0775,26.0135],[76.147,25.9665],[76.191,26.011],[76.251,26.0195],[76.2505,25.9135],[76.2195,25.912],[76.223,25.8625],[76.2765,25.824],[76.323,25.809],[76.365,25.7385],[76.4465,25.7695],[76.5005,25.843],[76.573,25.835],[76.648,25.9015],[76.74,25.8975],[76.8015,25.939],[76.847,26.0065],[76.8475,26.033]]]},"properties":{"shapeName":"Sawai Madhopur"}},
{"type":"Feature","geometry":{"type":"Polygon","coordinates":[[[74.7745,23.541],[74.774,23.589],[74.7225,23.615],[74.674,23.6655],[74.5905,23.626],[74.5315,23.6355],[74.547,23.71],[74.547,23.862],[74.481,23.9245],[74.435,23.9065],[74.385,23.906],[74.3185,23.8575],[74.2395,23.815],[74.1485,23.7815],[74.1225,23.7115],[74.137,23.692],[74.1195,23.61],[74.072,23.599],[74.0335,23.5445],[74.0135,23.4415],[73.9605,23.38],[74.001,23.335],[74.047,23.2935],[74.105,23.2925],[74.1345,23.263],[74.125,23.177],[74.1815,23.1505],[74.206,23.1905],[74.2485,23.1765],[74.2865,23.117],[74.281,23.093],[74.3215,23.061],[74.39,23.11],[74.466,23.083],[74.5345,23.0995],[74.545,23.13],[74.608,23.143],[74.669,23.199],[74.715,23.1925],[74.739,23.2255],[74.701,23.27],[74.6315,23.261],[74.535,23.3075],[74.5455,23.3615],[74.572,23.381],[74.5735,23.4205],[74.613,23.459],[74.7425,23.517],[74.7745,23.541]]]},"properties":{"shapeName":"Banswara"}},
{"type":"Feature","geometry":{"type":"Polygon","coordinates":[[[77.1145,26.2165],[77.137,26.2345],[77.2015,26.23],[77.2705,26.2675],[77.3155,26.3095],[77.326,26.3405],[77.374,26.366],[77.3485,26.4145],[77.3115,26.4395],[77.2635,26.429],[77.228,26.531],[77.359,26.594],[77.3885,26.6335],[77.3495,26.7115],[77.359,26.795],[77.295,26.7795],[77.2595,26.8185],[77.211,26.81],[77.1365,26.839],[77.106,26.874],[77.0785,26.8605],[76.958,26.815],[76.9435,26.9105],[76.9015,26.943],[76.826,26.9665],[76.7625,26.9005],[76.7685,26.877],[76.703,26.844],[76.6195,26.7765],[76.541,26.7725],[76.495,26.7295],[76.47,26.669],[76.5655,26.6105],[76.621,26.614],[76.651,26.5645],[76.7385,26.5325],[76.8195,26.589],[76.8625,26.6015],[76.9265,26.5485],[76.8945,26.521],[76.9375,26.475],[76.871,26.432],[76.7455,26.32],[76.6535,26.2845],[76.6245,26.249],[76.6295,26.1425],[76.6785,26.162],[76.7785,26.113],[76.8475,26.033],[76.902,26.093],[76.9455,26.101],[77.0015,26.1325],[77.054,26.18],[77.092,26.182],[77.1145,26.2165]]]},"properties":{"shapeName":"Karauli"}},
{"type":"Feature","geometry":{"type":"Polygon","coordinates":[[[79.299,18.1435],[79.305,18.114],[79.2575,18.0635],[79.255,17.98],[79.162,17.956],[79.1145,17.9235],[79.1055,17.87],[79.061,17.873],[79.0015,17.8375],[78.9275,17.873],[78.8815,17.807],[78.989,17.7895],[79.0155,17.7205],[79.075,17.713],[79.1245,17.6685],[79.162,17.5795],[79.2075,17.6255],[79.227,17.5645],[79.308,17.5565],[79.319,17.53],[79.408,17.5045],[79.4685,17.5165],[79.519,17.496],[79.531,17.52],[79.5185,17.617],[79.5475,17.628],[79.4925,17.681],[79.487,17.7055],[79.529,17.795],[79.526,17.8335],[79.4995,17.8835],[79.457,17.8765],[79.4285,17.9075],[79.3355,17.9645],[79.3165,17.9335],[79.283,17.943],[79.279,18.011],[79.3755,18.0205],[79.462,18.079],[79.499,18.1465],[79.4475,18.153],[79.299,18.1435]]]},"properties":{"shapeName":"Jangaon"}},
{"type":"Feature","geometry":{"type":"Polygon","coordinates":[[[81.767,17.902],[81.712,17.87],[81.6655,17.8815],[81.62,17.824],[81.5625,17.825],[81.49,17.8115],[81.479,17.8315],[81.3935,17.815],[81.2625,17.8205],[81.168,17.8605],[81.1065,17.825],[81.082,17.7945],[81.041,17.7975],[81.013,17.846],[80.993,17.9305],[80.9745,18.051],[80.9525,18.0885],[80.9575,18.1305],[80.9825,18.156],[80.8705,18.14],[80.8565,18.2045],[80.806,18.173],[80.743,18.1785],[80.7415,18.2255],[80.7925,18.25],[80.731,18.368],[80.721,18.412],[80.659,18.4785],[80.609,18.551],[80.54,18.592],[80.5185,18.6215],[80.458,18.632],[80.3895,18.5995],[80.3935,18.592],[80.4035,18.568],[80.3765,18.5285],[80.3815,18.4745],[80.4655,18.448],[80.47,18.325],[80.505,18.267],[80.5385,18.262],[80.688,18.155],[80.6205,18.114],[80.5985,18.083],[80.5315,18.105],[80.5005,18.14],[80.457,18.068],[80.3955,18.0825],[80.3315,18.0055],[80.278,17.969],[80.284,17.91],[80.2315,17.773],[80.275,17.6935],[80.213,17.66],[80.2275,17.603],[80.3845,17.56],[80.356,17.5075],[80.394,17.498],[80.4225,17.5365],[80.475,17.5125],[80.4415,17.4555],[80.456,17.3935],[80.5175,17.3885],[80.513,17.308],[80.627,17.365],[80.6985,17.2795],[80.789,17.3365],[80.8125,17.3745],[80.8745,17.403],[80.889,17.2555],[80.9145,17.21],[80.9395,17.214],[80.994,17.1885],[81.035,17.196],[81.1125,17.233],[81.172,17.242],[81.181,17.3145],[81.1995,17.3365],[81.276,17.3295],[81.3395,17.4015],[81.3945,17.3645],[81.4425,17.3845],[81.5025,17.458],[81.507,17.4995],[81.512,17.599],[81.58,17.697],[81.5905,17.7395],[81.632,17.7715],[81.6835,17.776],[81.7385,17.828],[81.803,17.853],[81.767,17.902]]]},"properties":{"shapeName":"Bhadradri"}},
{"type":"Feature","geometry":{"type":"Polygon","coordinates":[[[78.5515,17.366],[78.5515,17.455],[78.541,17.515],[78.441,17.4915],[78.394,17.4575],[78.394,17.431],[78.3625,17.381],[78.424,17.382],[78.4425,17.3665],[78.4415,17.315],[78.478,17.31],[78.5515,17.366]]]},"properties":{"shapeName":"Hydrabad"}},
{"type":"Feature","geometry":{"type":"Polygon","coordinates":[[[79.9215,19.1535],[79.9025,19.169],[79.837,19.168],[79.8075,19.1515],[79.784,19.193],[79.7305,19.193],[79.674,19.211],[79.6115,19.282],[79.563,19.2565],[79.52,19.258],[79.5345,19.1925],[79.48,19.1765],[79.3415,19.211],[79.4015,19.138],[79.367,19.125],[79.333,19.145],[79.3075,19.095],[79.256,19.1535],[79.2415,19.071],[79.2075,19.0595],[78.9475,19.2505],[78.942,19.1955],[78.8945,19.1515],[78.8945,19.083],[78.9325,19.104],[78.954,19.072],[79.0355,19.057],[79.0785,19.025],[79.112,18.9545],[79.1915,18.877],[79.245,18.8735],[79.2815,18.838],[79.32,18.8235],[79.362,18.834],[79.3895,18.872],[79.4505,18.8535],[79.5195,18.7935],[79.57,18.7825],[79.656,18.7315],[79.6835,18.689],[79.7505,18.693],[79.8105,18.7265],[79.851,18.8105],[79.9015,18.8355],[79.9465,18.8635],[79.948,18.942],[79.933,19.0465],[79.868,19.064],[79.865,19.108],[79.9215,19.1535]]]},"properties":{"shapeName":"Mancherial"}},
{"type":"Feature","geometry":{"type":"Polygon","coordinates":[[[79.4475,18.153],[79.4855,18.174],[79.478,18.216],[79.5175,18.2195],[79.584,18.2625],[79.574,18.312],[79.587,18.352],[79.58,18.426],[79.4905,18.394],[79.392,18.4175],[79.335,18.46],[79.292,18.4725],[79.2545,18.444],[79.2315,18.4565],[79.169,18.6475],[79.1095,18.6665],[79.043,18.6335],[78.9955,18.6665],[78.9335,18.5475],[78.9835,18.4745],[78.978,18.4175],[79.0105,18.3945],[79.0645,18.3225],[79.0685,18.271],[79.1255,18.2845],[79.158,18.1665],[79.2245,18.157],[79.253,18.189],[79.299,18.1435],[79.4475,18.153]]]},"properties":{"shapeName":"Karimnagar"}},
{"type":"Feature","geometry":{"type":"Polygon","coordinates":[[[77.736,18.5555],[77.7695,18.472],[77.903,18.5055],[77.9935,18.477],[77.998,18.434],[78.041,18.434],[78.046,18.482],[78.0785,18.509],[78.107,18.484],[78.1605,18.4695],[78.198,18.502],[78.266,18.4485],[78.389,18.459],[78.4155,18.477],[78.4655,18.4215],[78.544,18.458],[78.525,18.471],[78.559,18.5375],[78.595,18.548],[78.6125,18.5845],[78.659,18.6005],[78.66,18.6445],[78.6425,18.7285],[78.5855,18.739],[78.552,18.825],[78.5465,18.877],[78.523,18.916],[78.5345,18.9445],[78.4995,18.966],[78.444,18.961],[78.406,18.9905],[78.37,18.9875],[78.3045,18.947],[78.238,19.005],[78.1625,18.9825],[78.074,18.9375],[78.034,18.882],[77.973,18.8775],[77.949,18.8445],[77.842,18.8095],[77.791,18.6965],[77.7375,18.678],[77.7515,18.5915],[77.736,18.5555]]]},"properties":{"shapeName":"Nizamabad"}},
{"type":"Feature","geometry":{"type":"Polygon","coordinates":[[[78.5615,18.185],[78.5355,18.185],[78.4565,18.1335],[78.389,18.1255],[78.327,18.201],[78.2835,18.15],[78.2185,18.1795],[78.172,18.1705],[78.1775,18.1155],[78.1415,18.0775],[78.0795,18.08],[78.0045,18.1145],[77.9545,18.1155],[77.867,18.0675],[77.8635,18.021],[77.8205,17.9605],[77.778,17.9565],[77.8455,17.8925],[77.867,17.9425],[77.924,17.921],[77.924,17.878],[78.0455,17.8925],[78.0705,17.9245],[78.092,17.814],[78.149,17.8175],[78.167,17.7855],[78.199,17.782],[78.2455,17.696],[78.3205,17.6785],[78.3275,17.739],[78.447,17.708],[78.5195,17.698],[78.5275,17.8175],[78.538,17.8605],[78.5345,18.0175],[78.5775,18.0565],[78.538,18.1175],[78.5775,18.128],[78.5615,18.185]]]},"properties":{"shapeName":"Medak"}},
{"type":"Feature","geometry":{"type":"Polygon","coordinates":[[[78.394,17.4575],[78.3325,17.504],[78.2635,17.42],[78.219,17.4405],[78.2145,17.487],[78.1675,17.464],[78.135,17.489],[78.086,17.498],[78.0525,17.461],[77.996,17.3595],[78.005,17.306],[78.0255,17.291],[78.056,17.1965],[77.9235,17.063],[77.941,17.0245],[78.0035,16.979],[78.1235,16.994],[78.186,17.015],[78.204,16.926],[78.2545,16.9555],[78.293,16.9495],[78.32,16.881],[78.3645,16.81],[78.3655,16.785],[78.4515,16.78],[78.5015,16.8085],[78.5705,16.8085],[78.599,16.773],[78.6845,16.7705],[78.7155,16.749],[78.7975,16.78],[78.794,16.827],[78.7285,16.872],[78.751,16.9105],[78.702,16.934],[78.7075,16.9635],[78.7905,16.974],[78.839,17.0435],[78.8505,17.088],[78.84,17.126],[78.796,17.142],[78.795,17.1735],[78.8275,17.237],[78.7715,17.2595],[78.748,17.2975],[78.771,17.3415],[78.7435,17.371],[78.714,17.3895],[78.671,17.37],[78.596,17.376],[78.5515,17.366],[78.478,17.31],[78.4415,17.315],[78.4425,17.3665],[78.424,17.382],[78.3625,17.381],[78.394,17.431],[78.394,17.4575]]]},"properties":{"shapeName":"Rangareddy"}},
{"type":"Feature","geometry":{"type":"Polygon","coordinates":[[[79.687,16.6965],[79.665,16.879],[79.6435,16.9715],[79.601,17.093],[79.5225,17.2215],[79.451,17.307],[79.4355,17.3605],[79.372,17.347],[79.256,17.353],[79.223,17.2755],[79.1785,17.2665],[79.1575,17.2845],[79.0805,17.252],[79.024,17.255],[78.991,17.2815],[78.976,17.1895],[79,17.1595],[78.908,17.0585],[78.839,17.0435],[78.7905,16.974],[78.7075,16.9635],[78.702,16.934],[78.751,16.9105],[78.7285,16.872],[78.794,16.827],[78.7975,16.78],[78.758,16.7075],[78.6745,16.6495],[78.7185,16.582],[78.683,16.5385],[78.767,16.535],[78.8055,16.5185],[78.845,16.5485],[78.9135,16.551],[78.9325,16.5185],[79.0175,16.4905],[79.1185,16.424],[79.2195,16.3705],[79.2275,16.446],[79.2445,16.466],[79.2385,16.527],[79.2745,16.569],[79.3415,16.586],[79.435,16.5905],[79.5055,16.6385],[79.545,16.6395],[79.6085,16.671],[79.6565,16.67],[79.687,16.6965]]]},"properties":{"shapeName":"Nalgonda"}},
{"type":"Feature","geometry":{"type":"Polygon","coordinates":[[[79.2005,16.2305],[79.2335,16.258],[79.236,16.3445],[79.2195,16.3705],[79.1185,16.424],[79.0175,16.4905],[78.9325,16.5185],[78.9135,16.551],[78.845,16.5485],[78.8055,16.5185],[78.767,16.535],[78.683,16.5385],[78.7185,16.582],[78.6745,16.6495],[78.758,16.7075],[78.7975,16.78],[78.7155,16.749],[78.6845,16.7705],[78.599,16.773],[78.5705,16.8085],[78.5015,16.8085],[78.4515,16.78],[78.3655,16.785],[78.3675,16.7145],[78.344,16.679],[78.2665,16.7145],[78.183,16.7175],[78.1535,16.658],[78.1655,16.6255],[78.112,16.5925],[78.1635,16.4415],[78.231,16.438],[78.2345,16.388],[78.281,16.3985],[78.3205,16.3665],[78.242,16.295],[78.181,16.2915],[78.2275,16.2415],[78.2025,16.195],[78.2385,16.156],[78.224,16.106],[78.1885,16.081],[78.2025,16.0275],[78.266,16.012],[78.275,16.0415],[78.3235,16.036],[78.3475,16.0595],[78.413,16.088],[78.4585,16.088],[78.5545,16.0635],[78.611,16.1035],[78.644,16.099],[78.6945,16.048],[78.747,16.0285],[78.816,16.054],[78.8445,16.095],[78.8805,16.118],[78.9215,16.1165],[78.916,16.1985],[79.0285,16.252],[79.1415,16.2445],[79.2005,16.2305]]]},"properties":{"shapeName":"Nagarkurnool"}},
{"type":"Feature","geometry":{"type":"Polygon","coordinates":[[[78.85,19.7605],[78.7905,19.7805],[78.7075,19.787],[78.625,19.81],[78.5315,19.823],[78.4815,19.8175],[78.403,19.8375],[78.3895,19.8805],[78.3415,19.884],[78.3155,19.9135],[78.299,19.8505],[78.344,19.8405],[78.373,19.7825],[78.3505,19.715],[78.291,19.691],[78.316,19.6055],[78.3015,19.56],[78.314,19.458],[78.2295,19.4355],[78.1925,19.397],[78.1845,19.3545],[78.202,19.333],[78.258,19.264],[78.323,19.2225],[78.3945,19.151],[78.5495,19.2465],[78.68,19.3115],[78.793,19.258],[78.811,19.2285],[78.8835,19.295],[78.8765,19.3595],[78.8195,19.3855],[78.9095,19.4855],[78.9405,19.469],[78.9715,19.4975],[78.9455,19.533],[78.971,19.5525],[78.984,19.582],[78.975,19.6515],[78.922,19.6695],[78.8645,19.658],[78.8695,19.6985],[78.85,19.7605]]]},"properties":{"shapeName":"Adilabad"}},
{"type":"Feature","geometry":{"type":"Polygon","coordinates":[[[78.971,19.5525],[78.9455,19.533],[78.9715,19.4975],[78.9405,19.469],[78.9095,19.4855],[78.8195,19.3855],[78.8765,19.3595],[78.8835,19.295],[78.9475,19.2505],[79.2075,19.0595],[79.2415,19.071],[79.256,19.1535],[79.3075,19.095],[79.333,19.145],[79.367,19.125],[79.4015,19.138],[79.3415,19.211],[79.48,19.1765],[79.5345,19.1925],[79.52,19.258],[79.563,19.2565],[79.6115,19.282],[79.674,19.211],[79.7305,19.193],[79.784,19.193],[79.8075,19.1515],[79.837,19.168],[79.9025,19.169],[79.9215,19.1535],[79.9495,19.18],[79.9275,19.23],[79.9525,19.288],[79.98,19.4045],[79.952,19.4625],[79.918,19.4955],[79.835,19.54],[79.7925,19.5965],[79.747,19.606],[79.72,19.5865],[79.628,19.568],[79.6075,19.511],[79.52,19.521],[79.477,19.5005],[79.448,19.536],[79.42,19.536],[79.2615,19.6135],[79.243,19.5295],[79.1955,19.4615],[79.109,19.5305],[78.971,19.5525]]]},"properties":{"shapeName":"Komaram Bheem"}},
{"type":"Feature","geometry":{"type":"Polygon","coordinates":[[[77.949,18.8445],[77.973,18.8775],[78.034,18.882],[78.074,18.9375],[78.1625,18.9825],[78.238,19.005],[78.3045,18.947],[78.37,18.9875],[78.406,18.9905],[78.444,18.961],[78.4995,18.966],[78.5345,18.9445],[78.592,18.9885],[78.637,18.9815],[78.6875,19.028],[78.76,19.015],[78.8265,19.0565],[78.9115,19.034],[78.954,19.072],[78.9325,19.104],[78.8945,19.083],[78.8945,19.1515],[78.942,19.1955],[78.9475,19.2505],[78.8835,19.295],[78.811,19.2285],[78.793,19.258],[78.68,19.3115],[78.5495,19.2465],[78.3945,19.151],[78.323,19.2225],[78.258,19.264],[78.202,19.333],[78.1885,19.2435],[78.1315,19.248],[78.0505,19.2725],[77.9535,19.343],[77.8655,19.3035],[77.905,19.2785],[77.8725,19.2475],[77.849,19.19],[77.8495,19.116],[77.8045,19.1005],[77.8015,19.053],[77.766,19.0635],[77.7715,18.983],[77.8215,18.984],[77.8585,18.954],[77.845,18.9135],[77.886,18.9105],[77.904,18.87],[77.949,18.8445]]]},"properties":{"shapeName":"Nirmal"}},
{"type":"Feature","geometry":{"type":"Polygon","coordinates":[[[77.6035,18.2755],[77.669,18.284],[77.7255,18.261],[77.773,18.1915],[77.9065,18.195],[77.898,18.161],[77.9545,18.1155],[78.0045,18.1145],[78.0795,18.08],[78.1415,18.0775],[78.1775,18.1155],[78.172,18.1705],[78.2185,18.1795],[78.2835,18.15],[78.327,18.201],[78.389,18.1255],[78.4565,18.1335],[78.5355,18.185],[78.5615,18.185],[78.569,18.2305],[78.523,18.2855],[78.5515,18.339],[78.5375,18.3685],[78.5535,18.4315],[78.544,18.458],[78.4655,18.4215],[78.4155,18.477],[78.389,18.459],[78.266,18.4485],[78.198,18.502],[78.1605,18.4695],[78.107,18.484],[78.0785,18.509],[78.046,18.482],[78.041,18.434],[77.998,18.434],[77.9935,18.477],[77.903,18.5055],[77.7695,18.472],[77.736,18.5555],[77.662,18.5295],[77.6445,18.556],[77.6015,18.55],[77.5535,18.39],[77.5315,18.342],[77.554,18.294],[77.6035,18.2755]]]},"properties":{"shapeName":"Kamareddy"}},
{"type":"Feature","geometry":{"type":"Polygon","coordinates":[[[78.954,19.072],[78.9115,19.034],[78.8265,19.0565],[78.76,19.015],[78.6875,19.028],[78.637,18.9815],[78.592,18.9885],[78.5345,18.9445],[78.523,18.916],[78.5465,18.877],[78.552,18.825],[78.5855,18.739],[78.6425,18.7285],[78.66,18.6445],[78.7385,18.6335],[78.8905,18.6],[78.9335,18.5475],[78.9955,18.6665],[79.043,18.6335],[79.1095,18.6665],[79.1475,18.752],[79.2285,18.7665],[79.2855,18.7665],[79.32,18.8235],[79.2815,18.838],[79.245,18.8735],[79.1915,18.877],[79.112,18.9545],[79.0785,19.025],[79.0355,19.057],[78.954,19.072]]]},"properties":{"shapeName":"Jagtial"}},
{"type":"Feature","geometry":{"type":"Polygon","coordinates":[[[80.275,18.723],[80.2545,18.7065],[80.1655,18.701],[80.114,18.6825],[80.054,18.726],[80.0195,18.7715],[79.9395,18.789],[79.9015,18.8355],[79.851,18.8105],[79.8105,18.7265],[79.837,18.6875],[79.83,18.6445],[79.7855,18.568],[79.7495,18.582],[79.707,18.5375],[79.693,18.4985],[79.66,18.474],[79.5975,18.471],[79.58,18.426],[79.587,18.352],[79.574,18.312],[79.584,18.2625],[79.593,18.251],[79.702,18.271],[79.734,18.2355],[79.734,18.205],[79.8145,18.1425],[79.8415,18.1435],[79.8315,18.1825],[79.845,18.238],[79.8745,18.295],[79.93,18.301],[79.932,18.3255],[79.878,18.364],[79.9085,18.3975],[79.9605,18.383],[80.06,18.401],[80.0925,18.3695],[80.147,18.3735],[80.1745,18.3485],[80.219,18.39],[80.227,18.428],[80.2295,18.5525],[80.2695,18.5885],[80.3445,18.596],[80.304,18.691],[80.275,18.723]]]},"properties":{"shapeName":"Jayashankar"}},
{"type":"Feature","geometry":{"type":"Polygon","coordinates":[[[79.32,18.8235],[79.2855,18.7665],[79.2285,18.7665],[79.1475,18.752],[79.1095,18.6665],[79.169,18.6475],[79.2315,18.4565],[79.2545,18.444],[79.292,18.4725],[79.335,18.46],[79.392,18.4175],[79.4905,18.394],[79.58,18.426],[79.5975,18.471],[79.66,18.474],[79.693,18.4985],[79.707,18.5375],[79.7495,18.582],[79.7855,18.568],[79.83,18.6445],[79.837,18.6875],[79.8105,18.7265],[79.7505,18.693],[79.6835,18.689],[79.656,18.7315],[79.57,18.7825],[79.5195,18.7935],[79.4505,18.8535],[79.3895,18.872],[79.362,18.834],[79.32,18.8235]]]},"properties":{"shapeName":"Peddapalli"}},
{"type":"Feature","geometry":{"type":"Polygon","coordinates":[[[78.9335,18.5475],[78.8905,18.6],[78.7385,18.6335],[78.66,18.6445],[78.659,18.6005],[78.6125,18.5845],[78.595,18.548],[78.559,18.5375],[78.525,18.471],[78.544,18.458],[78.5535,18.4315],[78.5375,18.3685],[78.5515,18.339],[78.523,18.2855],[78.569,18.2305],[78.603,18.2505],[78.651,18.2515],[78.6985,18.232],[78.759,18.2295],[78.78,18.2655],[78.8985,18.24],[78.965,18.2505],[79.0175,18.3125],[79.0105,18.3945],[78.978,18.4175],[78.9835,18.4745],[78.9335,18.5475]]]},"properties":{"shapeName":"Rajanna Sircilla"}},
{"type":"Feature","geometry":{"type":"Polygon","coordinates":[[[77.444,17.585],[77.4945,17.57],[77.532,17.577],[77.553,17.553],[77.6615,17.525],[77.6905,17.5095],[77.762,17.56],[77.775,17.603],[77.8565,17.644],[77.875,17.5815],[77.9235,17.575],[78.02,17.476],[78.0525,17.461],[78.086,17.498],[78.135,17.489],[78.1675,17.464],[78.2145,17.487],[78.219,17.4405],[78.2635,17.42],[78.3325,17.504],[78.355,17.5245],[78.388,17.666],[78.421,17.6705],[78.447,17.708],[78.3275,17.739],[78.3205,17.6785],[78.2455,17.696],[78.199,17.782],[78.167,17.7855],[78.149,17.8175],[78.092,17.814],[78.0705,17.9245],[78.0455,17.8925],[77.924,17.878],[77.924,17.921],[77.867,17.9425],[77.8455,17.8925],[77.778,17.9565],[77.8205,17.9605],[77.8635,18.021],[77.867,18.0675],[77.9545,18.1155],[77.898,18.161],[77.9065,18.195],[77.773,18.1915],[77.7255,18.261],[77.669,18.284],[77.6035,18.2755],[77.577,18.243],[77.5745,18.192],[77.602,18.1545],[77.602,18.087],[77.5715,18.079],[77.5575,18.0375],[77.611,18.021],[77.658,17.9725],[77.6245,17.9475],[77.621,17.906],[77.5305,17.83],[77.509,17.786],[77.559,17.7645],[77.5435,17.729],[77.4545,17.6945],[77.444,17.585]]]},"properties":{"shapeName":"Sangareddy"}},
{"type":"Feature","geometry":{"type":"Polygon","coordinates":[[[79.299,18.1435],[79.253,18.189],[79.2245,18.157],[79.158,18.1665],[79.1255,18.2845],[79.0685,18.271],[79.0645,18.3225],[79.0105,18.3945],[79.0175,18.3125],[78.965,18.2505],[78.8985,18.24],[78.78,18.2655],[78.759,18.2295],[78.6985,18.232],[78.651,18.2515],[78.603,18.2505],[78.569,18.2305],[78.5615,18.185],[78.5775,18.128],[78.538,18.1175],[78.5775,18.0565],[78.5345,18.0175],[78.538,17.8605],[78.5275,17.8175],[78.5195,17.698],[78.616,17.67],[78.6645,17.6965],[78.7205,17.6675],[78.7755,17.6765],[78.812,17.7075],[78.8275,17.7435],[78.8595,17.7525],[78.8815,17.807],[78.9275,17.873],[79.0015,17.8375],[79.061,17.873],[79.1055,17.87],[79.1145,17.9235],[79.162,17.956],[79.255,17.98],[79.2575,18.0635],[79.305,18.114],[79.299,18.1435]]]},"properties":{"shapeName":"Siddipet"}},
{"type":"Feature","geometry":{"type":"Polygon","coordinates":[[[80.868,17.06],[80.864,17.1205],[80.8795,17.1555],[80.9185,17.1515],[80.9145,17.21],[80.889,17.2555],[80.8745,17.403],[80.8125,17.3745],[80.789,17.3365],[80.6985,17.2795],[80.627,17.365],[80.513,17.308],[80.5175,17.3885],[80.456,17.3935],[80.4415,17.4555],[80.475,17.5125],[80.4225,17.5365],[80.394,17.498],[80.356,17.5075],[80.3845,17.56],[80.2275,17.603],[80.2275,17.565],[80.17,17.456],[80.161,17.395],[80.081,17.3685],[80.055,17.348],[80.0005,17.3635],[79.987,17.4015],[79.8965,17.3725],[79.8725,17.334],[79.8195,17.3375],[79.793,17.3205],[79.8265,17.277],[79.8805,17.2685],[79.9,17.219],[79.876,17.1875],[79.921,17.1335],[79.971,17.122],[80.0005,17.07],[80.0625,17.018],[80.0545,16.9735],[80.093,16.9715],[80.144,16.9965],[80.191,17.053],[80.2045,17.026],[80.271,17.019],[80.31,16.9645],[80.328,16.8795],[80.37,16.859],[80.382,16.82],[80.432,16.838],[80.4655,16.799],[80.572,16.772],[80.6135,16.797],[80.5635,16.834],[80.596,16.883],[80.593,16.9355],[80.541,16.959],[80.4515,16.9535],[80.367,16.979],[80.3975,17.0225],[80.376,17.065],[80.404,17.086],[80.4295,17.0335],[80.455,17.0255],[80.4935,17.065],[80.5055,17.11],[80.569,17.1465],[80.6385,17.1185],[80.693,17.0775],[80.8325,17.047],[80.868,17.06]]]},"properties":{"shapeName":"Khammam"}},
{"type":"Feature","geometry":{"type":"Polygon","coordinates":[[[79.531,17.52],[79.56,17.5025],[79.6295,17.4925],[79.759,17.4315],[79.793,17.3205],[79.8195,17.3375],[79.8725,17.334],[79.8965,17.3725],[79.987,17.4015],[80.0005,17.3635],[80.055,17.348],[80.081,17.3685],[80.161,17.395],[80.17,17.456],[80.2275,17.565],[80.2275,17.603],[80.213,17.66],[80.275,17.6935],[80.2315,17.773],[80.284,17.91],[80.278,17.969],[80.3315,18.0055],[80.2085,18.021],[80.132,18.087],[80.1105,18.0785],[80.0195,18.112],[79.994,17.9885],[79.9845,17.898],[79.9325,17.8265],[79.923,17.7505],[79.804,17.7075],[79.6895,17.6885],[79.6375,17.6265],[79.5475,17.628],[79.5185,17.617],[79.531,17.52]]]},"properties":{"shapeName":"Mahabubabad"}},
{"type":"Feature","geometry":{"type":"Polygon","coordinates":[[[79.5475,17.628],[79.6375,17.6265],[79.6895,17.6885],[79.804,17.7075],[79.923,17.7505],[79.9325,17.8265],[79.9845,17.898],[79.994,17.9885],[80.0195,18.112],[79.973,18.1085],[79.959,18.0765],[79.825,18.091],[79.8415,18.1435],[79.8145,18.1425],[79.734,18.205],[79.734,18.2355],[79.702,18.271],[79.593,18.251],[79.624,18.183],[79.62,18.096],[79.6945,18.0445],[79.639,17.9855],[79.662,17.957],[79.6485,17.881],[79.586,17.797],[79.529,17.795],[79.487,17.7055],[79.4925,17.681],[79.5475,17.628]]]},"properties":{"shapeName":"Warangal (R)"}},
{"type":"Feature","geometry":{"type":"Polygon","coordinates":[[[79.529,17.795],[79.586,17.797],[79.6485,17.881],[79.662,17.957],[79.639,17.9855],[79.6945,18.0445],[79.62,18.096],[79.624,18.183],[79.593,18.251],[79.584,18.2625],[79.5175,18.2195],[79.478,18.216],[79.4855,18.174],[79.4475,18.153],[79.499,18.1465],[79.462,18.079],[79.3755,18.0205],[79.279,18.011],[79.283,17.943],[79.3165,17.9335],[79.3355,17.9645],[79.4285,17.9075],[79.457,17.8765],[79.4995,17.8835],[79.526,17.8335],[79.529,17.795]]]},"properties":{"shapeName":"Warangal (U)"}},
{"type":"Feature","geometry":{"type":"Polygon","coordinates":[[[80.0545,16.9735],[80.0625,17.018],[80.0005,17.07],[79.971,17.122],[79.921,17.1335],[79.876,17.1875],[79.9,17.219],[79.8805,17.2685],[79.8265,17.277],[79.793,17.3205],[79.759,17.4315],[79.6295,17.4925],[79.56,17.5025],[79.531,17.52],[79.519,17.496],[79.4685,17.5165],[79.408,17.5045],[79.4355,17.3605],[79.451,17.307],[79.5225,17.2215],[79.601,17.093],[79.6435,16.9715],[79.665,16.879],[79.687,16.6965],[79.73,16.7005],[79.7835,16.7375],[79.819,16.6985],[79.8705,16.7065],[79.8995,16.658],[79.9515,16.641],[80.0005,16.701],[80.0565,16.7535],[80.0785,16.822],[80.042,16.8605],[80.0005,16.8715],[80.0545,16.9735]]]},"properties":{"shapeName":"Suryapet"}},
{"type":"Feature","geometry":{"type":"Polygon","coordinates":[[[78.8815,17.807],[78.8595,17.7525],[78.8275,17.7435],[78.812,17.7075],[78.7755,17.6765],[78.7205,17.6675],[78.688,17.579],[78.714,17.525],[78.7115,17.4895],[78.761,17.445],[78.7435,17.371],[78.771,17.3415],[78.748,17.2975],[78.7715,17.2595],[78.8275,17.237],[78.795,17.1735],[78.796,17.142],[78.84,17.126],[78.8505,17.088],[78.839,17.0435],[78.908,17.0585],[79,17.1595],[78.976,17.1895],[78.991,17.2815],[79.024,17.255],[79.0805,17.252],[79.1575,17.2845],[79.1785,17.2665],[79.223,17.2755],[79.256,17.353],[79.372,17.347],[79.4355,17.3605],[79.408,17.5045],[79.319,17.53],[79.308,17.5565],[79.227,17.5645],[79.2075,17.6255],[79.162,17.5795],[79.1245,17.6685],[79.075,17.713],[79.0155,17.7205],[78.989,17.7895],[78.8815,17.807]]]},"properties":{"shapeName":"Yadadri Bhongiri"}},
{"type":"Feature","geometry":{"type":"Polygon","coordinates":[[[78.5515,17.366],[78.596,17.376],[78.671,17.37],[78.714,17.3895],[78.7435,17.371],[78.761,17.445],[78.7115,17.4895],[78.714,17.525],[78.688,17.579],[78.7205,17.6675],[78.6645,17.6965],[78.616,17.67],[78.5195,17.698],[78.447,17.708],[78.421,17.6705],[78.388,17.666],[78.355,17.5245],[78.3325,17.504],[78.394,17.4575],[78.441,17.4915],[78.541,17.515],[78.5515,17.455],[78.5515,17.366]]]},"properties":{"shapeName":"Medchal"}},
{"type":"Feature","geometry":{"type":"Polygon","coordinates":[[[77.428,17.118],[77.4415,17.1175],[77.467,17.108],[77.504,17.0115],[77.483,16.9945],[77.4685,16.932],[77.517,16.9415],[77.5765,16.894],[77.6275,16.919],[77.643,17.001],[77.679,17.033],[77.749,17.0245],[77.7885,17.044],[77.7935,16.9835],[77.896,16.9435],[77.9495,16.94],[78.0035,16.979],[77.941,17.0245],[77.9235,17.063],[78.056,17.1965],[78.0255,17.291],[78.005,17.306],[77.996,17.3595],[78.0525,17.461],[78.02,17.476],[77.9235,17.575],[77.875,17.5815],[77.8565,17.644],[77.775,17.603],[77.762,17.56],[77.6905,17.5095],[77.6155,17.474],[77.577,17.4335],[77.5145,17.431],[77.5255,17.366],[77.461,17.349],[77.4385,17.292],[77.459,17.2795],[77.3845,17.2235],[77.3645,17.1655],[77.428,17.118]]]},"properties":{"shapeName":"Vikarabad"}},
{"type":"Feature","geometry":{"type":"Polygon","coordinates":[[[78.2035,15.919],[78.1275,16.013],[78.081,16.0165],[78.024,16.0775],[77.9705,16.074],[77.9135,16.1845],[77.8315,16.2525],[77.76,16.3235],[77.627,16.34],[77.5955,16.341],[77.5965,16.3175],[77.5485,16.2925],[77.539,16.268],[77.493,16.255],[77.5,16.1925],[77.492,16.1215],[77.5085,16.079],[77.496,16.0365],[77.5155,16.008],[77.515,15.9265],[77.594,15.913],[77.6895,15.88],[77.722,15.893],[77.8055,15.8715],[77.862,15.882],[77.894,15.9025],[78.0085,15.866],[78.0465,15.905],[78.0705,15.8515],[78.108,15.835],[78.1715,15.856],[78.2035,15.919]]]},"properties":{"shapeName":"Jogulamba"}},
{"type":"Feature","geometry":{"type":"Polygon","coordinates":[[[78.266,16.012],[78.2025,16.0275],[78.1885,16.081],[78.224,16.106],[78.2385,16.156],[78.2025,16.195],[78.2275,16.2415],[78.181,16.2915],[78.242,16.295],[78.3205,16.3665],[78.281,16.3985],[78.2345,16.388],[78.231,16.438],[78.1635,16.4415],[78.112,16.5925],[78.0195,16.6075],[77.993,16.5925],[78.0135,16.551],[77.981,16.4915],[77.9185,16.453],[77.8115,16.4085],[77.743,16.4065],[77.7075,16.447],[77.6715,16.3995],[77.6655,16.3665],[77.627,16.34],[77.76,16.3235],[77.8315,16.2525],[77.9135,16.1845],[77.9705,16.074],[78.024,16.0775],[78.081,16.0165],[78.1275,16.013],[78.2035,15.919],[78.25,15.944],[78.266,16.012]]]},"properties":{"shapeName":"Wanaparthy"}},
{"type":"Feature","geometry":{"type":"Polygon","coordinates":[[[78.0035,16.979],[77.9495,16.94],[77.896,16.9435],[77.7935,16.9835],[77.7885,17.044],[77.749,17.0245],[77.762,16.9775],[77.7405,16.938],[77.734,16.8795],[77.737,16.7795],[77.6865,16.7945],[77.6915,16.7555],[77.7415,16.74],[77.7665,16.6685],[77.799,16.6185],[77.783,16.5865],[77.7445,16.5705],[77.759,16.5265],[77.743,16.4065],[77.8115,16.4085],[77.9185,16.453],[77.981,16.4915],[78.0135,16.551],[77.993,16.5925],[78.0195,16.6075],[78.112,16.5925],[78.1655,16.6255],[78.1535,16.658],[78.183,16.7175],[78.2665,16.7145],[78.344,16.679],[78.3675,16.7145],[78.3655,16.785],[78.3645,16.81],[78.32,16.881],[78.293,16.9495],[78.2545,16.9555],[78.204,16.926],[78.186,17.015],[78.1235,16.994],[78.0035,16.979]]]},"properties":{"shapeName":"Mahabubnagar"}},
{"type":"Feature","geometry":{"type":"Polygon","coordinates":[[[95.6355,27.2305],[95.589,27.2235],[95.5335,27.2645],[95.49,27.243],[95.4575,27.2035],[95.4565,27.1295],[95.3715,27.096],[95.393,27.0495],[95.36,26.8955],[95.434,26.8535],[95.4715,26.857],[95.458,26.8],[95.496,26.772],[95.516,26.817],[95.5475,26.842],[95.615,26.821],[95.649,26.8805],[95.688,26.908],[95.721,26.903],[95.6895,26.9905],[95.6445,27.005],[95.6655,27.0635],[95.6845,27.1685],[95.6355,27.2305]]]},"properties":{"shapeName":"Tirap"}},
{"type":"Feature","geometry":{"type":"Polygon","coordinates":[[[95.7845,27.734],[95.7575,27.7255],[95.797,27.602],[95.8615,27.5465],[95.8805,27.547],[95.9585,27.561],[96.0155,27.5565],[96.0715,27.61],[96.1245,27.624],[96.236,27.569],[96.315,27.562],[96.2865,27.6285],[96.2775,27.7235],[96.2915,27.77],[96.2365,27.8645],[96.08,27.844],[95.8805,27.7555],[95.86,27.734],[95.7845,27.734]]]},"properties":{"shapeName":"Namsai"}},
{"type":"Feature","geometry":{"type":"Polygon","coordinates":[[[95.219,28.149],[95.221,28.0855],[95.195,28.067],[95.071,28.0315],[95.049,28.0485],[94.9345,28.052],[94.8845,27.998],[94.8995,27.968],[94.8745,27.9415],[94.9095,27.855],[94.8955,27.849],[94.8945,27.8485],[94.861,27.7295],[94.9305,27.753],[95.039,27.7735],[95.052,27.786],[95.317,27.8665],[95.3845,27.8375],[95.4675,27.8625],[95.5265,27.893],[95.507,27.9565],[95.567,28.0525],[95.5775,28.117],[95.569,28.177],[95.576,28.258],[95.5365,28.284],[95.476,28.277],[95.4515,28.311],[95.4145,28.3075],[95.342,28.276],[95.331,28.2255],[95.3025,28.2145],[95.2685,28.164],[95.219,28.149]]]},"properties":{"shapeName":"East Siang"}},
{"type":"Feature","geometry":{"type":"Polygon","coordinates":[[[93.464,28.272],[93.464,28.2205],[93.482,28.137],[93.5235,28.0905],[93.5705,28.0785],[93.601,27.981],[93.6905,27.9625],[93.716,27.9105],[93.6695,27.875],[93.654,27.774],[93.6155,27.768],[93.5725,27.7875],[93.5225,27.7345],[93.5435,27.7055],[93.5285,27.635],[93.5435,27.612],[93.5995,27.6275],[93.7225,27.6985],[93.7745,27.7375],[93.7745,27.788],[93.8725,27.804],[93.918,27.822],[93.961,27.8715],[93.9155,27.887],[93.94,27.953],[93.9725,27.9735],[93.8935,28.053],[93.896,28.102],[93.8805,28.1515],[93.856,28.1685],[93.8575,28.2325],[93.823,28.2575],[93.786,28.2565],[93.722,28.3045],[93.635,28.302],[93.6185,28.269],[93.5715,28.258],[93.4825,28.281],[93.464,28.272]]]},"properties":{"shapeName":"Kra Daadi"}},
{"type":"Feature","geometry":{"type":"Polygon","coordinates":[[[95.37,27.1055],[95.344,27.181],[95.288,27.197],[95.235,27.1955],[95.1405,27.137],[95.0675,27.123],[95.0325,27.1435],[94.9935,27.133],[94.9635,27.19],[94.9355,27.2],[94.886,27.157],[94.835,27.094],[94.8255,27.009],[94.7565,26.957],[94.7685,26.936],[94.8655,26.9435],[94.943,26.996],[94.928,26.9445],[94.9845,26.913],[95.0855,26.9475],[95.1765,27.0215],[95.1945,27.0375],[95.247,27.0245],[95.3085,27.0755],[95.37,27.1055]]]},"properties":{"shapeName":"Charaideo"}},
{"type":"Feature","geometry":{"type":"Polygon","coordinates":[[[94.538,27.069],[94.5485,27.0835],[94.5535,27.095],[94.5635,27.101],[94.5945,27.134],[94.5745,27.1995],[94.543,27.2225],[94.5425,27.2225],[94.5085,27.1205],[94.438,27.1195],[94.4175,27.091],[94.367,27.0975],[94.3075,27.0725],[94.281,27.0955],[94.238,27.0735],[94.2245,27.032],[94.181,26.9975],[94.11,26.97],[94.083,26.999],[93.969,26.9125],[93.89,26.8675],[93.858,26.8385],[93.794,26.8285],[93.775,26.7925],[93.7635,26.784],[93.792,26.754],[93.877,26.723],[93.9465,26.741],[93.991,26.7665],[94.0155,26.8305],[94.0735,26.846],[94.1705,26.8545],[94.207,26.87],[94.281,26.8715],[94.354,26.9045],[94.4025,26.9475],[94.4635,26.994],[94.4795,27.0295],[94.538,27.069]]]},"properties":{"shapeName":"Majuli"}},
{"type":"Feature","geometry":{"type":"Polygon","coordinates":[[[93.3915,26.9575],[93.268,26.9535],[93.0625,26.9195],[93.079,26.863],[93.0835,26.742],[93.1085,26.6805],[93.151,26.6425],[93.161,26.599],[93.217,26.6255],[93.2455,26.684],[93.308,26.6985],[93.348,26.7315],[93.51,26.7605],[93.566,26.724],[93.65,26.705],[93.694,26.7315],[93.7035,26.77],[93.7635,26.784],[93.775,26.7925],[93.766,26.837],[93.788,26.885],[93.754,26.8925],[93.7435,26.9585],[93.699,26.992],[93.6765,26.968],[93.585,26.95],[93.469,26.9365],[93.3915,26.9575]]]},"properties":{"shapeName":"Biswanath"}},
{"type":"Feature","geometry":{"type":"Polygon","coordinates":[[[93.0515,26.0855],[93.0495,26.0875],[92.9985,26.121],[92.9445,26.1365],[92.9315,26.145],[92.934,26.1465],[92.9355,26.1505],[92.943,26.201],[92.883,26.2085],[92.802,26.2025],[92.7665,26.178],[92.7535,26.1395],[92.709,26.138],[92.7395,26.0905],[92.731,26.065],[92.729,26.059],[92.7645,26.0305],[92.7635,25.988],[92.77,25.987],[92.7645,25.962],[92.8,25.963],[92.793,25.9365],[92.8485,25.905],[92.871,25.8665],[92.986,25.8755],[93.028,25.8145],[93.0715,25.775],[93.1075,25.7745],[93.15,25.738],[93.144,25.714],[93.144,25.7135],[93.144,25.713],[93.2215,25.7255],[93.2505,25.7865],[93.244,25.837],[93.1865,25.9025],[93.159,25.9905],[93.1185,26.0345],[93.107,26.0705],[93.0515,26.0855]]]},"properties":{"shapeName":"Hojai"}},
{"type":"Feature","geometry":{"type":"Polygon","coordinates":[[[92.165,25.6835],[92.166,25.677],[92.165,25.668],[92.17,25.665],[92.237,25.707],[92.352,25.733],[92.368,25.7395],[92.432,25.73],[92.4345,25.6855],[92.4655,25.6805],[92.498,25.625],[92.5575,25.61],[92.587,25.551],[92.6605,25.581],[92.6665,25.573],[92.6945,25.597],[92.7495,25.6005],[92.8115,25.702],[92.821,25.74],[92.921,25.771],[92.9315,25.803],[93.019,25.796],[93.0715,25.775],[93.028,25.8145],[92.986,25.8755],[92.871,25.8665],[92.8485,25.905],[92.793,25.9365],[92.8,25.963],[92.7645,25.962],[92.77,25.987],[92.7635,25.988],[92.7645,26.0305],[92.729,26.059],[92.716,26.0215],[92.6695,26.028],[92.5925,25.9645],[92.551,25.9705],[92.597,26.069],[92.546,26.105],[92.535,26.096],[92.5295,26.143],[92.47,26.1465],[92.4335,26.1155],[92.425,26.115],[92.405,26.118],[92.407,26.126],[92.4015,26.139],[92.3725,26.131],[92.3025,26.075],[92.2565,26.0275],[92.1665,25.963],[92.1605,25.914],[92.2255,25.9],[92.1805,25.8685],[92.1535,25.8115],[92.165,25.6835]]]},"properties":{"shapeName":"Karbi Anglong West"}},
{"type":"Feature","geometry":{"type":"Polygon","coordinates":[[[90.1785,26.0745],[90.084,26.0475],[90.0225,26.0095],[89.8855,25.9025],[89.863,25.8925],[89.8225,25.822],[89.8395,25.784],[89.833,25.7405],[89.8725,25.663],[89.884,25.617],[89.851,25.477],[89.8785,25.492],[89.87,25.54],[89.8895,25.5585],[90.005,25.5845],[90.0215,25.6085],[89.95,25.659],[89.917,25.7165],[89.9585,25.775],[89.9555,25.811],[90.0115,25.847],[90.0665,25.916],[90.122,25.9615],[90.1765,26.001],[90.1785,26.0745]]]},"properties":{"shapeName":"South Salmara-Mankachar"}},
{"type":"Feature","geometry":{"type":"Polygon","coordinates":[[[76.1465,23.5655],[76.174,23.582],[76.2365,23.5735],[76.2025,23.706],[76.2935,23.6955],[76.408,23.7035],[76.385,23.803],[76.3585,23.8465],[76.2995,23.902],[76.3035,23.9615],[76.258,23.9795],[76.2555,24.0385],[76.206,24.0355],[76.1925,24.0725],[76.239,24.127],[76.2175,24.1465],[76.2195,24.213],[76.1985,24.281],[76.146,24.277],[76.158,24.24],[76.127,24.2015],[76.1385,24.0915],[76.047,24.07],[76.03,24.0465],[75.9635,24.0215],[75.9835,23.9705],[75.979,23.9295],[75.8815,23.881],[75.8565,23.8905],[75.7825,23.851],[75.731,23.8985],[75.7245,23.8235],[75.69,23.816],[75.687,23.757],[75.6925,23.745],[75.7325,23.7545],[75.757,23.7205],[75.849,23.6855],[75.819,23.669],[75.8435,23.6005],[75.8805,23.556],[75.956,23.5505],[75.995,23.57],[76.1115,23.542],[76.1465,23.5655]]]},"properties":{"shapeName":"Agar"}},
{"type":"Feature","geometry":{"type":"Polygon","coordinates":[[[93.014,24.3995],[93.043,24.3155],[93.0125,24.259],[93.028,24.2185],[93.0055,24.1475],[92.966,24.0975],[92.969,24.095],[93.028,24.08],[93.0625,24.091],[93.102,24.04],[93.1495,24.078],[93.168,24.055],[93.2545,24.0285],[93.315,24.042],[93.322,24.0905],[93.4005,24.073],[93.3815,24.1105],[93.4125,24.204],[93.4955,24.277],[93.504,24.358],[93.474,24.3865],[93.39,24.385],[93.356,24.4115],[93.413,24.517],[93.391,24.5715],[93.296,24.5645],[93.2635,24.5155],[93.2,24.504],[93.188,24.519],[93.215,24.6275],[93.2055,24.69],[93.132,24.705],[93.111,24.6655],[93.1105,24.602],[93.129,24.555],[93.059,24.572],[93.0465,24.4725],[93.014,24.3995]]]},"properties":{"shapeName":"Pherzawl"}},
{"type":"Feature","geometry":{"type":"Polygon","coordinates":[[[93.2055,24.69],[93.215,24.6275],[93.188,24.519],[93.2,24.504],[93.2635,24.5155],[93.296,24.5645],[93.391,24.5715],[93.398,24.608],[93.429,24.634],[93.49,24.5925],[93.5685,24.582],[93.708,24.626],[93.699,24.6815],[93.67,24.762],[93.6805,24.7945],[93.641,24.8035],[93.575,24.842],[93.545,24.8105],[93.495,24.8295],[93.438,24.831],[93.361,24.8065],[93.321,24.7065],[93.291,24.6765],[93.246,24.666],[93.2055,24.69]]]},"properties":{"shapeName":"Noney"}},
{"type":"Feature","geometry":{"type":"Polygon","coordinates":[[[94.265,24.098],[94.2725,24.1605],[94.336,24.279],[94.3345,24.328],[94.3635,24.3375],[94.417,24.438],[94.4105,24.4775],[94.3725,24.505],[94.368,24.5455],[94.2745,24.6005],[94.248,24.626],[94.191,24.6295],[94.1295,24.627],[94.1035,24.606],[94.084,24.523],[94.0315,24.5125],[94.04,24.453],[94.008,24.4515],[94.055,24.446],[94.102,24.421],[94.155,24.3575],[94.157,24.2985],[94.1995,24.263],[94.1915,24.1955],[94.2075,24.134],[94.265,24.098]]]},"properties":{"shapeName":"Tengnoupal"}},
{"type":"Feature","geometry":{"type":"Polygon","coordinates":[[[94.1565,24.9605],[94.145,24.9105],[94.1565,24.8805],[94.1535,24.761],[94.1775,24.7105],[94.191,24.6295],[94.248,24.626],[94.2745,24.6005],[94.368,24.5455],[94.3725,24.505],[94.4105,24.4775],[94.4325,24.481],[94.476,24.573],[94.5255,24.596],[94.5565,24.6475],[94.5585,24.7125],[94.6135,24.7085],[94.638,24.7545],[94.645,24.848],[94.695,24.894],[94.711,24.996],[94.7495,25.0525],[94.7405,25.139],[94.7115,25.15],[94.733,25.1035],[94.615,25.093],[94.5905,25.0835],[94.5075,25.0155],[94.407,24.994],[94.3305,24.991],[94.2615,24.948],[94.176,24.931],[94.1565,24.9605]]]},"properties":{"shapeName":"Kamjong"}},
{"type":"Feature","geometry":{"type":"Polygon","coordinates":[[[93.92,25.3895],[93.965,25.383],[94.001,25.3415],[93.98,25.293],[94.02,25.2535],[94.043,25.176],[94.0905,25.159],[94.19,25.174],[94.231,25.2215],[94.2965,25.2505],[94.3685,25.35],[94.371,25.399],[94.4745,25.5715],[94.4855,25.5995],[94.4235,25.582],[94.4055,25.538],[94.3235,25.509],[94.2085,25.502],[94.1955,25.55],[94.153,25.5435],[94.025,25.5645],[93.939,25.5505],[93.8505,25.554],[93.814,25.529],[93.8105,25.4625],[93.871,25.4115],[93.92,25.3895]]]},"properties":{"shapeName":"Senapati"}},
{"type":"Feature","geometry":{"type":"Polygon","coordinates":[[[94.008,24.4515],[94.04,24.453],[94.0315,24.5125],[93.9085,24.562],[93.875,24.548],[93.884,24.4725],[93.86,24.4515],[93.8445,24.4025],[93.862,24.3155],[93.8715,24.289],[93.895,24.298],[93.901,24.3505],[93.926,24.408],[93.9855,24.469],[94.008,24.4515]]]},"properties":{"shapeName":"Kakching"}},
{"type":"Feature","geometry":{"type":"Polygon","coordinates":[[[93.059,24.572],[93.129,24.555],[93.1105,24.602],[93.111,24.6655],[93.132,24.705],[93.163,24.7735],[93.2135,24.786],[93.2355,24.834],[93.2125,24.8585],[93.191,24.803],[93.111,24.799],[93.087,24.706],[93.103,24.6725],[93.085,24.6085],[93.059,24.572]]]},"properties":{"shapeName":"Jiribam"}},
{"type":"Feature","geometry":{"type":"Polygon","coordinates":[[[76.967,28.6975],[77.0955,28.6835],[77.1805,28.6635],[77.194,28.6875],[77.145,28.6955],[76.9625,28.816],[76.951,28.818],[76.9445,28.754],[76.967,28.6975]]]},"properties":{"shapeName":"North West"}},
{"type":"Feature","geometry":{"type":"Polygon","coordinates":[[[77.1195,28.489],[77.167,28.504],[77.185,28.5525],[77.191,28.5815],[77.249,28.6125],[77.236,28.636],[77.174,28.6335],[77.1445,28.6405],[77.0955,28.61],[77.058,28.553],[77.093,28.514],[77.1195,28.489]]]},"properties":{"shapeName":"New Delhi"}},
{"type":"Feature","geometry":{"type":"Polygon","coordinates":[[[77.324,28.676],[77.2445,28.662],[77.254,28.6135],[77.299,28.5755],[77.3415,28.6055],[77.3305,28.631],[77.324,28.676]]]},"properties":{"shapeName":"East"}},
{"type":"Feature","geometry":{"type":"Polygon","coordinates":[[[77.093,28.514],[77.058,28.553],[77.0955,28.61],[77.059,28.6015],[76.9545,28.6615],[76.8855,28.6275],[76.8455,28.5505],[76.886,28.501],[76.9545,28.505],[77.007,28.5415],[77.093,28.514]]]},"properties":{"shapeName":"South West"}},
{"type":"Feature","geometry":{"type":"Polygon","coordinates":[[[76.9545,28.6615],[77.059,28.6015],[77.0955,28.61],[77.1445,28.6405],[77.174,28.6335],[77.1805,28.6635],[77.0955,28.6835],[76.967,28.6975],[76.9545,28.6615]]]},"properties":{"shapeName":"West"}},
{"type":"Feature","geometry":{"type":"Polygon","coordinates":[[[77.175,28.4045],[77.25,28.424],[77.2395,28.4675],[77.265,28.485],[77.228,28.554],[77.185,28.5525],[77.167,28.504],[77.1195,28.489],[77.129,28.441],[77.175,28.4045]]]},"properties":{"shapeName":"South"}},
{"type":"Feature","geometry":{"type":"Polygon","coordinates":[[[76.9625,28.816],[77.145,28.6955],[77.194,28.6875],[77.1845,28.786],[77.2075,28.7885],[77.2205,28.83],[77.2075,28.857],[77.121,28.858],[77.061,28.871],[77.04,28.832],[76.9945,28.84],[76.9625,28.816]]]},"properties":{"shapeName":"North "}},
{"type":"Feature","geometry":{"type":"Polygon","coordinates":[[[77.2075,28.7885],[77.2255,28.747],[77.2325,28.6735],[77.296,28.7045],[77.291,28.722],[77.2075,28.7885]]]},"properties":{"shapeName":"North East"}},
{"type":"Feature","geometry":{"type":"Polygon","coordinates":[[[77.3435,28.5145],[77.299,28.5755],[77.254,28.6135],[77.249,28.6125],[77.191,28.5815],[77.185,28.5525],[77.228,28.554],[77.265,28.485],[77.3265,28.4895],[77.3435,28.5145]]]},"properties":{"shapeName":"South East"}},
{"type":"Feature","geometry":{"type":"Polygon","coordinates":[[[77.2075,28.7885],[77.1845,28.786],[77.194,28.6875],[77.1805,28.6635],[77.174,28.6335],[77.236,28.636],[77.249,28.6125],[77.254,28.6135],[77.2445,28.662],[77.2325,28.6735],[77.2255,28.747],[77.2075,28.7885]]]},"properties":{"shapeName":"Central"}},
{"type":"Feature","geometry":{"type":"Polygon","coordinates":[[[77.296,28.7045],[77.2325,28.6735],[77.2445,28.662],[77.324,28.676],[77.296,28.7045]]]},"properties":{"shapeName":"Shahdara"}},
{"type":"Feature","geometry":{"type":"Polygon","coordinates":[[[89.858,26.4285],[89.8665,26.578],[89.8815,26.613],[89.876,26.6835],[89.8615,26.704],[89.812,26.715],[89.7815,26.6995],[89.708,26.737],[89.6475,26.7475],[89.642,26.783],[89.5335,26.819],[89.4645,26.8065],[89.4545,26.834],[89.3945,26.842],[89.3825,26.8665],[89.3215,26.853],[89.26,26.8165],[89.1345,26.809],[89.117,26.825],[89.0895,26.771],[89.0465,26.6525],[89.1275,26.522],[89.1865,26.5],[89.3095,26.483],[89.3605,26.4955],[89.3935,26.465],[89.4585,26.49],[89.531,26.4775],[89.5545,26.4255],[89.6255,26.4165],[89.6795,26.435],[89.6995,26.421],[89.7665,26.464],[89.833,26.4585],[89.8375,26.4125],[89.858,26.4285]]]},"properties":{"shapeName":"Alipurduar"}},
{"type":"Feature","geometry":{"type":"Polygon","coordinates":[[[86.7275,22.22],[86.72,22.148],[86.795,22.1585],[86.8105,22.119],[86.8525,22.103],[86.9615,22.088],[87.022,22.046],[87.0385,21.994],[87.002,21.9125],[87.0345,21.8705],[87.099,21.8655],[87.0975,21.913],[87.164,21.939],[87.1645,21.9675],[87.2295,21.9615],[87.2295,21.962],[87.2005,22.0365],[87.1515,22.0815],[87.1375,22.13],[87.181,22.1925],[87.1755,22.2385],[87.224,22.2345],[87.204,22.2985],[87.1665,22.3365],[87.177,22.3955],[87.1055,22.429],[87.115,22.464],[87.0795,22.4795],[87.111,22.5415],[87.0895,22.5895],[87.0915,22.6355],[87.1265,22.6745],[87.077,22.7285],[87.0375,22.7195],[87.0205,22.668],[86.9505,22.67],[86.9265,22.627],[86.774,22.7265],[86.717,22.746],[86.6595,22.788],[86.612,22.7995],[86.56,22.7115],[86.641,22.6595],[86.639,22.601],[86.6565,22.5795],[86.7605,22.578],[86.803,22.503],[86.75,22.4745],[86.7685,22.427],[86.8435,22.4055],[86.8335,22.329],[86.89,22.3],[86.89,22.2565],[86.825,22.265],[86.8045,22.218],[86.7275,22.22]]]},"properties":{"shapeName":"Jhargram"}},
{"type":"Feature","geometry":{"type":"Polygon","coordinates":[[[86.7995,23.833],[86.825,23.7635],[86.8005,23.696],[86.8495,23.679],[86.899,23.6405],[86.916,23.63],[87.017,23.6345],[87.1245,23.576],[87.214,23.556],[87.2545,23.5165],[87.3775,23.44],[87.448,23.4045],[87.4825,23.451],[87.469,23.4845],[87.479,23.5335],[87.5425,23.6075],[87.4555,23.6095],[87.414,23.6595],[87.4025,23.695],[87.3605,23.7165],[87.2975,23.722],[87.2655,23.75],[87.223,23.738],[87.153,23.7465],[87.0895,23.8075],[87.0395,23.839],[86.968,23.867],[86.948,23.845],[86.9015,23.8815],[86.851,23.8235],[86.7995,23.833]]]},"properties":{"shapeName":"Paschim Barddhaman"}},
{"type":"Feature","geometry":{"type":"Polygon","coordinates":[[[88.438,27.0815],[88.42,27.063],[88.423,26.962],[88.4755,26.9145],[88.484,26.8755],[88.5135,26.862],[88.5765,26.8885],[88.61,26.879],[88.6685,26.9265],[88.767,26.9245],[88.763,26.964],[88.8175,26.99],[88.878,26.9645],[88.8845,27.041],[88.876,27.1085],[88.758,27.148],[88.724,27.144],[88.6905,27.18],[88.666,27.162],[88.598,27.1945],[88.5275,27.178],[88.5385,27.154],[88.438,27.0815]]]},"properties":{"shapeName":"Kalimpong"}},
{"type":"Feature","geometry":{"type":"Polygon","coordinates":[[[77.4765,16.7955],[77.4765,16.7915],[77.44,16.782],[77.4315,16.723],[77.4735,16.7135],[77.47,16.683],[77.4215,16.6675],[77.4605,16.625],[77.469,16.589],[77.426,16.57],[77.42,16.5235],[77.371,16.489],[77.2395,16.473],[77.2895,16.408],[77.4165,16.368],[77.4865,16.383],[77.5955,16.341],[77.627,16.34],[77.6655,16.3665],[77.6715,16.3995],[77.7075,16.447],[77.743,16.4065],[77.759,16.5265],[77.7445,16.5705],[77.783,16.5865],[77.799,16.6185],[77.7665,16.6685],[77.7415,16.74],[77.6915,16.7555],[77.6865,16.7945],[77.737,16.7795],[77.734,16.8795],[77.7405,16.938],[77.762,16.9775],[77.749,17.0245],[77.679,17.033],[77.643,17.001],[77.6275,16.919],[77.5765,16.894],[77.517,16.9415],[77.4685,16.932],[77.457,16.886],[77.4765,16.7955]]]},"properties":{"shapeName":"Narayanpet"}},
{"type":"Feature","geometry":{"type":"Polygon","coordinates":[[[80.3445,18.596],[80.2695,18.5885],[80.2295,18.5525],[80.227,18.428],[80.219,18.39],[80.1745,18.3485],[80.147,18.3735],[80.0925,18.3695],[80.06,18.401],[79.9605,18.383],[79.9085,18.3975],[79.878,18.364],[79.932,18.3255],[79.93,18.301],[79.8745,18.295],[79.845,18.238],[79.8315,18.1825],[79.8415,18.1435],[79.825,18.091],[79.959,18.0765],[79.973,18.1085],[80.0195,18.112],[80.1105,18.0785],[80.132,18.087],[80.2085,18.021],[80.3315,18.0055],[80.3955,18.0825],[80.457,18.068],[80.5005,18.14],[80.5315,18.105],[80.5985,18.083],[80.6205,18.114],[80.688,18.155],[80.5385,18.262],[80.505,18.267],[80.47,18.325],[80.4655,18.448],[80.3815,18.4745],[80.3765,18.5285],[80.4035,18.568],[80.3935,18.592],[80.365,18.6035],[80.3445,18.596]]]},"properties":{"shapeName":"Mulugu"}},
{"type":"Feature","geometry":{"type":"Polygon","coordinates":[[[78.8865,25.155],[78.8725,25.1845],[78.9195,25.2715],[78.9575,25.28],[78.9595,25.3135],[78.9235,25.3395],[78.8675,25.3095],[78.8825,25.283],[78.8525,25.2255],[78.789,25.2935],[78.8235,25.309],[78.8825,25.3835],[78.97,25.402],[78.91,25.4425],[78.946,25.48],[78.9355,25.552],[78.8845,25.5515],[78.8865,25.513],[78.8495,25.511],[78.8685,25.463],[78.8375,25.452],[78.7975,25.4785],[78.734,25.4555],[78.773,25.425],[78.749,25.3915],[78.7765,25.3505],[78.726,25.341],[78.6625,25.3815],[78.708,25.421],[78.661,25.438],[78.6065,25.411],[78.58,25.341],[78.5435,25.3425],[78.5285,25.283],[78.576,25.253],[78.5585,25.212],[78.6035,25.152],[78.6045,25.093],[78.647,25.0615],[78.7335,25.0895],[78.796,25.0735],[78.8285,25.0865],[78.8865,25.155]]]},"properties":{"shapeName":"Niwari"}},
{"type":"Feature","geometry":{"type":"Polygon","coordinates":[[[92.786,27.191],[92.748,27.2085],[92.6095,27.1475],[92.592,27.1],[92.6525,27.0235],[92.7705,27.0315],[92.874,27.006],[92.919,26.9625],[93.0205,26.915],[93.0625,26.9195],[93.268,26.9535],[93.3915,26.9575],[93.4285,26.9915],[93.38,27.082],[93.31,27.1285],[93.252,27.1375],[93.2475,27.159],[93.342,27.199],[93.2995,27.2345],[93.2455,27.222],[93.2455,27.272],[93.308,27.312],[93.3015,27.347],[93.2465,27.3585],[93.2135,27.3835],[93.1455,27.3605],[93.1225,27.298],[93.0465,27.2915],[93.0235,27.262],[92.985,27.257],[92.9765,27.2235],[93.0415,27.1895],[92.9995,27.159],[92.945,27.1655],[92.902,27.1335],[92.8445,27.1405],[92.786,27.191]]]},"properties":{"shapeName":"Pakke Kessang"}},
{"type":"Feature","geometry":{"type":"Polygon","coordinates":[[[93.9725,27.9735],[93.94,27.953],[93.9155,27.887],[93.961,27.8715],[93.918,27.822],[93.8725,27.804],[93.917,27.7905],[93.918,27.7355],[93.901,27.7095],[93.9085,27.6115],[93.937,27.591],[93.984,27.5995],[93.985,27.5635],[94.019,27.527],[93.962,27.489],[94.0885,27.483],[94.1305,27.5145],[94.2065,27.5305],[94.211,27.495],[94.266,27.5085],[94.2575,27.5545],[94.2185,27.606],[94.2685,27.695],[94.3275,27.73],[94.311,27.778],[94.26,27.789],[94.2385,27.8295],[94.164,27.865],[94.1525,27.885],[94.077,27.8655],[94.061,27.883],[94.0475,27.9645],[93.9725,27.9735]]]},"properties":{"shapeName":"Kamle"}},
{"type":"Feature","geometry":{"type":"Polygon","coordinates":[[[94.7525,28.5505],[94.735,28.642],[94.7485,28.7],[94.7285,28.731],[94.687,28.7405],[94.6185,28.802],[94.571,28.829],[94.525,28.8285],[94.44,28.8855],[94.3735,28.888],[94.3535,28.925],[94.374,28.957],[94.268,29.0165],[94.182,29.011],[94.138,28.913],[93.983,28.832],[93.966,28.7035],[93.9315,28.664],[93.998,28.5735],[94.107,28.517],[94.1025,28.4805],[94.1535,28.436],[94.2265,28.4295],[94.239,28.4495],[94.3225,28.4105],[94.327,28.366],[94.4055,28.3355],[94.474,28.4185],[94.539,28.464],[94.666,28.51],[94.7525,28.5505]]]},"properties":{"shapeName":"Shi Yomi"}},
{"type":"Feature","geometry":{"type":"Polygon","coordinates":[[[94.4875,28.009],[94.5495,27.915],[94.589,27.893],[94.6695,27.905],[94.732,27.865],[94.7625,27.8045],[94.7835,27.8],[94.886,27.8455],[94.891,27.8475],[94.8945,27.8485],[94.8955,27.849],[94.9095,27.855],[94.8745,27.9415],[94.8995,27.968],[94.8845,27.998],[94.9345,28.052],[94.9195,28.061],[94.827,28.0245],[94.7635,28.0525],[94.718,28.0575],[94.6485,28.1],[94.548,28.075],[94.4875,28.009]]]},"properties":{"shapeName":"Leparada"}},
{"type":"Feature","geometry":{"type":"Polygon","coordinates":[[[94.8945,27.8485],[94.891,27.8475],[94.886,27.8455],[94.7835,27.8],[94.7625,27.8045],[94.732,27.865],[94.6695,27.905],[94.589,27.893],[94.547,27.8665],[94.4445,27.839],[94.311,27.778],[94.3275,27.73],[94.2685,27.695],[94.2185,27.606],[94.236,27.6295],[94.2895,27.5915],[94.3685,27.5735],[94.4215,27.598],[94.454,27.5675],[94.501,27.574],[94.587,27.6165],[94.6405,27.6275],[94.6845,27.6595],[94.743,27.6595],[94.861,27.7295],[94.8945,27.8485]]]},"properties":{"shapeName":"Lower Siang"}},
{"type":"Feature","geometry":{"type":"Polygon","coordinates":[[[92.91,22.791],[92.9825,22.761],[93.002,22.779],[93.0475,22.7625],[93.087,22.7905],[93.141,22.9305],[93.1185,23.0025],[93.0255,23.068],[92.941,23.1105],[92.94,23.1485],[92.901,23.1865],[92.86,23.165],[92.8635,23.0995],[92.8855,23.035],[92.89,22.956],[92.869,22.925],[92.8715,22.8615],[92.91,22.791]]]},"properties":{"shapeName":"Hnahthial"}},
{"type":"Feature","geometry":{"type":"Polygon","coordinates":[[[93.3565,23.926],[93.315,24.042],[93.2545,24.0285],[93.168,24.055],[93.1495,24.078],[93.102,24.04],[93.0625,24.091],[93.028,24.08],[92.969,24.095],[92.967,24.0965],[92.989,24.027],[92.9695,23.873],[92.9945,23.843],[92.9855,23.81],[93.0135,23.7435],[93.0115,23.6745],[93.068,23.6785],[93.099,23.642],[93.154,23.661],[93.1475,23.765],[93.181,23.763],[93.1945,23.726],[93.2465,23.7295],[93.3135,23.8015],[93.3445,23.849],[93.3345,23.899],[93.3565,23.926]]]},"properties":{"shapeName":"Saitual"}},
{"type":"Feature","geometry":{"type":"Polygon","coordinates":[[[93.357,23.3155],[93.383,23.4215],[93.305,23.4205],[93.2665,23.483],[93.263,23.6795],[93.2465,23.7295],[93.1945,23.726],[93.181,23.763],[93.1475,23.765],[93.154,23.661],[93.099,23.642],[93.068,23.6785],[93.0115,23.6745],[93.0115,23.4855],[93.0375,23.372],[93.031,23.341],[93.029,23.315],[93.1235,23.3225],[93.2555,23.3845],[93.2655,23.337],[93.317,23.3415],[93.357,23.3155]]]},"properties":{"shapeName":"Khawzawl"}},
{"type":"Feature","geometry":{"type":"Polygon","coordinates":[[[78.4095,12.6255],[78.421,12.569],[78.4215,12.4755],[78.4515,12.4505],[78.437,12.3975],[78.4905,12.3875],[78.5165,12.4055],[78.5705,12.3865],[78.6175,12.3385],[78.6075,12.264],[78.6525,12.259],[78.7105,12.302],[78.7365,12.378],[78.771,12.425],[78.778,12.477],[78.8075,12.5085],[78.8595,12.6275],[78.8165,12.634],[78.773,12.681],[78.8405,12.7125],[78.852,12.7655],[78.908,12.7775],[78.893,12.8255],[78.8975,12.864],[78.9255,12.916],[78.784,12.8525],[78.736,12.818],[78.6625,12.7225],[78.615,12.743],[78.595,12.787],[78.5945,12.785],[78.594,12.7825],[78.558,12.7405],[78.5645,12.709],[78.47,12.674],[78.472,12.629],[78.4095,12.6255]]]},"properties":{"shapeName":"Tirupathur"}},
{"type":"Feature","geometry":{"type":"Polygon","coordinates":[[[79.187,13.0375],[79.2285,13.0125],[79.2645,13.0145],[79.2715,12.9615],[79.215,12.9565],[79.181,12.9185],[79.1925,12.893],[79.1835,12.8195],[79.2095,12.784],[79.21,12.785],[79.2555,12.823],[79.324,12.7435],[79.383,12.709],[79.3555,12.6455],[79.3845,12.6285],[79.4515,12.671],[79.467,12.7155],[79.457,12.756],[79.477,12.777],[79.46,12.8465],[79.4905,12.8735],[79.561,12.8505],[79.5735,12.9005],[79.662,12.931],[79.6615,12.9495],[79.735,12.986],[79.786,13.023],[79.749,13.0515],[79.7325,13.0965],[79.736,13.1655],[79.6555,13.2095],[79.6365,13.1485],[79.57,13.135],[79.483,13.139],[79.4535,13.0935],[79.4245,13.1455],[79.383,13.08],[79.3475,13.0615],[79.302,13.0905],[79.2865,13.134],[79.239,13.1475],[79.227,13.11],[79.182,13.066],[79.187,13.0375]]]},"properties":{"shapeName":"Ranipet"}},
{"type":"Feature","geometry":{"type":"Polygon","coordinates":[[[79.7475,12.531],[79.798,12.564],[79.8135,12.612],[79.9265,12.6385],[79.9175,12.692],[79.9485,12.702],[79.9155,12.7455],[79.9065,12.793],[79.953,12.7855],[80.052,12.8335],[80.055,12.8795],[80.1225,12.9835],[80.18,12.999],[80.1975,13.0285],[80.19,13.0265],[80.1305,13.0525],[80.081,13.03],[80.034,13.052],[79.944,13.008],[79.896,12.9475],[79.8255,12.9645],[79.821,13.0015],[79.786,13.023],[79.735,12.986],[79.6615,12.9495],[79.662,12.931],[79.5735,12.9005],[79.561,12.8505],[79.6405,12.8175],[79.65,12.7745],[79.6885,12.7855],[79.747,12.744],[79.739,12.6895],[79.649,12.669],[79.634,12.632],[79.671,12.5935],[79.724,12.5895],[79.7175,12.55],[79.7475,12.531]]]},"properties":{"shapeName":"Chengalputtu"}},
{"type":"Feature","geometry":{"type":"Polygon","coordinates":[[[78.719,11.9805],[78.706,11.935],[78.725,11.9165],[78.637,11.885],[78.6275,11.8645],[78.695,11.8465],[78.691,11.8],[78.6415,11.761],[78.6515,11.6645],[78.7615,11.6905],[78.805,11.686],[78.78,11.605],[78.8265,11.5795],[78.817,11.5455],[78.8455,11.521],[78.8765,11.506],[78.9055,11.5035],[78.922,11.557],[78.9625,11.572],[79.0055,11.567],[79.0555,11.587],[79.093,11.626],[79.118,11.5995],[79.1855,11.5875],[79.2115,11.6355],[79.2585,11.651],[79.2975,11.6355],[79.3835,11.68],[79.4455,11.665],[79.4365,11.7225],[79.4665,11.768],[79.441,11.7835],[79.3695,11.815],[79.3015,11.8275],[79.2375,11.8565],[79.2765,11.8755],[79.2865,11.942],[79.2135,11.9755],[79.1355,11.97],[79.117,11.9995],[79.0755,12.0045],[78.995,12.052],[78.961,12.068],[78.923,12.0235],[78.892,12.035],[78.8295,12.0145],[78.761,12.0105],[78.719,11.9805]]]},"properties":{"shapeName":"Kallakurichi"}},
{"type":"Feature","geometry":{"type":"Polygon","coordinates":[[[79.855,10.985],[79.857,11.165],[79.8375,11.302],[79.8375,11.353],[79.8135,11.419],[79.8055,11.3835],[79.759,11.373],[79.644,11.284],[79.5995,11.2185],[79.5255,11.183],[79.5745,11.146],[79.516,11.041],[79.543,10.9975],[79.5155,10.969],[79.5535,10.966],[79.6315,10.9865],[79.643,11.009],[79.6915,11.017],[79.735,10.996],[79.764,11.0025],[79.8015,10.9885],[79.855,10.985]]]},"properties":{"shapeName":"Mayiladuthurai"}},
{"type":"Feature","geometry":{"type":"Polygon","coordinates":[[[77.209,9.072],[77.15,9.0215],[77.1985,8.957],[77.2245,8.903],[77.2585,8.878],[77.3025,8.884],[77.3245,8.831],[77.306,8.793],[77.3865,8.7445],[77.4275,8.761],[77.447,8.7435],[77.4815,8.87],[77.5465,8.8395],[77.59,8.8305],[77.598,8.873],[77.5655,8.88],[77.64,8.9615],[77.7025,8.927],[77.7245,9.0015],[77.6955,9.0325],[77.71,9.072],[77.6795,9.106],[77.708,9.1875],[77.739,9.21],[77.7435,9.2675],[77.713,9.291],[77.626,9.293],[77.5925,9.345],[77.512,9.335],[77.477,9.3415],[77.431,9.401],[77.39,9.393],[77.341,9.4185],[77.338,9.3615],[77.284,9.301],[77.285,9.2725],[77.268,9.2005],[77.2695,9.153],[77.2135,9.0985],[77.209,9.072]]]},"properties":{"shapeName":"Tenkasi"}},
{"type":"Feature","geometry":{"type":"Polygon","coordinates":[[[81.733,22.6725],[81.7545,22.593],[81.783,22.598],[81.837,22.576],[81.869,22.6125],[81.9545,22.617],[81.997,22.5815],[82.0865,22.5735],[82.085,22.6055],[82.136,22.6045],[82.1565,22.5425],[82.2095,22.596],[82.2355,22.5925],[82.244,22.656],[82.178,22.666],[82.1545,22.7395],[82.1595,22.8505],[82.224,22.941],[82.18,22.971],[82.178,23.041],[82.1235,23.1035],[82.0765,23.1145],[82.029,23.069],[81.96,23.0725],[81.923,23.0385],[81.946,23.0005],[81.949,22.958],[81.9215,22.948],[81.864,22.888],[81.777,22.8735],[81.769,22.833],[81.796,22.7645],[81.754,22.7265],[81.774,22.666],[81.733,22.6725]]]},"properties":{"shapeName":"Gaurella Pendra Marwahi"}}
]}